placa,ano,cor,modelo,marca,valor
XXL9201,1998,AMARELO,off road,vw,179676.35
RXW9022,1994,BRANCO,standart,cherry,110386.12
MRS1006,2013,VERMELHO,luxo,gm,243210.59
MEA3243,2016,AZUL,off road,vw,141577.42
ZPM3954,2000,VERMELHO,luxo,gwm,198866.62
ERF3163,2015,AMARELO,luxo,gwm,141979.33
JLZ8694,2002,VERMELHO,off road,vw,174639.30
OFV2758,1999,PRETO,luxo,gwm,140025.66
GQX3739,2001,VERDE,standart,fiat,106746.35
OBP2576,2018,VERDE,luxo,vw,216055.15
NUO4835,2021,PRETO,luxo,ford,209428.44
XGR2651,2002,VERDE,off road,gm,201605.33
CRG6728,2011,AZUL,off road,gm,165347.37
XGK2420,2025,VERMELHO,luxo,ford,251371.64
QLF5115,2023,BRANCO,standart,cherry,148302.32
EMH9168,2004,VERMELHO,luxo,cherry,218920.50
AYK6280,2015,PRETO,off road,gwm,149807.58
JFT4240,2021,AMARELO,off road,gwm,140450.73
KOK5654,1992,LARANJA,standart,gm,85304.90
HJW2593,1991,AMARELO,luxo,fiat,124009.25
BKM9931,2002,AMARELO,standart,gwm,146348.93
HGL9583,2012,BRANCO,off road,gm,119319.42
NBO2556,1995,VERMELHO,off road,ford,206040.25
DMR9768,1991,VERMELHO,standart,ford,108498.49
ICL4435,2012,VERDE,luxo,vw,226482.94
VBT4974,2012,VERMELHO,off road,gm,198707.90
EYS4553,2018,LARANJA,standart,vw,103800.54
NMJ5524,2018,VERMELHO,luxo,cherry,207027.01
ZSS4212,2016,AMARELO,off road,ford,121452.46
VZM0635,2019,BRANCO,standart,gm,107078.12
PTZ7323,1999,PRETO,off road,vw,145155.88
QUO8037,2021,AMARELO,off road,cherry,145084.96
NPX5493,1994,PRETO,luxo,gm,133676.27
KXN3318,2000,VERDE,standart,fiat,117771.94
CXB9409,2003,PRETO,off road,fiat,115112.88
ZCI8556,2017,AMARELO,standart,gm,142703.06
OHE0910,2012,BRANCO,luxo,fiat,201139.04
CBP1668,2008,PRETO,standart,gwm,105226.96
ZAQ2747,1994,PRETO,standart,cherry,111916.61
DQW8669,2002,PRETO,luxo,ford,123774.01
WXK6186,2021,LARANJA,off road,vw,135645.67
ILR3049,2002,LARANJA,luxo,gm,195785.96
GUJ1662,2012,PRETO,standart,cherry,113086.14
ZNV8958,2017,AZUL,standart,ford,86798.44
ABQ0100,2012,VERDE,luxo,gm,167651.89
HUK1131,2008,VERDE,standart,gm,104279.00
VLI2878,1993,AMARELO,luxo,vw,186869.69
OHX1959,1991,VERDE,standart,fiat,133572.10
JNL2635,1990,VERMELHO,standart,gwm,96318.87
ZBQ4308,1997,LARANJA,off road,cherry,108229.65
WHF1635,2010,VERMELHO,standart,ford,85064.30
IVY5313,2007,BRANCO,off road,cherry,142088.74
IXU5936,1991,VERMELHO,luxo,cherry,232016.16
MUM5886,2009,VERMELHO,off road,vw,122294.18
CXC4487,2006,LARANJA,off road,fiat,135755.47
PBK2905,2024,PRETO,off road,fiat,140855.59
WKC8100,2000,LARANJA,standart,ford,72363.56
EGF1158,2014,BRANCO,off road,vw,115160.08
SQL4804,2013,PRETO,off road,fiat,165020.91
BVI8364,2000,AMARELO,off road,fiat,150856.04
KGZ8012,1995,VERMELHO,standart,vw,118036.53
GLX7467,1998,PRETO,standart,gm,82882.72
OGV8776,2015,AZUL,standart,vw,146113.80
LJG6426,1993,LARANJA,off road,ford,157695.81
HWP7967,2001,PRETO,standart,cherry,133583.32
UXH6429,1990,BRANCO,luxo,vw,211638.93
HVY4386,2021,VERDE,luxo,vw,246721.01
GYU7588,1995,LARANJA,luxo,ford,169778.63
DRF4340,1994,AZUL,off road,cherry,184092.50
YHP2416,1992,LARANJA,standart,vw,140309.23
OEI1859,2002,AZUL,standart,cherry,102452.16
TVB4768,2024,VERDE,standart,vw,120754.44
BCC2230,2012,VERMELHO,standart,vw,136503.27
WZA5912,2021,VERDE,off road,gm,163398.22
IPM9232,2024,LARANJA,off road,gwm,147754.39
KRY2209,2022,LARANJA,luxo,fiat,187986.65
TRR4593,2021,PRETO,standart,ford,75899.91
JBL6653,2012,PRETO,luxo,vw,140211.19
ZJF8444,2012,BRANCO,standart,ford,77298.42
ZSS1138,1992,PRETO,standart,cherry,111069.44
NDQ6740,2023,LARANJA,standart,gm,144628.49
WHQ5414,2000,PRETO,standart,fiat,129763.93
OQQ5952,2009,AZUL,off road,vw,199740.16
QTZ0842,1992,VERDE,off road,gwm,118185.84
MZM4702,1995,VERDE,luxo,fiat,202683.83
PNR3919,2009,LARANJA,luxo,gm,242330.98
NYO6629,2025,LARANJA,off road,cherry,208122.68
TSU8406,1990,VERDE,off road,gm,104229.16
PFL0819,2006,AMARELO,off road,vw,205710.40
KYY5492,2015,LARANJA,off road,gm,151894.73
XDV5958,2001,PRETO,standart,gm,73695.79
LSZ0307,2007,LARANJA,luxo,gwm,139468.38
KKC5846,1997,VERMELHO,luxo,gwm,154864.11
PHV3173,2017,LARANJA,standart,ford,93240.26
HTX5616,2012,AZUL,luxo,gwm,167087.99
EFB5218,2007,LARANJA,luxo,ford,197450.85
TEL1390,2018,BRANCO,off road,gm,183619.28
CIF4754,1995,AZUL,luxo,ford,138291.67
FRA9250,2020,AMARELO,off road,gm,178275.77
IBS0469,2007,LARANJA,luxo,vw,235233.86
JBB4643,2015,VERDE,off road,fiat,105638.98
JBX1950,2004,BRANCO,off road,vw,134703.53
LEW2559,2024,LARANJA,luxo,ford,196581.92
XWP1823,2007,PRETO,off road,gm,109430.05
CBQ4239,2014,VERMELHO,luxo,fiat,182171.15
FFI9166,2001,VERDE,luxo,cherry,240515.36
WJG2873,2016,VERMELHO,standart,cherry,91413.94
MIN7557,2016,PRETO,luxo,vw,131558.73
OBX5647,2019,AZUL,standart,gwm,88497.57
HBM7912,2019,LARANJA,off road,ford,167186.46
BNL9206,2000,VERMELHO,standart,cherry,139028.67
IFR9760,1995,VERDE,luxo,ford,250134.57
JDY0609,2016,VERMELHO,off road,cherry,134052.22
HLW9142,2003,VERMELHO,standart,cherry,137267.94
FWA1196,2008,PRETO,off road,fiat,154279.90
IKT2778,1999,AMARELO,luxo,gm,146728.22
QAT9237,1997,VERMELHO,luxo,fiat,182170.77
DQD9330,2001,LARANJA,off road,ford,98241.27
HNU5558,2016,AMARELO,luxo,vw,143384.19
ZGS9823,2018,AZUL,standart,vw,100580.13
BIU6846,2007,VERDE,off road,gwm,165486.59
DBT9225,1997,PRETO,standart,gwm,149973.93
UYG5198,2021,AZUL,off road,vw,100830.11
ZNV1323,2009,VERDE,luxo,cherry,122548.06
GUH2416,1997,VERMELHO,off road,gwm,186915.30
ILU2058,2016,VERDE,off road,gwm,128618.72
KVG7635,2010,VERMELHO,luxo,gwm,189630.50
RER7503,2002,LARANJA,off road,gm,201975.65
OUQ1970,2013,BRANCO,off road,ford,114551.74
MRV5701,2012,VERDE,luxo,gwm,231871.74
JFA6914,2016,VERDE,off road,gm,206230.72
WLV5102,2001,LARANJA,standart,cherry,82905.08
ONV2970,2019,BRANCO,off road,cherry,112463.94
MYX3806,2016,AZUL,off road,gwm,128869.26
YHB8382,2018,PRETO,standart,gm,99369.15
AAG7834,2020,BRANCO,luxo,ford,125134.35
ESI4341,2002,BRANCO,off road,fiat,163605.21
ORC7850,1991,LARANJA,standart,ford,94316.31
LPL3433,2001,AMARELO,luxo,gm,165684.98
YUZ5081,2017,VERMELHO,luxo,vw,165918.22
WFW4446,2017,AZUL,luxo,gwm,141434.89
FKA4158,2001,BRANCO,luxo,fiat,254433.93
OII3210,2004,LARANJA,off road,ford,109817.22
IYJ8899,1999,BRANCO,luxo,gm,122024.86
XHU0483,2003,PRETO,luxo,fiat,170188.65
HKK9172,2002,AMARELO,standart,gwm,128570.18
OZI6823,2008,PRETO,off road,gwm,160788.33
GEZ8499,2008,VERMELHO,luxo,vw,247756.72
JCC1382,2014,AZUL,standart,cherry,104391.03
HZY4839,1997,PRETO,off road,gwm,153157.82
KIP3866,2016,VERMELHO,luxo,gwm,192457.53
MKD3844,2020,LARANJA,luxo,gm,131702.58
TXD4583,1999,BRANCO,off road,fiat,112648.38
KTS1540,2005,PRETO,standart,ford,135521.22
FAX6862,1994,LARANJA,off road,fiat,187898.75
FSL0291,2016,LARANJA,luxo,ford,240081.00
YTO1500,2007,PRETO,off road,cherry,159525.56
GTR5800,1990,LARANJA,luxo,cherry,222294.32
KKN6769,2016,VERMELHO,standart,gm,142941.71
VUZ6385,1999,AZUL,off road,cherry,161051.43
RAH9771,1996,BRANCO,luxo,cherry,240988.96
REJ7590,2013,AMARELO,off road,cherry,173298.64
CBQ0321,1996,LARANJA,off road,cherry,134177.06
VTY0543,2004,AMARELO,standart,cherry,112184.21
JGF1531,2001,LARANJA,luxo,fiat,124333.32
NKI8160,2019,VERMELHO,off road,gwm,195835.03
CNK2848,2000,PRETO,standart,gm,72115.60
JQT5809,2002,BRANCO,standart,gm,79848.32
FHV7208,2021,BRANCO,off road,gm,137539.69
VWV1675,1998,BRANCO,off road,ford,180591.27
CHP6449,2014,AZUL,luxo,vw,239315.00
LMS4541,1994,AZUL,luxo,gm,153022.94
MTT6014,2021,LARANJA,luxo,gwm,145728.96
MJO6798,2004,LARANJA,standart,gm,71716.51
QOT0746,2016,VERMELHO,luxo,ford,170918.99
MIZ6667,2024,VERMELHO,standart,fiat,131705.58
ELG8347,1996,VERDE,standart,fiat,77938.12
VJO8400,2013,AMARELO,luxo,fiat,238724.74
FUI5986,2000,AMARELO,standart,ford,138396.68
RJK1636,1998,PRETO,standart,fiat,140338.58
ZAZ0399,1994,VERMELHO,standart,fiat,142271.78
TSP3454,2008,VERDE,standart,vw,90536.52
HBK4946,2005,VERDE,luxo,ford,175932.13
LBR9877,1995,AZUL,luxo,fiat,253426.03
KGT4813,1997,BRANCO,standart,vw,109239.13
KJA6164,2018,VERDE,standart,vw,77305.57
NLA5173,2012,LARANJA,luxo,fiat,215395.18
WXG0619,2020,AZUL,off road,gm,110234.65
DFO1385,2009,PRETO,luxo,cherry,174866.08
MIH1697,1992,AMARELO,off road,ford,107095.74
ROI4138,2023,BRANCO,off road,gwm,129041.49
LIM7702,2002,AZUL,luxo,cherry,130877.85
YYD5689,2016,AZUL,standart,gm,126050.24
KFS7638,1997,PRETO,off road,vw,157619.42
PML9326,2009,AMARELO,luxo,fiat,247438.65
SAJ4936,1993,LARANJA,luxo,cherry,193852.84
FAR0341,1998,BRANCO,standart,fiat,103483.58
FPP6037,1998,VERDE,standart,gm,86093.10
RBC3349,1995,VERMELHO,off road,gm,174803.50
AEB5028,2014,VERMELHO,off road,gwm,197980.42
COQ3881,2011,BRANCO,off road,ford,205486.50
BSF1683,1992,BRANCO,luxo,vw,241456.45
ANW6688,1992,LARANJA,luxo,gwm,209498.69
OAN2801,2002,VERDE,luxo,vw,139276.62
ZAW4576,2007,LARANJA,standart,gwm,71442.75
MIX6743,1997,PRETO,standart,fiat,74322.70
CVM8725,2010,BRANCO,standart,gm,138965.25
MRU6390,2004,AZUL,off road,ford,116084.45
NZF4360,1996,VERDE,standart,vw,82476.30
VSJ9675,2023,PRETO,standart,ford,96424.63
JCL7867,2018,LARANJA,off road,fiat,135316.08
WJF4525,2010,PRETO,standart,vw,71885.42
NXL3298,1996,AMARELO,luxo,vw,161662.71
YKR5432,1999,AZUL,standart,gwm,146364.48
LKQ5036,2003,VERMELHO,off road,gwm,160169.48
PTF9474,1992,AZUL,off road,gwm,143350.48
UOW7280,2022,BRANCO,off road,vw,125297.44
TZV8075,2013,LARANJA,off road,cherry,132522.64
VEM8835,2006,PRETO,luxo,cherry,179252.48
JXO0419,2011,LARANJA,off road,ford,209938.79
KAN1095,2021,PRETO,luxo,ford,226457.08
YUZ5460,2006,VERMELHO,standart,cherry,146585.80
RVW3534,2019,VERDE,standart,gwm,118550.52
YGF6367,2010,VERDE,off road,ford,100423.21
YDZ0156,1992,VERMELHO,off road,vw,114658.68
YJF9091,2005,PRETO,luxo,vw,162540.26
PRM6603,2014,VERMELHO,standart,vw,80313.69
NLB6121,2016,VERDE,off road,fiat,140626.87
NTY0297,1998,LARANJA,luxo,vw,219767.37
BJM7947,2021,PRETO,off road,gwm,185768.69
KIN5949,2015,BRANCO,off road,cherry,172279.63
ILQ6051,1996,LARANJA,off road,vw,199059.15
YXG5559,1999,VERMELHO,off road,cherry,110560.19
PTT0513,2006,LARANJA,off road,ford,121148.39
FPI3605,1995,PRETO,luxo,vw,248161.07
KOB7701,2019,VERMELHO,off road,vw,180897.95
HAZ9826,2005,VERDE,off road,ford,134497.51
LZB4555,2015,LARANJA,off road,vw,143961.06
FPO1386,2000,VERMELHO,luxo,vw,242993.49
JXO8405,2021,LARANJA,standart,cherry,143282.50
ZGK1018,2019,BRANCO,luxo,cherry,209412.22
AYP6627,1992,PRETO,standart,cherry,105814.08
JCU0804,2011,VERDE,off road,fiat,138485.22
SIJ8862,2023,LARANJA,standart,cherry,131376.71
ILP0654,2017,AZUL,off road,gm,106124.94
QER9667,2009,VERMELHO,off road,cherry,116837.98
HXU3482,2021,BRANCO,standart,gwm,148136.06
QYU4092,2022,AMARELO,off road,fiat,203101.61
UPM8048,2021,AZUL,luxo,fiat,210538.82
SFF3816,1993,VERMELHO,off road,ford,193068.95
ZQD5593,2001,AZUL,standart,gwm,120358.03
NWQ1835,2018,PRETO,off road,vw,148841.13
SEG4822,2023,AMARELO,off road,fiat,197595.26
LZM5873,1991,VERDE,standart,gwm,105788.92
XPK5694,2003,BRANCO,luxo,fiat,166511.93
BCL9021,2024,VERMELHO,off road,ford,135150.54
ETR7477,2022,AMARELO,luxo,vw,139096.48
SYW5631,2017,VERMELHO,off road,gwm,137556.26
MJP9047,2025,VERMELHO,standart,cherry,84709.22
HAX5042,2012,BRANCO,luxo,vw,140582.62
UDS9045,2016,VERMELHO,luxo,cherry,242103.69
XLG3572,1991,PRETO,off road,cherry,138106.90
QES7448,2004,PRETO,standart,ford,148587.79
YIR1103,1999,VERMELHO,off road,fiat,102148.34
XNG5473,1998,PRETO,standart,ford,130581.76
WVK5477,1999,VERMELHO,off road,vw,204406.34
ELV5954,1998,BRANCO,off road,fiat,173367.44
VUM7305,2017,VERDE,luxo,vw,163872.57
ZLF4118,1996,AZUL,luxo,ford,214821.62
RGN0426,2016,AMARELO,luxo,ford,247344.43
CSV7323,2006,BRANCO,standart,gm,144217.49
IFS0873,2015,AMARELO,off road,vw,175158.29
KEF5649,2025,PRETO,luxo,vw,151191.88
DCE7050,2006,PRETO,standart,gm,142332.49
ZPY7387,1994,PRETO,off road,gwm,122391.41
KXU3624,2022,VERMELHO,standart,vw,144107.82
JEO3347,1992,AMARELO,luxo,gm,223865.54
PUE4241,2011,BRANCO,luxo,gwm,226962.17
YMC1195,1996,AMARELO,standart,gwm,81752.69
HYQ0929,1994,VERMELHO,standart,cherry,102969.95
WWO2366,2011,VERDE,standart,ford,80733.65
UAD4491,1996,AZUL,luxo,vw,224728.63
LVB4053,2001,LARANJA,standart,cherry,119801.89
BBF2099,2008,PRETO,off road,gwm,189626.71
LVR6454,2008,AZUL,standart,vw,86700.84
ATM4824,2016,PRETO,luxo,vw,140161.53
MNC9960,1992,AZUL,off road,fiat,195653.68
EHE8542,2019,PRETO,standart,vw,86904.31
DEQ1762,1995,AZUL,standart,gwm,116853.82
CUE0328,2008,AMARELO,standart,gwm,147305.73
BUF9155,2019,BRANCO,standart,cherry,113487.67
ZEC4531,1990,BRANCO,standart,vw,126373.62
YUR6698,1997,VERMELHO,standart,fiat,74504.52
WXA3166,1993,LARANJA,off road,vw,197704.53
OIG2006,2001,LARANJA,standart,vw,81710.84
ABJ9959,2000,PRETO,off road,cherry,110677.34
AKA6393,2015,PRETO,standart,fiat,74804.68
KJN0655,2008,PRETO,luxo,fiat,217914.08
KKW1766,2014,LARANJA,standart,gwm,139790.91
EIX1950,1998,BRANCO,off road,gm,135427.28
YCY6906,2007,PRETO,standart,vw,130844.84
WNE9794,2025,LARANJA,standart,vw,139829.89
UND5656,2005,AZUL,standart,vw,104057.56
CXN7985,2008,BRANCO,standart,cherry,107744.55
TLX2749,1997,BRANCO,luxo,vw,155094.16
HLZ6495,2023,LARANJA,luxo,vw,243158.82
HDA4002,2013,PRETO,luxo,cherry,232549.82
YCL6601,2015,VERDE,off road,vw,104650.90
VPJ0209,2010,AZUL,luxo,fiat,204144.74
RYE7873,2012,LARANJA,luxo,gwm,211934.86
EQZ0847,2003,VERDE,off road,gm,138861.16
BJU4275,2024,VERMELHO,luxo,vw,132150.42
GWB5736,2008,BRANCO,standart,gm,122656.90
WEE7909,2019,BRANCO,luxo,gwm,240234.54
VLU3721,2025,BRANCO,standart,fiat,115006.87
RMY7388,2015,VERMELHO,luxo,vw,121137.19
SYK1239,1996,AZUL,standart,gwm,94547.89
QJM7434,2005,VERMELHO,standart,fiat,124813.33
FRR2270,2006,AZUL,off road,vw,117346.28
UJD4068,2004,LARANJA,luxo,fiat,134553.59
QEH4853,2018,VERDE,off road,ford,125657.34
LPE3632,2006,AZUL,standart,gwm,99789.47
DLV0013,2019,PRETO,standart,vw,81016.22
EZC1837,2010,BRANCO,luxo,ford,181043.36
JNS5417,2004,PRETO,off road,ford,171576.88
HPZ8123,1990,AMARELO,off road,gwm,192183.22
VLJ6792,1990,VERMELHO,luxo,ford,141126.54
BAF6746,2002,AZUL,off road,cherry,178989.79
NGF4318,2023,AMARELO,standart,vw,120486.83
QDP4496,2017,BRANCO,off road,gm,110431.87
NOJ7489,1990,VERDE,off road,fiat,139216.95
UXF8018,2012,LARANJA,standart,gwm,72295.30
MJI3760,2024,VERMELHO,off road,cherry,154666.95
BNG2452,2005,AZUL,luxo,vw,236141.30
NGA3119,2001,VERDE,standart,vw,100153.85
UNH7196,1998,BRANCO,standart,gm,90113.49
ZQB0062,2023,LARANJA,off road,vw,150348.34
YBK0769,1991,BRANCO,luxo,gwm,216104.45
OSW4920,2025,VERDE,standart,gwm,133503.94
NTH5091,2006,PRETO,standart,gm,72431.72
OCK8344,2007,LARANJA,standart,fiat,84101.22
UMO4995,2018,VERMELHO,off road,cherry,158011.64
MZE0806,2023,VERMELHO,off road,vw,144445.24
QTN6817,1995,LARANJA,standart,ford,84390.26
AMJ1311,1992,AZUL,off road,gwm,188108.27
ZNL5284,2022,BRANCO,off road,gm,100158.13
HQA3235,1994,VERMELHO,standart,gwm,124538.64
WFQ3941,2024,LARANJA,standart,vw,143996.07
IRK3898,1991,AZUL,luxo,fiat,228889.83
ULX0261,1993,PRETO,luxo,ford,165532.90
BTK8511,1992,VERDE,off road,fiat,192391.54
CQX1790,2023,LARANJA,standart,vw,72974.60
TDO6909,1992,PRETO,off road,fiat,207494.92
SUB5094,2025,AMARELO,luxo,gm,224040.66
IMP6742,2007,VERMELHO,standart,gwm,70733.36
PSA5582,2011,AMARELO,luxo,vw,208371.12
SOC6001,2023,AMARELO,luxo,ford,228957.45
JCH7850,2007,BRANCO,luxo,cherry,211875.98
TJM5964,2009,VERDE,off road,gwm,189526.30
EIC5770,2002,LARANJA,standart,fiat,96394.94
YGY5920,2010,AZUL,off road,vw,98456.88
PVG3734,2005,BRANCO,standart,gwm,115785.85
IRT7091,2023,LARANJA,standart,fiat,125435.34
TBZ5463,1999,VERMELHO,standart,fiat,114036.53
IGL5335,2020,AMARELO,off road,vw,209142.90
IAY2689,2017,BRANCO,luxo,ford,166099.80
GXS4769,2002,VERMELHO,standart,gwm,133600.17
EMB6428,2005,VERMELHO,luxo,vw,243670.64
BPS7332,2013,VERMELHO,off road,fiat,173270.81
JBN5826,1991,PRETO,luxo,gwm,161096.28
QGZ0957,2017,BRANCO,off road,vw,161449.87
UTO1956,2005,PRETO,off road,gm,190134.50
TFA9896,2015,LARANJA,off road,gm,123608.78
WXJ0791,1999,PRETO,off road,cherry,102392.30
FPG0800,2016,PRETO,standart,fiat,107216.95
MNK9163,2016,VERDE,luxo,fiat,185136.43
DCR4548,1998,VERDE,luxo,fiat,222788.78
RXZ2378,2000,BRANCO,luxo,vw,196267.64
JKG9397,1999,AMARELO,standart,cherry,138749.10
ZID7261,2022,LARANJA,standart,cherry,70344.07
YWW9405,2016,VERMELHO,luxo,ford,209016.12
QFZ3259,2005,VERDE,off road,vw,108047.99
PZY6219,1991,BRANCO,luxo,vw,156763.60
CPS6796,2019,PRETO,off road,ford,103673.92
NWG3322,2001,VERMELHO,off road,ford,109247.56
LHB3178,1991,VERMELHO,off road,vw,178182.74
HOQ9663,1991,PRETO,off road,gm,118442.92
IZV9176,2006,AZUL,standart,gwm,133679.08
XRP5650,2015,VERMELHO,off road,fiat,190132.14
NUX8507,2024,PRETO,standart,cherry,123383.68
VYK9908,2000,LARANJA,standart,ford,85902.98
NRE4726,1996,AMARELO,standart,ford,118976.40
FYV9599,2007,AMARELO,standart,gwm,99076.11
LYH6467,2013,BRANCO,standart,vw,122317.74
IUT2077,2017,VERMELHO,off road,vw,128715.74
PKY7052,2024,VERMELHO,luxo,vw,139196.19
JVL8207,1998,VERDE,off road,cherry,119795.03
ZQJ2919,2001,VERMELHO,luxo,gwm,135039.60
ANL3711,2015,VERMELHO,luxo,vw,196929.66
FPY6768,2014,PRETO,off road,cherry,144597.98
FIN3264,1993,PRETO,luxo,ford,236182.70
RGM7618,2011,VERDE,off road,fiat,148310.04
HUG7281,1990,VERDE,standart,fiat,70766.34
HYX3550,2011,VERMELHO,off road,cherry,165419.50
JDI4193,2009,AZUL,off road,gm,104128.87
AAK3629,1999,AZUL,luxo,gwm,154624.98
NVB0381,2021,VERDE,luxo,fiat,148791.09
RDC6625,2023,BRANCO,off road,cherry,148081.81
OEI0662,2014,AMARELO,luxo,ford,215187.44
TBQ8965,2021,LARANJA,off road,gwm,134056.84
CUE8174,1997,AZUL,standart,vw,104229.45
ZTW4246,1994,AMARELO,standart,gwm,83486.31
VHN3874,1995,AZUL,standart,gwm,122159.86
FRT6154,2024,PRETO,standart,gm,130173.27
HNO6114,2018,AZUL,luxo,vw,137989.09
PCP0286,2005,VERMELHO,luxo,gwm,130224.15
ZFC8076,2004,AZUL,luxo,gwm,129831.00
HKX4220,2008,AMARELO,luxo,vw,215779.88
QDK5671,2024,AMARELO,standart,ford,132562.99
TGS5946,2002,LARANJA,off road,ford,130969.39
BXG0028,2007,AMARELO,luxo,fiat,124743.36
NNG7119,2008,VERMELHO,off road,vw,192100.54
UFM7391,2023,AMARELO,luxo,vw,183427.34
DBW8702,2023,AZUL,off road,fiat,104574.50
GOX9212,2023,PRETO,luxo,gwm,189969.70
GQT9653,2004,BRANCO,luxo,cherry,172444.88
GIX6061,2012,VERMELHO,off road,ford,194718.83
MHO3121,2011,AMARELO,luxo,fiat,212148.46
ARH0265,1995,VERDE,off road,fiat,114198.04
XWD2952,2008,BRANCO,off road,fiat,114603.39
ISA6455,2017,VERMELHO,standart,fiat,115624.49
CYI6089,2021,BRANCO,off road,fiat,116435.17
EVO7041,2003,AZUL,luxo,vw,181735.59
IDD1919,2002,LARANJA,luxo,vw,236714.41
WWV8356,1999,VERDE,standart,ford,78563.27
VIB2192,2002,PRETO,luxo,gm,123131.40
QUE9988,2013,PRETO,standart,ford,136944.16
BDH7333,1999,VERDE,standart,fiat,93557.84
FPG0061,2011,VERDE,off road,gm,132966.65
PNH3267,2015,AZUL,standart,ford,95598.72
YYF3813,2025,VERDE,off road,fiat,142330.71
MVH2743,2019,BRANCO,standart,fiat,109123.36
IAU1086,2008,PRETO,off road,ford,123568.68
JBO3263,2012,AZUL,luxo,fiat,243425.54
PJK3512,2014,VERDE,off road,gm,115315.18
ENQ4932,1991,LARANJA,standart,vw,107527.35
SOC5620,2002,LARANJA,off road,gm,105767.98
WQY1348,2005,VERMELHO,luxo,gm,248143.49
FMH9779,1998,PRETO,luxo,fiat,178335.95
PUS5005,2022,BRANCO,luxo,gwm,130875.52
TBB1470,2010,BRANCO,luxo,fiat,173378.55
FPW5316,2012,VERMELHO,standart,gm,105640.74
CEI5551,2005,BRANCO,off road,gm,200265.95
CLF0372,2004,AZUL,off road,vw,132640.08
ZIS0269,2011,AMARELO,standart,gwm,142807.60
YZV0627,2024,VERDE,off road,gwm,189069.91
CET1541,2021,VERDE,standart,fiat,81810.43
QNX8606,2016,AMARELO,off road,gwm,209279.34
HRG2965,2015,PRETO,luxo,gwm,148614.57
MUK6294,1992,VERMELHO,off road,gm,141211.86
GEF0531,2023,VERDE,luxo,vw,161865.93
OET5443,1999,VERMELHO,standart,gm,123629.60
HIY6235,1991,AMARELO,standart,fiat,145955.85
FIK9925,2009,BRANCO,luxo,gwm,214385.50
FKU8870,2012,AZUL,luxo,vw,238563.94
MVT9658,2021,PRETO,luxo,vw,222271.62
WZX6631,2001,PRETO,luxo,gm,250059.30
TVX2266,1995,BRANCO,luxo,gwm,231807.09
HJR7536,1992,PRETO,luxo,fiat,168546.85
JEB8143,1995,AMARELO,luxo,fiat,138163.17
IPW7009,2013,VERMELHO,standart,vw,147072.49
AOW0513,2008,AMARELO,off road,vw,171733.23
GWY9089,2003,AMARELO,luxo,vw,122540.22
OPF1439,2024,AZUL,luxo,cherry,119031.32
GGZ6965,2011,BRANCO,luxo,gwm,243576.01
NKB3512,1995,VERMELHO,luxo,gwm,214013.04
HOV8143,2006,AMARELO,off road,cherry,114510.93
ISB8280,2006,VERMELHO,off road,vw,142737.57
XJX4929,1991,AMARELO,luxo,vw,207128.68
YUD3295,2006,AZUL,standart,gm,121191.70
QMG1311,2006,AMARELO,off road,ford,200270.68
ANS2603,2022,VERMELHO,luxo,gm,132672.95
SIH3124,2013,PRETO,standart,ford,127130.42
QAN6118,1996,PRETO,luxo,vw,200968.70
CGI0571,2025,VERDE,standart,cherry,94391.57
FGH9611,2024,LARANJA,off road,vw,183178.52
FHV3822,2000,BRANCO,luxo,cherry,139693.26
AJH0739,2015,AZUL,standart,gwm,131506.18
VRD0908,2019,VERMELHO,off road,gwm,125163.67
EXH6317,2014,LARANJA,luxo,gwm,221001.33
XTF3412,1994,BRANCO,off road,cherry,101315.34
NWV4411,1998,PRETO,luxo,fiat,233559.34
DIB1919,1997,LARANJA,luxo,gm,153502.05
SUI1448,1993,AMARELO,standart,gm,110608.94
VBX6538,1990,VERMELHO,luxo,ford,222785.31
DKC2325,2015,PRETO,off road,vw,164810.46
WFO0625,2000,AZUL,off road,vw,131188.71
TBI8564,2020,LARANJA,off road,ford,157913.81
IUZ8488,2020,VERMELHO,luxo,gm,125544.44
EKC4524,2010,VERDE,luxo,gwm,199765.43
VFQ7252,2022,AZUL,standart,ford,148406.47
PYJ5164,2018,AMARELO,luxo,ford,236043.89
FZJ6248,2008,VERDE,standart,vw,139885.95
NGY3020,2012,AZUL,standart,ford,72522.43
FJS9866,2000,AMARELO,off road,cherry,135629.25
YGV0429,2020,BRANCO,off road,gm,104326.99
BWM9348,2007,VERMELHO,luxo,gm,189222.48
KYO8817,2008,AZUL,luxo,fiat,195078.55
WOF1175,2010,AZUL,luxo,cherry,182711.41
BYL6710,1992,VERMELHO,standart,cherry,124050.99
ANC7754,2008,BRANCO,off road,vw,166212.42
GNI7261,2009,VERDE,standart,ford,137604.01
NFX3217,2022,VERMELHO,luxo,cherry,239994.38
VZS6072,2007,VERDE,off road,ford,131462.50
WGK0169,2000,VERMELHO,standart,fiat,98584.24
VKD3648,2009,AZUL,off road,gwm,167197.24
KBI1248,2008,VERMELHO,standart,ford,76611.85
MRG0517,2011,PRETO,luxo,gm,149547.75
YCE0578,2010,PRETO,off road,cherry,181419.08
ZLN6160,1999,VERMELHO,standart,gwm,143083.35
LLK8464,2002,LARANJA,off road,gwm,195337.22
LYW9234,2025,VERDE,luxo,ford,148849.26
PMS8393,1995,BRANCO,standart,gm,78675.36
MWW1664,2001,VERDE,luxo,cherry,154579.82
SEG8283,1998,PRETO,luxo,fiat,182369.03
LAV0535,2015,AMARELO,luxo,ford,207744.98
SJU3540,1993,PRETO,standart,gwm,133285.79
VIG4906,1999,AZUL,off road,gm,166165.83
JTL8209,2007,AZUL,luxo,gm,215151.48
JZM3963,1998,AMARELO,luxo,cherry,225840.63
DBU6521,1996,AMARELO,off road,ford,174841.39
TBE2119,1990,BRANCO,standart,gm,138381.20
ZDO4562,2007,BRANCO,off road,fiat,184979.51
ENH3738,2021,PRETO,off road,gwm,205501.48
ZBX6289,2016,BRANCO,standart,vw,100015.79
KVA1810,2021,VERMELHO,off road,gm,209372.48
BNY6208,2003,AMARELO,off road,vw,205190.12
JXO6673,2000,LARANJA,off road,gm,201811.34
JCC7353,2020,VERDE,off road,gwm,123795.13
JHY6923,2018,BRANCO,standart,vw,149765.82
KEV4000,2008,AMARELO,off road,vw,134379.84
GWM9070,2006,VERDE,standart,vw,118613.26
WYP8397,2006,LARANJA,off road,fiat,131619.76
AVC6720,2013,VERDE,luxo,fiat,219961.98
DTD3287,2015,AZUL,luxo,vw,125421.16
GOI7170,2023,VERMELHO,off road,vw,112546.90
IQA0637,2016,LARANJA,luxo,ford,123642.86
EZV8451,1996,LARANJA,off road,ford,157333.33
THV6447,2006,VERMELHO,off road,fiat,201927.88
EYP5457,2018,VERDE,standart,gm,77495.90
VSM0585,2008,LARANJA,off road,cherry,199696.19
ZJQ8536,2021,PRETO,off road,fiat,201499.86
NOA4976,2017,VERDE,off road,cherry,112358.17
JJR1246,2023,AZUL,luxo,fiat,206705.70
INI5606,2011,LARANJA,off road,fiat,188814.76
PDT4165,2011,VERMELHO,luxo,ford,250607.85
CPQ5353,2013,AZUL,off road,fiat,159599.51
VYH9920,1993,PRETO,off road,ford,108761.23
FZQ6873,2014,AZUL,off road,ford,168220.13
XBO7763,1996,VERMELHO,luxo,ford,131487.27
CEF3078,2024,VERDE,luxo,cherry,147341.09
UFO1313,2024,VERMELHO,standart,ford,112306.46
AMT6361,2024,BRANCO,luxo,cherry,228270.95
IOE4969,1999,BRANCO,luxo,gwm,172499.16
QZP6601,1990,PRETO,luxo,fiat,124760.41
VLO6779,2020,AZUL,luxo,cherry,123521.50
QIW9454,1992,VERDE,off road,vw,191157.18
ATQ2917,1992,LARANJA,off road,vw,132380.74
MGM9460,2016,PRETO,off road,gm,99856.91
MIW5323,2012,BRANCO,off road,cherry,209597.51
DLI8422,1993,VERMELHO,luxo,gwm,185670.47
YOO8756,1994,LARANJA,standart,cherry,77815.39
ICE6842,1993,VERDE,standart,vw,74113.28
ASF6192,2012,AMARELO,luxo,fiat,137657.75
UNL6092,2025,PRETO,luxo,gwm,172759.78
JMI6550,2019,LARANJA,luxo,fiat,122690.10
PKN8131,2012,BRANCO,luxo,fiat,157616.83
VQA3883,2007,AZUL,off road,gwm,187871.48
ZIZ6992,2020,VERDE,standart,cherry,141196.43
JTD1549,2012,VERMELHO,standart,gwm,110231.59
MBI6246,2023,BRANCO,off road,vw,143939.94
OJB2158,1996,AMARELO,luxo,gm,171756.24
HZW8948,2018,LARANJA,standart,vw,114888.76
JHJ0845,2020,VERDE,luxo,cherry,120521.79
YIL9246,1994,BRANCO,luxo,gm,171593.53
TEO8447,2016,VERMELHO,standart,gwm,120221.97
QHK9531,1993,VERMELHO,off road,fiat,178782.99
MXV3851,2010,LARANJA,standart,fiat,82210.58
PPX6904,2003,AZUL,standart,cherry,116389.40
MBO5459,2006,AZUL,standart,gwm,142532.77
OJW2121,1991,BRANCO,off road,fiat,99719.88
YIK5759,1991,AZUL,standart,gm,122246.59
EED3729,2011,AMARELO,off road,gwm,158576.87
HSF5173,1990,VERDE,off road,cherry,175483.92
JTW1719,2000,VERMELHO,luxo,gwm,244056.47
IHN1268,2019,VERMELHO,luxo,gm,228398.38
KVQ1721,2000,VERDE,off road,vw,205304.69
YKX9022,2018,AMARELO,standart,vw,122447.96
JEB0270,1993,AMARELO,luxo,fiat,158053.39
KFD6804,2012,LARANJA,luxo,gwm,173976.06
FVZ1524,2017,VERMELHO,off road,cherry,208913.49
GLS4668,1996,PRETO,standart,cherry,75105.08
KZB3849,2011,BRANCO,standart,fiat,91228.59
UZF6846,2008,AZUL,off road,gm,199862.86
FOH8630,2016,VERMELHO,off road,cherry,111421.64
LED1933,2005,PRETO,luxo,fiat,192663.44
VEI5654,2004,BRANCO,standart,gm,138507.09
KQN7489,2023,VERMELHO,off road,gwm,119820.03
JCB0116,1995,VERMELHO,standart,cherry,140393.23
KYS3906,1998,AMARELO,off road,cherry,142352.21
MGL2035,2005,BRANCO,standart,cherry,80302.06
DSC5056,2014,BRANCO,standart,fiat,71248.89
KVL3255,2014,PRETO,standart,ford,94640.06
NPE5182,2010,AZUL,luxo,ford,155993.87
EJG6034,1990,AMARELO,luxo,ford,200244.99
HOT4158,2022,AZUL,luxo,cherry,120907.07
NVP1769,2001,LARANJA,standart,fiat,130394.81
QFA2246,2010,VERMELHO,standart,gwm,74087.26
UPJ3238,2003,LARANJA,off road,gm,163268.58
MUR6817,2022,AZUL,off road,fiat,196261.33
EDZ6568,2000,LARANJA,standart,vw,129151.23
PBR3553,2019,VERMELHO,standart,vw,114740.24
KJK7877,2008,PRETO,standart,fiat,105086.03
WUY3024,2000,VERMELHO,off road,fiat,104657.94
OQU1744,2018,LARANJA,luxo,cherry,238398.41
UMM0855,1991,VERMELHO,luxo,cherry,234151.57
QEE9397,2018,VERMELHO,off road,cherry,141691.78
OYF8134,2016,AZUL,luxo,gwm,161093.54
IRQ8019,2000,LARANJA,off road,gm,158822.20
AEB1123,2000,AMARELO,standart,gwm,111864.32
ZDT8434,1991,AZUL,off road,gwm,138891.63
IXY0719,2010,BRANCO,luxo,gwm,134755.34
CKK3170,2012,BRANCO,off road,gm,188153.22
FQJ4562,2007,PRETO,luxo,gwm,239972.10
GOP7812,2021,BRANCO,standart,fiat,119411.02
OWZ1816,2015,AZUL,off road,ford,105711.02
FAG0610,2006,VERDE,standart,vw,101767.80
VQY2291,2025,AZUL,luxo,cherry,171813.78
NSW2827,2003,PRETO,luxo,ford,138754.62
XPE8912,2012,VERMELHO,luxo,fiat,128972.12
QUK7930,2000,VERDE,standart,gwm,142967.64
IWF8103,2017,AMARELO,off road,gwm,122822.30
SCJ0308,1995,AMARELO,off road,fiat,196727.00
NRI5579,2014,VERMELHO,luxo,ford,159630.12
PYV6593,2015,PRETO,luxo,vw,143540.12
IDN7360,1996,AMARELO,off road,ford,190060.18
JTZ6834,2014,LARANJA,luxo,cherry,174538.98
ZMG9915,2004,LARANJA,luxo,ford,220336.32
LWS7682,2012,BRANCO,off road,gwm,189184.14
PXA7844,2003,LARANJA,luxo,cherry,153288.21
DKI2056,2018,LARANJA,off road,fiat,151482.78
JQH3510,2024,PRETO,standart,vw,95810.75
UKW0425,1999,VERDE,off road,gwm,121068.63
BRJ3017,2020,LARANJA,off road,vw,155626.60
LHP1003,2014,BRANCO,standart,cherry,146291.98
HAL7541,2022,AZUL,standart,vw,101617.44
EMI2405,2023,AZUL,standart,gwm,139303.02
KDG5223,2000,AMARELO,off road,ford,119945.91
NHS2499,1992,VERMELHO,luxo,fiat,241494.08
SYB6833,1990,PRETO,off road,vw,189933.50
HJN2773,1991,LARANJA,luxo,gwm,234792.63
OGL2090,1994,AZUL,luxo,gwm,234060.55
WQO7272,2009,VERDE,off road,cherry,144877.92
DLH9942,2017,PRETO,off road,vw,169216.71
RRA9597,2001,BRANCO,luxo,gm,144941.14
KMD6719,2021,AZUL,standart,ford,149467.18
MBU2022,2004,VERMELHO,off road,gm,154816.87
DLA2625,2024,BRANCO,standart,gm,124102.55
RQF6160,2011,AZUL,standart,fiat,122355.37
SQR0980,2022,BRANCO,off road,vw,180718.38
RTH1227,2000,VERDE,standart,cherry,124870.59
PWJ4163,2003,LARANJA,standart,gwm,118414.06
PGN2645,2025,PRETO,standart,vw,143554.24
LSM3114,2016,VERMELHO,off road,fiat,146391.45
HBF0421,2001,VERMELHO,luxo,vw,163067.37
GUP3950,1992,VERDE,standart,gm,71927.29
OSD0436,2024,AZUL,luxo,ford,144606.40
JAT8501,2013,VERDE,luxo,vw,124650.94
VZO4886,2006,PRETO,standart,vw,122663.31
MRV3924,2025,VERDE,off road,cherry,163521.02
LFM4135,2017,LARANJA,luxo,fiat,199807.41
IIV2680,1995,PRETO,luxo,gm,179559.55
UMH1794,2017,BRANCO,off road,vw,126864.05
XXN7132,2004,PRETO,luxo,gm,158471.39
KSR7803,1997,AMARELO,off road,gm,129850.67
SLD9754,2004,AMARELO,off road,fiat,103365.72
HKC5517,2021,AZUL,luxo,cherry,156973.34
NSM8286,2013,LARANJA,standart,gm,107537.18
TKZ7966,2018,AMARELO,standart,vw,143270.13
RPS1925,2000,VERMELHO,off road,ford,188462.31
HRE0911,2002,VERDE,luxo,vw,147514.97
BVK3364,1990,VERDE,off road,vw,126494.99
RSX0097,2017,BRANCO,standart,ford,103473.33
VQG7908,2011,PRETO,standart,gm,149066.13
VNF7585,2012,VERDE,luxo,cherry,245358.65
MQO1833,1994,AZUL,luxo,vw,219974.94
DIO1509,2022,VERMELHO,luxo,gwm,157625.34
KGN7794,2020,VERMELHO,off road,vw,176683.78
KKS0223,2016,AMARELO,luxo,vw,234398.83
VKY5835,2015,VERDE,standart,fiat,103792.89
XNN9871,2006,AZUL,standart,fiat,96090.00
OFD8607,2022,VERDE,luxo,gwm,200826.93
IIU6806,2005,PRETO,off road,gwm,162498.67
PZX7867,2008,BRANCO,standart,cherry,140382.37
CUD7397,2011,LARANJA,standart,gwm,135428.50
AKU0284,2002,AZUL,off road,cherry,196805.33
RXQ9093,1996,VERDE,off road,ford,103095.68
JDO8569,2015,VERDE,standart,gm,89425.81
IQC9824,1995,BRANCO,off road,fiat,116516.43
ZRD9595,2014,VERMELHO,luxo,fiat,136539.38
MJZ7917,1991,VERDE,standart,gwm,94677.86
XQR7753,1999,LARANJA,off road,fiat,134619.10
ZUY5882,2024,AMARELO,off road,ford,187703.31
WUI4033,2011,AZUL,off road,ford,142244.85
UYN2338,2009,AZUL,luxo,gwm,149736.58
ZED7410,2001,VERMELHO,luxo,gm,248698.18
JTU7582,1998,PRETO,off road,fiat,186542.32
HEW9510,2000,LARANJA,luxo,gm,163706.59
XAS9674,2000,VERMELHO,luxo,gwm,137010.92
KBX0700,2003,PRETO,off road,fiat,150862.29
UGJ6445,2012,VERDE,luxo,fiat,219627.13
EWM4962,1992,LARANJA,luxo,gm,132755.78
AIB4458,2001,VERDE,off road,vw,113841.46
OKR2799,2024,VERMELHO,off road,fiat,108496.29
HSJ2197,2021,BRANCO,luxo,gwm,249115.26
KII5791,2015,BRANCO,standart,ford,98895.12
JYH8878,1996,AMARELO,standart,vw,82514.93
TVJ2680,2017,AZUL,off road,cherry,127980.07
XNK9802,2000,PRETO,standart,ford,108370.45
LUU0555,2006,PRETO,standart,vw,105957.44
WLM0079,2012,AZUL,luxo,cherry,229860.14
FEG9429,2019,AZUL,standart,gm,147115.23
FPC0127,2000,AZUL,off road,vw,156038.82
PBV7236,2022,PRETO,off road,gm,169592.21
JQM7564,1991,BRANCO,off road,cherry,159447.68
CKL4022,2014,AZUL,luxo,cherry,175526.53
GRR1626,2021,AMARELO,off road,gm,105320.87
LUY2795,2004,LARANJA,standart,vw,89146.35
TGV8948,2007,AMARELO,standart,vw,123311.11
URS8844,2007,PRETO,standart,gwm,115922.11
QDX4677,2020,AZUL,standart,gm,145174.94
LJR1459,1995,AMARELO,standart,vw,149474.05
VFX2647,1993,PRETO,off road,cherry,197878.95
NPQ7259,1990,BRANCO,standart,vw,91735.43
GSD5417,1990,AZUL,off road,fiat,130918.13
AHR3889,1999,VERMELHO,standart,vw,97093.84
XOZ5946,1994,BRANCO,luxo,ford,128015.03
YJT5417,2017,BRANCO,luxo,cherry,235863.90
JRR8115,1993,PRETO,luxo,vw,212211.13
JNS4364,2007,LARANJA,standart,fiat,129941.66
WVM2081,1992,VERMELHO,off road,fiat,189380.80
GYV2125,1990,VERMELHO,luxo,fiat,239092.95
OLT1313,2009,VERMELHO,off road,gwm,114228.17
TVZ9388,2000,VERDE,off road,gm,163167.21
PYQ7093,2009,AMARELO,off road,fiat,190916.03
SBD8994,2024,AMARELO,luxo,gwm,146615.68
ENR1555,2012,AMARELO,luxo,fiat,160172.15
DZT8284,2020,VERDE,standart,gm,115095.58
NHT6781,2024,BRANCO,luxo,vw,124125.36
VSZ2628,1994,PRETO,standart,cherry,135369.95
TSF2924,2018,AZUL,off road,cherry,157766.82
CMI1498,1991,AZUL,luxo,fiat,162460.51
OIW4087,1997,AMARELO,luxo,vw,172896.79
EDO7552,2001,VERDE,standart,ford,113970.73
JKB5424,2017,VERDE,luxo,cherry,155356.56
WMN2339,2021,BRANCO,standart,ford,79522.02
XUI3358,2017,AMARELO,off road,ford,118741.71
FBB6901,1990,AZUL,off road,gwm,175567.69
CNN7989,2021,BRANCO,standart,vw,76161.60
FLL2777,2009,VERMELHO,off road,cherry,136485.74
DCU6274,2007,VERDE,off road,ford,177151.02
GAO2119,2018,PRETO,standart,gwm,121451.99
MSI0131,2004,VERDE,off road,vw,199369.43
XEI4414,1991,PRETO,standart,ford,71741.08
IHD5092,1992,BRANCO,standart,gm,72959.37
BGR9448,1995,VERMELHO,luxo,ford,196811.38
LTB0390,2019,AZUL,luxo,ford,229678.27
BJX3768,1994,VERMELHO,standart,gwm,82734.89
KHW8073,2003,BRANCO,luxo,cherry,122309.48
YGV4575,1997,PRETO,off road,gm,117855.64
ZSD6169,2023,AZUL,luxo,gm,249349.96
FPD7308,1994,AZUL,off road,gm,154439.60
HGQ4260,2001,VERMELHO,luxo,cherry,126420.93
JFV2627,2006,VERMELHO,luxo,ford,204416.72
LPC8458,2005,BRANCO,luxo,ford,128617.17
QEW4821,2015,AZUL,luxo,gm,231487.55
PSU4574,2006,PRETO,standart,cherry,86809.67
GPM9806,2025,VERDE,standart,vw,141289.84
FVZ4010,2022,BRANCO,standart,ford,119025.02
QXG4748,2016,AZUL,standart,ford,131967.03
GRZ2464,2009,VERMELHO,standart,cherry,96951.76
JGX1516,2000,PRETO,standart,fiat,129177.21
WQC7979,1994,AMARELO,standart,gm,143257.11
ALY7487,2016,AMARELO,luxo,gm,234480.71
SQB5045,2019,LARANJA,off road,cherry,120630.84
OGB7098,1997,VERMELHO,off road,vw,198384.87
ZNS5122,1992,LARANJA,luxo,vw,125735.61
HEO3772,2008,VERMELHO,off road,vw,111362.11
ISL0266,1992,AMARELO,luxo,gwm,170154.48
QKN1913,2019,VERMELHO,standart,cherry,144715.93
FUI2068,2012,AZUL,off road,gwm,197680.80
KGB0260,2018,LARANJA,off road,cherry,189657.57
TZG1455,2016,BRANCO,standart,vw,126331.30
WOH1642,2025,BRANCO,standart,vw,131638.74
BWE6027,2019,VERDE,off road,ford,192318.03
WNZ0635,2003,PRETO,luxo,gm,131924.67
BCU8005,2015,PRETO,standart,gm,89460.96
YNV6482,2018,AMARELO,standart,gm,136251.77
GZD8272,1999,VERDE,luxo,fiat,249557.51
HFF1412,2017,PRETO,off road,cherry,188512.84
QNK7487,2025,LARANJA,luxo,gm,165030.63
YGU7301,1996,LARANJA,standart,fiat,86205.28
OHU9615,2008,AMARELO,luxo,ford,222623.35
KVU2326,1993,LARANJA,standart,cherry,103460.07
PJT5875,2022,LARANJA,luxo,gwm,130239.82
VPC9548,2017,BRANCO,luxo,gm,185119.76
WWW9464,1995,BRANCO,luxo,fiat,238765.14
RHP9851,1994,BRANCO,standart,vw,127706.09
MAW9543,2003,AZUL,off road,fiat,183619.17
WRX7681,2023,AMARELO,standart,vw,87954.63
VQS7354,2014,VERDE,off road,gm,188677.46
LYD9166,2003,VERMELHO,off road,fiat,142114.97
QKG4710,2002,AZUL,standart,gwm,73553.19
IIR8463,2007,PRETO,off road,gwm,136908.82
ZSF9912,1993,VERMELHO,luxo,gm,175002.88
YRQ6954,2009,BRANCO,off road,ford,106197.49
SNQ5146,2017,VERMELHO,standart,cherry,111531.25
FPL2388,2002,VERMELHO,off road,gm,133250.06
NOR1237,1998,LARANJA,off road,vw,158368.01
RIR1311,2002,VERDE,standart,cherry,148619.76
XCR3986,2011,VERMELHO,off road,cherry,101755.63
CMV4673,2018,PRETO,off road,ford,113559.73
AWX5705,1997,VERMELHO,off road,gwm,106811.14
KFE2110,2007,PRETO,luxo,cherry,245532.79
LGA8555,2005,PRETO,standart,gm,116579.45
XBF0854,2019,VERMELHO,luxo,fiat,242711.06
UNU9067,1993,PRETO,off road,gwm,208834.88
TDQ6473,2002,LARANJA,standart,vw,138409.19
QQF3944,2014,VERDE,off road,fiat,199303.05
WOT1528,2003,LARANJA,off road,gwm,202293.69
CTC5591,2021,BRANCO,luxo,vw,175850.45
RDX6502,2012,AMARELO,standart,gwm,148283.74
VMK9868,2004,PRETO,standart,fiat,143614.85
RBK5132,1999,VERMELHO,off road,fiat,109853.07
NIK1847,2019,LARANJA,off road,gwm,186958.65
SVZ6331,1999,VERDE,off road,ford,101146.84
YYG4524,2024,AZUL,luxo,gm,252352.86
BFG0154,2005,AMARELO,luxo,vw,220607.58
YTQ4043,2019,VERDE,luxo,ford,241579.21
HRX5488,1993,VERMELHO,standart,vw,145304.99
JAC1967,2000,AMARELO,off road,cherry,155430.86
SCX3997,1996,AMARELO,off road,vw,164170.77
EZY0707,2020,VERMELHO,standart,cherry,92271.52
ZKQ0626,2011,VERMELHO,luxo,gm,246088.05
CCJ3727,2000,PRETO,standart,gwm,72104.63
HCE4943,2009,BRANCO,standart,vw,100790.93
LHR2545,2010,LARANJA,off road,gm,207369.09
XWI7548,2010,BRANCO,luxo,vw,230982.57
EPZ8807,2016,VERMELHO,off road,gm,167052.04
GCD7231,2021,AZUL,standart,ford,76860.45
GLB1962,2002,AZUL,luxo,vw,202899.31
DUB2861,2004,LARANJA,luxo,gwm,121805.89
TQF6021,2003,VERMELHO,luxo,cherry,126185.76
ENZ0045,1995,AZUL,luxo,gm,168592.42
BLY6643,2013,PRETO,off road,cherry,200990.05
FNF5510,2015,BRANCO,luxo,gm,214247.80
TKR3111,2019,PRETO,standart,ford,91486.01
PPB1290,2014,PRETO,luxo,cherry,232699.38
FAN9541,2013,VERDE,luxo,ford,168742.75
TBD3930,2025,LARANJA,standart,fiat,87704.47
TLG3599,2015,VERDE,luxo,gm,198391.91
CCP8362,2017,BRANCO,standart,gwm,82731.27
SOX1723,2001,AMARELO,luxo,cherry,178470.59
YDD3759,2002,PRETO,standart,cherry,72209.66
IMX1504,2019,VERMELHO,off road,ford,129908.83
WHU8946,1993,AMARELO,standart,cherry,144759.40
QVT8992,2025,VERMELHO,off road,gm,202610.93
TCP3769,2013,PRETO,luxo,gm,242582.87
LNF0096,2018,AMARELO,luxo,gwm,154594.61
JUS1660,1998,LARANJA,off road,cherry,111271.50
MWJ2436,1991,AZUL,standart,cherry,87035.68
LWR2339,2023,BRANCO,standart,gm,125335.15
FSP7798,1995,VERMELHO,off road,ford,126793.60
AFK6064,2022,AZUL,off road,cherry,155440.87
EHF4933,2002,AMARELO,luxo,ford,229599.64
QIX1192,2005,AMARELO,off road,ford,116335.83
DBA9643,1991,PRETO,standart,gm,143902.29
QKX8891,1999,LARANJA,off road,vw,181929.02
AZR1480,2018,VERMELHO,luxo,cherry,232673.78
VMC3619,2014,VERMELHO,luxo,gm,156511.98
MXP8043,2023,PRETO,off road,fiat,131734.08
DXP2362,2025,VERMELHO,standart,fiat,76890.64
RWL8799,2005,LARANJA,standart,ford,120412.19
DGT7348,2010,AZUL,luxo,fiat,182501.76
CAA2547,2012,VERMELHO,off road,gwm,156777.88
OOT5741,2025,PRETO,standart,gwm,90680.09
TME3682,1996,LARANJA,off road,fiat,188320.86
ZDO3308,2023,PRETO,luxo,ford,154789.03
ONB4353,2002,LARANJA,standart,fiat,115030.56
TXA7749,1995,LARANJA,luxo,ford,198603.32
KOF8952,2004,VERDE,standart,fiat,97169.10
BND7501,2012,AMARELO,luxo,ford,140342.93
EUY7032,2016,VERMELHO,standart,ford,113020.41
JVW9864,1997,VERMELHO,standart,ford,111675.64
NCY5356,2009,BRANCO,luxo,gwm,194949.50
IQT0477,2004,PRETO,luxo,gwm,139363.87
KJP4716,2018,VERDE,luxo,gwm,218624.04
XKB9161,1996,VERDE,off road,cherry,194731.09
GWH2506,2009,LARANJA,off road,cherry,111848.22
ZPQ4850,1991,AMARELO,off road,vw,126422.98
ZGN6384,1997,AZUL,standart,ford,126776.92
GYH5698,2013,AMARELO,luxo,fiat,239090.96
CHO2369,1993,AMARELO,off road,gm,175187.46
SOE5876,2001,LARANJA,luxo,fiat,212869.35
NUQ4892,1997,VERDE,off road,gm,106333.84
TKR0460,2013,AZUL,standart,gwm,126917.33
HKV4785,2002,VERDE,luxo,fiat,229620.59
PCY8208,1992,LARANJA,luxo,ford,186326.60
TVM2731,1994,AZUL,luxo,vw,160150.74
IIP0547,2016,AZUL,standart,gwm,106819.39
FFU6956,1993,LARANJA,standart,ford,137163.74
HQO5697,1997,VERMELHO,off road,gwm,181868.12
FWT6182,2024,VERDE,standart,ford,127895.23
OWJ4741,1999,VERMELHO,off road,vw,172432.72
YVM8390,1995,BRANCO,off road,fiat,198820.20
CPL7462,2012,PRETO,luxo,cherry,211803.95
BCO5132,2022,VERDE,off road,cherry,120108.78
LNW6833,2025,PRETO,luxo,cherry,233282.75
XFA1798,1997,VERDE,luxo,cherry,243490.80
KLG0144,2011,PRETO,off road,gwm,151564.95
IEX4827,2021,VERMELHO,luxo,ford,153714.51
KDF6265,2025,AZUL,luxo,vw,138305.33
XPJ3156,2025,VERMELHO,standart,gwm,106178.56
ZEU2067,1994,VERMELHO,standart,fiat,124876.04
AUK5717,2025,LARANJA,off road,cherry,153008.38
FHV8498,1998,VERDE,off road,fiat,137355.59
BEM9162,2018,VERMELHO,luxo,cherry,199382.12
DSB5922,1994,VERMELHO,luxo,fiat,227693.52
GGA3374,2023,AMARELO,luxo,ford,224834.85
JUN6832,2021,PRETO,standart,fiat,125773.26
AZJ1862,2000,VERDE,off road,cherry,154365.36
TAK6565,2000,PRETO,luxo,gm,214832.00
GON2666,1993,AZUL,standart,vw,107193.16
NZI4636,1998,VERDE,luxo,fiat,160577.45
XET6932,2001,LARANJA,luxo,fiat,158060.51
THY3556,1994,VERDE,off road,gwm,143152.01
CNZ5377,2001,BRANCO,off road,gm,104713.84
FXV6448,2003,AMARELO,luxo,fiat,176014.42
YJK7493,2017,LARANJA,standart,gm,128363.82
UMK9402,2018,BRANCO,standart,fiat,120367.64
XHJ9133,2010,PRETO,luxo,fiat,126129.63
SEI0151,2018,VERMELHO,standart,vw,140308.52
ZQR5740,2022,VERDE,standart,ford,75103.04
IIU7092,2005,BRANCO,off road,fiat,182101.52
RSY4248,1996,AMARELO,off road,cherry,146592.60
GSX0464,1998,PRETO,luxo,cherry,223410.33
WXJ3230,1999,PRETO,luxo,gm,184519.33
TMK2482,2025,BRANCO,luxo,cherry,201776.35
VNT7776,1992,VERMELHO,luxo,ford,144530.88
WKS4825,2007,AMARELO,luxo,gwm,191706.60
DKB6415,2017,PRETO,luxo,fiat,135284.24
XRH1507,1994,VERDE,standart,vw,133203.45
EQG5380,1993,VERMELHO,standart,fiat,109543.13
WFL7445,2013,BRANCO,luxo,vw,170350.59
EOK6281,2017,VERDE,off road,gm,152656.63
WQM0618,2020,AZUL,off road,gm,115868.35
KXY9125,2015,PRETO,luxo,vw,208901.37
ZYZ9464,2013,AZUL,luxo,vw,140189.42
NDO7270,2011,PRETO,luxo,fiat,233372.10
VLH8925,2011,AMARELO,standart,fiat,99057.43
NZK2040,2004,PRETO,luxo,ford,232272.99
LQP4727,2011,AMARELO,luxo,vw,203107.45
EBB1666,1998,AZUL,luxo,cherry,227049.42
LOA7329,2021,VERMELHO,standart,vw,104345.10
XTJ7152,2021,LARANJA,standart,vw,98927.22
ELA3403,1992,BRANCO,standart,gwm,93291.87
CHJ2411,2008,BRANCO,standart,fiat,117027.76
CTI7441,1995,AMARELO,standart,cherry,112445.37
QZP6918,2025,VERMELHO,standart,fiat,95618.64
JAR4780,2017,BRANCO,off road,gwm,203723.39
XVE6739,2014,AZUL,off road,gm,183135.43
IMN0662,1992,AZUL,off road,gwm,148148.01
IXH1970,2006,AMARELO,standart,gwm,72912.42
RRF3848,2022,VERDE,off road,ford,117960.03
KQU1354,2022,PRETO,off road,vw,172324.94
IAQ7902,2016,BRANCO,off road,vw,129200.76
JOT4609,1998,BRANCO,luxo,cherry,212364.70
MJT4939,2000,VERDE,luxo,cherry,161989.23
UUW3430,1990,BRANCO,off road,gm,117238.75
YHR7432,2021,VERMELHO,off road,cherry,150905.01
FUV9455,2010,AMARELO,off road,vw,203719.71
QTX9397,1998,AMARELO,off road,gwm,148714.32
COE2109,2019,PRETO,luxo,ford,140114.29
VOH7091,2005,AMARELO,off road,gm,135873.81
DNK9308,2001,VERMELHO,standart,fiat,102420.83
VGM8025,2003,AZUL,luxo,gwm,151579.87
XEU2983,2011,AMARELO,standart,gm,133676.43
PWG2083,2006,AMARELO,luxo,gm,224088.59
QDH4120,1990,BRANCO,luxo,gwm,123266.41
MJR2874,2001,LARANJA,luxo,ford,214853.14
OXZ9870,1990,BRANCO,luxo,gm,198977.10
XJE8158,2000,BRANCO,off road,cherry,107470.35
FSD5880,2009,VERDE,luxo,cherry,137240.22
XUA0254,2015,LARANJA,standart,fiat,85326.20
DLJ2527,2022,AMARELO,luxo,vw,246046.29
QKJ7000,2021,PRETO,luxo,gm,180414.08
ABE2273,1994,LARANJA,luxo,ford,189005.30
QMP6685,2004,BRANCO,luxo,gm,158529.46
VYX0696,2018,BRANCO,luxo,cherry,198628.44
AZT7613,2000,AMARELO,luxo,gwm,219882.22
MGX4201,2014,VERMELHO,off road,gwm,122227.67
ACS8352,2014,BRANCO,off road,vw,152004.79
FCG3882,1994,AZUL,off road,cherry,187330.99
QUU0261,2017,AMARELO,standart,fiat,82063.18
JRE6187,1995,BRANCO,standart,ford,149232.57
DBL4964,2011,AMARELO,standart,vw,75017.09
RMW0486,1996,LARANJA,luxo,vw,251672.14
QCM7086,2022,AMARELO,standart,cherry,99135.01
GPK5537,2020,VERDE,standart,cherry,149761.48
VHH4918,2015,PRETO,standart,gm,136408.16
FSC5745,1996,AZUL,luxo,fiat,223449.75
OIK4088,2009,AZUL,standart,gm,129141.10
WQU6634,2010,BRANCO,standart,cherry,106567.67
WGW0246,2019,VERMELHO,luxo,ford,244864.34
HJH5057,2021,VERDE,luxo,gm,123765.11
IST5330,1995,PRETO,luxo,ford,162231.49
LPP1875,2003,PRETO,off road,ford,205326.98
HRO0630,2014,AMARELO,standart,fiat,85154.29
RGD5134,2013,LARANJA,standart,fiat,138881.24
GKF7359,1995,LARANJA,luxo,cherry,164003.50
BOE6079,1990,VERMELHO,standart,ford,140185.95
ZWN6969,1996,VERDE,off road,fiat,140447.78
BGG5220,1992,VERDE,standart,fiat,135090.65
GWS2501,1992,PRETO,standart,vw,88766.08
DWJ0816,2012,PRETO,luxo,gm,245016.21
UUY3894,2001,BRANCO,standart,cherry,118983.27
SQG4590,2009,LARANJA,standart,ford,146657.76
ZHY4282,2017,PRETO,off road,gm,123773.50
ZLY7117,2000,AMARELO,luxo,vw,140358.65
UYI1636,1990,VERMELHO,off road,ford,149473.40
QUD7178,2011,LARANJA,off road,fiat,179564.92
YNY1206,2004,AMARELO,standart,cherry,122850.00
XRG7564,2019,BRANCO,off road,vw,193974.54
QSQ6477,2004,AMARELO,standart,ford,84606.81
CQT3882,2020,LARANJA,off road,vw,167963.99
RDI3862,1994,VERDE,luxo,fiat,207736.50
RIQ2423,2025,AMARELO,off road,cherry,173322.01
JIG1741,2014,AMARELO,luxo,gwm,219350.10
PVQ1390,2005,AMARELO,off road,ford,195442.13
FIF3701,2000,VERMELHO,standart,cherry,139902.61
CRO0329,2006,VERDE,standart,gm,145766.03
MYK0497,1995,BRANCO,standart,fiat,94479.02
BGU8908,1992,LARANJA,standart,cherry,116236.49
GXS9250,2009,VERMELHO,standart,gwm,95461.60
KJO3983,1997,AZUL,standart,ford,127856.57
SWV9706,1993,LARANJA,luxo,cherry,157696.17
LZH9097,2016,PRETO,standart,vw,127171.56
TPS2222,2018,AMARELO,off road,vw,164130.20
TZF3577,2004,AZUL,off road,ford,107682.21
FAU9850,1999,AMARELO,luxo,fiat,240228.18
IKX3071,2000,PRETO,off road,ford,112036.21
SSO6125,2020,PRETO,standart,fiat,91328.72
KPK0920,2002,BRANCO,luxo,vw,192405.63
MFC3059,2000,AMARELO,off road,ford,183538.59
PSN7015,2000,AMARELO,standart,cherry,84238.07
QLV4898,2016,PRETO,standart,vw,112879.37
SDB8911,1995,AZUL,off road,ford,198000.27
ZZG7469,2000,PRETO,luxo,vw,147406.11
YKG8334,2022,VERDE,luxo,ford,137414.93
GKM9509,2009,AMARELO,luxo,cherry,185319.20
AXH9140,2014,VERDE,off road,fiat,179284.15
BEQ7838,2005,AZUL,luxo,gm,127770.80
ZCO4034,1990,VERDE,off road,gwm,121284.13
QPU7646,2016,VERDE,standart,ford,78067.11
VYD8878,2009,BRANCO,off road,vw,192256.06
YYU7361,1996,VERDE,standart,cherry,106758.58
FWV2819,2013,LARANJA,luxo,cherry,168058.72
ILX0568,1999,VERMELHO,off road,fiat,122712.52
KGP4502,2023,LARANJA,luxo,ford,154692.67
EMD7729,2003,BRANCO,off road,gm,112564.26
VJG5779,2001,VERDE,standart,fiat,98327.35
YTF4449,2014,PRETO,off road,cherry,160155.63
GCQ3687,2001,VERDE,luxo,vw,151678.85
QPF2621,2009,VERDE,off road,ford,136285.04
RUR9896,2023,VERMELHO,standart,ford,84205.42
LLG2038,1997,AMARELO,off road,ford,99748.26
COO7776,2014,BRANCO,standart,fiat,106401.25
HBQ0067,1993,LARANJA,luxo,vw,240786.78
FSN0823,2015,VERDE,off road,fiat,98794.71
FHB5801,2003,PRETO,off road,gwm,158865.21
WTB7838,1995,VERMELHO,standart,cherry,74324.11
ABA6534,2010,LARANJA,standart,gwm,82059.91
PYO6937,2023,AMARELO,off road,gm,104664.90
BEC9293,2004,PRETO,off road,ford,199463.54
WJS1828,1998,VERDE,off road,cherry,148351.03
CNW4090,2009,AMARELO,off road,ford,153308.31
EFW4567,2019,LARANJA,off road,gm,125769.83
SUE4549,2000,AMARELO,luxo,cherry,232661.64
SBV7509,2018,AMARELO,standart,ford,136720.45
RRB1701,1997,LARANJA,standart,ford,85453.25
YIJ6287,1990,AMARELO,standart,cherry,98086.82
GFD5642,2017,LARANJA,luxo,ford,158429.42
YDR1126,2013,VERDE,off road,vw,120354.49
DUX1837,2006,AMARELO,off road,fiat,113724.28
RXF2654,2011,PRETO,off road,fiat,153992.58
ZCT6676,2016,VERMELHO,off road,vw,159758.35
TDM1183,1992,LARANJA,luxo,gm,153521.26
BQL0558,2001,AZUL,off road,fiat,160308.19
CQX5637,2009,VERDE,standart,fiat,82637.92
IVY7053,2007,LARANJA,off road,cherry,139309.97
XXV3368,1990,PRETO,luxo,gm,120486.92
AJA0402,1997,AZUL,luxo,vw,167436.74
AEH9862,2023,AZUL,off road,ford,145468.12
MZB1331,1992,VERDE,off road,cherry,135488.86
BGI9021,2001,AMARELO,luxo,gwm,120068.93
FQQ4072,1997,AMARELO,standart,cherry,111080.76
UIQ8389,1992,BRANCO,off road,gm,145049.24
QBZ4933,2024,AZUL,standart,fiat,89112.40
ZHI5724,2019,VERMELHO,standart,cherry,73518.15
WDL0720,2007,VERDE,standart,vw,105174.47
BQR0170,2008,VERMELHO,luxo,fiat,220717.67
LDX1378,1997,LARANJA,standart,vw,86088.02
WVS1507,1998,AMARELO,luxo,gm,129157.95
IUR5691,2022,BRANCO,luxo,ford,132934.44
XSM5163,2024,AMARELO,luxo,ford,184821.26
ZED3999,2004,VERMELHO,standart,vw,148816.18
RMK3924,2004,AMARELO,luxo,vw,173697.08
AYS3293,2020,PRETO,standart,cherry,97859.69
BMQ1060,2017,LARANJA,off road,fiat,207140.95
VBL4479,2007,BRANCO,standart,gwm,72228.86
SGQ1987,2022,VERDE,standart,ford,118023.05
FKA4540,2012,AMARELO,luxo,ford,208974.63
HQV7537,2001,PRETO,luxo,gm,219783.81
KLM2874,1999,PRETO,off road,ford,139994.27
EZW8372,2024,PRETO,off road,fiat,174801.06
XSA7040,2005,LARANJA,luxo,cherry,173126.73
FXB8751,1996,VERDE,luxo,fiat,139900.53
EGE9192,2023,PRETO,luxo,fiat,243024.26
IKQ0047,2011,PRETO,standart,fiat,142352.35
FBB8562,2012,AZUL,luxo,vw,167844.46
FWI1840,2000,PRETO,standart,gwm,81826.56
BPC7188,1995,AMARELO,luxo,vw,254709.67
FKU9101,1994,VERDE,off road,cherry,113586.91
BIR0671,2001,VERMELHO,standart,cherry,105475.12
MRS8182,2016,VERMELHO,luxo,gwm,141696.64
JLQ9132,2009,PRETO,off road,ford,195139.59
XLX6650,2022,VERMELHO,luxo,ford,168541.17
RHA1636,2014,VERDE,standart,vw,70054.51
ZOV8500,2020,LARANJA,off road,cherry,175817.11
ZTA0189,2011,AMARELO,luxo,cherry,248374.02
PWC2195,1993,PRETO,luxo,gm,224013.74
DYC7297,2014,VERDE,standart,vw,105717.49
CAU6514,2003,VERMELHO,standart,fiat,86817.00
ZVU5129,1990,AMARELO,off road,cherry,163487.24
KZU2614,1993,AZUL,off road,fiat,118100.13
MAZ3544,1999,VERDE,standart,gwm,121962.77
CKA2103,2000,VERMELHO,standart,vw,81217.53
WXE9635,2020,BRANCO,luxo,cherry,175797.43
AQJ5511,2018,VERMELHO,off road,gm,107176.24
JSI1868,2013,LARANJA,standart,fiat,117592.14
XHL2846,2001,PRETO,standart,fiat,103609.10
IXC9070,2014,LARANJA,off road,fiat,123343.41
HSE6711,2007,VERMELHO,luxo,ford,155966.71
XMC4068,2012,AMARELO,standart,gm,137681.53
BIK6676,2022,BRANCO,off road,vw,162435.45
LXS5091,2010,AZUL,standart,vw,128560.57
TXO3820,1997,BRANCO,off road,gm,126740.33
IPA1959,2025,AMARELO,standart,fiat,100470.10
THX2966,2015,VERDE,luxo,vw,232186.82
MBY7914,2001,BRANCO,standart,ford,108237.95
IJM9486,1995,VERDE,standart,vw,135945.48
OZP5551,2000,LARANJA,off road,fiat,149529.07
QIF5060,2001,AZUL,off road,vw,169363.46
XGN9885,2018,VERMELHO,standart,ford,132994.52
WCR6677,2002,LARANJA,off road,fiat,208678.80
JNC2376,1991,PRETO,luxo,gwm,159684.24
YOK4594,1996,VERDE,off road,ford,110891.54
YDQ4890,2013,PRETO,off road,fiat,135195.78
PWK5630,2011,PRETO,standart,vw,87034.46
CCE1616,2005,AZUL,off road,fiat,149829.01
DQA8708,2015,LARANJA,standart,gm,104868.12
BXV8112,1997,AZUL,off road,fiat,196051.26
HWD5285,2023,BRANCO,standart,vw,91932.89
DDC7942,1999,PRETO,off road,fiat,106454.93
VMF9199,2002,VERDE,off road,gwm,184198.84
EXP5630,2010,BRANCO,standart,fiat,95833.41
NGE8105,2009,VERDE,standart,gm,96810.50
PWO6317,2011,AZUL,luxo,fiat,139611.85
NCA4812,2002,BRANCO,off road,gwm,155351.35
JPI2905,2015,VERDE,off road,fiat,132700.66
GUS2813,1996,BRANCO,luxo,cherry,232755.63
KJW0279,2007,BRANCO,off road,gm,163556.60
QKA9526,2004,BRANCO,standart,fiat,128926.66
XEL1700,1992,VERMELHO,standart,fiat,85018.78
SSW0434,2008,LARANJA,off road,ford,163990.55
QHV7836,2018,AMARELO,off road,gm,166868.25
GHL5544,2006,AZUL,off road,vw,141887.49
GXQ6311,2004,VERMELHO,luxo,fiat,177586.84
CWE9776,1993,VERMELHO,standart,cherry,72956.48
SLR3698,2010,AMARELO,off road,vw,195751.63
OZB2385,1992,BRANCO,luxo,vw,200959.21
EJJ2746,2020,VERDE,off road,vw,117752.44
YLG2444,1992,VERMELHO,standart,gwm,70647.73
FOK5396,2003,LARANJA,luxo,vw,183026.34
JBO5170,2004,LARANJA,off road,gm,160118.19
QFC8665,2014,BRANCO,off road,gm,191826.12
NHM9809,2019,VERMELHO,luxo,gm,175897.51
EMO3629,2018,VERMELHO,luxo,gwm,245518.59
NDQ6988,2018,AMARELO,off road,cherry,192860.46
KRI8159,1994,VERDE,luxo,vw,184469.96
UPA7433,2016,AMARELO,standart,gm,94146.36
VVJ0988,2022,AMARELO,luxo,gm,141424.68
GHE6228,2024,VERDE,luxo,ford,238820.51
ZUP8941,2003,LARANJA,standart,ford,145829.38
ITJ2098,1994,LARANJA,luxo,gm,152866.59
HYX3327,2018,LARANJA,off road,fiat,114674.29
MKQ5457,1999,AMARELO,luxo,fiat,230449.68
HYZ6562,2022,PRETO,off road,gwm,155357.28
GEX9771,2022,PRETO,off road,ford,188973.79
GKB8170,2004,LARANJA,off road,cherry,138672.73
TXQ0618,2023,AMARELO,standart,ford,141760.54
ZAA2033,1990,AMARELO,luxo,cherry,150071.39
OYJ8454,1999,AZUL,standart,gwm,126086.19
LHE5055,2023,PRETO,luxo,gm,200521.20
FZH6826,2010,VERDE,luxo,fiat,172352.33
VAU0448,2006,LARANJA,off road,vw,208273.37
CGW0965,2014,PRETO,luxo,gwm,205257.07
BME6644,2001,AZUL,off road,cherry,123097.31
TJU2237,1997,VERMELHO,standart,gm,100435.11
BYN4373,1994,AZUL,standart,gwm,126038.12
QCF8511,2023,VERDE,luxo,fiat,192523.40
NIM1666,1994,AMARELO,standart,vw,114383.80
BKA4738,2016,PRETO,standart,ford,108057.09
AZQ1513,2018,VERMELHO,off road,cherry,103668.73
IER2185,2013,AMARELO,luxo,fiat,174340.27
YAN3169,2010,LARANJA,luxo,cherry,198688.79
FHK0489,2010,LARANJA,standart,gm,81748.88
LTM1318,1996,PRETO,off road,fiat,160838.49
ZSG2991,2021,VERMELHO,off road,fiat,149370.65
IKY1775,2023,BRANCO,luxo,ford,243211.88
CRC7379,1999,AMARELO,standart,vw,137216.03
BZF6762,2018,AZUL,off road,cherry,203091.08
FQY2299,2015,VERDE,off road,gwm,157273.14
AZB8520,1996,PRETO,standart,fiat,98313.56
VPJ4310,2000,AMARELO,luxo,cherry,129954.94
QOY9299,1997,AMARELO,off road,gm,100546.95
XJG5754,2022,PRETO,luxo,cherry,176409.35
CBW7453,2002,PRETO,luxo,gm,177953.58
CHO9112,1994,BRANCO,luxo,gm,246259.27
TQC1011,1994,BRANCO,luxo,fiat,231442.28
ABK1100,1992,VERMELHO,luxo,vw,228266.88
VSD2751,1999,PRETO,off road,gm,167713.90
SBB9377,2019,PRETO,off road,cherry,179476.40
VBJ9052,1997,VERMELHO,luxo,gwm,216492.04
PCJ4370,1995,VERMELHO,luxo,gwm,210577.49
XRQ0146,1993,AZUL,off road,fiat,203299.39
NGG6748,1998,VERMELHO,luxo,fiat,207387.48
PTI3906,1992,AMARELO,off road,gwm,201899.15
JKS8735,1997,LARANJA,standart,ford,130845.73
QFU7468,2002,AMARELO,standart,vw,95432.55
OMP6436,2014,AZUL,off road,cherry,99839.09
TTR7437,1996,VERDE,luxo,gm,154207.39
PTN8504,1997,AZUL,standart,gm,90599.73
DOR6533,1991,VERMELHO,off road,fiat,200210.58
PIB4440,2015,VERDE,standart,gm,85702.95
ZBU6197,2004,PRETO,luxo,gwm,254490.21
KAK0950,2019,VERDE,standart,vw,83741.00
RLP5798,2008,BRANCO,standart,gwm,101741.90
YSO6312,2007,BRANCO,standart,gm,143990.31
KKG5894,2011,LARANJA,off road,cherry,190219.28
ZAS0945,2019,VERDE,off road,gwm,121097.89
WJR2908,2005,VERDE,luxo,ford,134496.92
ZOT8455,2007,VERMELHO,luxo,fiat,197101.42
SFI1707,2017,VERMELHO,off road,fiat,181399.01
XXK4740,2022,VERMELHO,standart,fiat,109943.30
MEZ2212,2008,VERDE,luxo,gm,239277.56
PYG4777,2007,PRETO,off road,gm,115453.22
FHB5909,2022,AMARELO,off road,ford,190536.25
ITJ2493,1998,VERDE,luxo,gwm,221972.48
FBA6782,2012,PRETO,luxo,gm,142542.21
EJX3973,1996,LARANJA,luxo,gm,158718.14
PVJ4115,2014,AZUL,luxo,vw,238654.42
TMD7740,2018,VERMELHO,luxo,ford,158622.94
RJZ5660,2023,BRANCO,standart,gwm,93165.93
XIX5570,1997,PRETO,off road,gm,113915.21
SUL6776,2015,BRANCO,standart,gm,74923.35
JPT9409,2004,AZUL,off road,vw,124586.03
XFL3665,2012,AMARELO,standart,ford,92271.30
TSG4970,2005,VERDE,luxo,gm,158963.57
JFL8714,1993,BRANCO,off road,cherry,180787.63
UOO8704,2024,VERDE,off road,vw,184724.09
QMB4596,2009,PRETO,off road,vw,118172.70
NHT1179,2022,BRANCO,standart,gm,145560.28
DTW7615,2001,VERDE,off road,vw,197847.40
FYD7821,2007,AZUL,off road,fiat,152935.72
NBW8477,1997,VERMELHO,luxo,ford,172537.36
MKR3203,2001,LARANJA,off road,ford,129712.87
CXQ1856,2001,AZUL,standart,fiat,129692.36
MQU9522,2025,AMARELO,standart,ford,81729.38
NCG9988,2011,BRANCO,off road,fiat,204897.23
WTP1649,2019,BRANCO,off road,cherry,194353.97
EMT2999,2021,AMARELO,off road,gwm,135631.36
QVQ2358,2014,AZUL,luxo,gwm,251694.62
EHU7718,2001,BRANCO,off road,gm,171558.51
HEO2793,2017,LARANJA,off road,gm,196892.21
SCN5586,2017,AMARELO,luxo,vw,140576.36
WAV9013,1997,PRETO,luxo,fiat,163579.57
WNQ7649,2025,AMARELO,off road,ford,108585.15
SNV1614,2008,VERDE,off road,fiat,188530.68
CLM0208,2011,LARANJA,off road,fiat,115969.45
CNN6044,1995,AZUL,standart,fiat,143434.86
QOL2868,2019,AZUL,standart,ford,139657.50
RIF0710,1993,AZUL,luxo,ford,163178.94
XJQ3776,1993,VERDE,off road,vw,191284.99
UHL3467,1993,AMARELO,luxo,vw,141715.99
NTC4177,1993,VERDE,luxo,vw,178177.86
RFU1435,2010,PRETO,off road,gwm,188391.88
WPJ1975,1992,LARANJA,off road,fiat,132600.25
OJI4067,2017,VERMELHO,standart,vw,81053.08
HRL3773,2001,AZUL,luxo,vw,152649.80
MTI8230,2006,AMARELO,luxo,fiat,201670.55
UND6248,1990,LARANJA,standart,gwm,148036.93
QPP6696,2012,VERDE,standart,cherry,99183.82
IUQ6141,2017,LARANJA,off road,fiat,124303.17
IEM6372,2001,LARANJA,luxo,fiat,134306.06
XBZ0235,1993,AZUL,off road,fiat,129431.71
PZS7582,2010,VERMELHO,luxo,fiat,179166.17
KYL4312,2010,VERMELHO,standart,fiat,135160.56
XLZ4259,1997,AZUL,standart,vw,95528.67
ETZ1032,1994,VERMELHO,standart,gwm,78473.14
YUW0412,2000,VERDE,luxo,gm,202177.35
SBP4697,2012,PRETO,luxo,fiat,130366.66
SWM9571,2009,VERDE,luxo,ford,232106.73
KFX2795,2002,PRETO,luxo,cherry,159399.32
QFF8446,2009,BRANCO,luxo,vw,214013.70
FMS3771,2003,BRANCO,luxo,cherry,138728.91
LVR8391,2017,VERMELHO,luxo,fiat,194736.21
QYL2960,1991,AMARELO,standart,fiat,126241.04
LUM5500,2001,BRANCO,luxo,cherry,213891.83
EIF5501,1997,BRANCO,luxo,ford,245766.57
DAS3571,1996,BRANCO,off road,cherry,106759.57
BPB3893,2016,PRETO,off road,gm,138059.22
ODI3718,2013,PRETO,standart,cherry,148434.29
WKO6014,2024,VERDE,standart,cherry,95656.02
EOK8429,1996,VERDE,standart,fiat,121866.45
YQP0540,2008,VERDE,luxo,fiat,153935.73
IIP6937,2020,AMARELO,off road,cherry,164974.88
PWY8847,2012,VERMELHO,luxo,fiat,224897.48
BYR6430,2005,AZUL,standart,gwm,148987.99
WSW4168,2014,AZUL,luxo,vw,191333.77
JUR4377,2002,BRANCO,off road,ford,143491.01
EIY5477,2019,VERDE,standart,fiat,93031.59
URH1791,2018,BRANCO,standart,vw,118206.36
OTZ2924,2007,VERMELHO,standart,cherry,125994.66
DNM5831,2017,VERMELHO,standart,gwm,132810.56
PDM6053,2015,AZUL,luxo,fiat,227478.96
HDC5086,1990,VERDE,standart,gwm,82427.14
QBG5649,1990,VERMELHO,standart,cherry,76763.09
VGN3513,1994,AZUL,standart,fiat,114222.92
SHO7560,2000,LARANJA,off road,fiat,100008.14
JCV0200,2023,BRANCO,luxo,cherry,185778.38
BZB4495,1998,BRANCO,off road,vw,147188.84
QYI0198,2020,AZUL,off road,gm,128927.14
UYL2647,1990,LARANJA,standart,fiat,145660.58
IDJ5774,2018,VERMELHO,luxo,ford,162615.50
IFJ7233,2012,LARANJA,off road,gm,129722.35
MEA9465,2009,AMARELO,off road,gm,162170.42
MFD5885,1990,BRANCO,off road,gm,112613.76
JZT5251,2013,VERDE,luxo,ford,145657.96
ZRX7875,2002,PRETO,standart,gm,107007.24
LHB0715,2002,BRANCO,off road,fiat,116484.94
JRF9002,1993,LARANJA,off road,cherry,135031.38
BDQ3225,1994,VERDE,standart,cherry,98267.67
XBA4420,2000,BRANCO,standart,fiat,148749.89
CNV2603,2019,VERDE,standart,cherry,101566.95
EZW9723,2007,BRANCO,off road,gwm,197797.81
VLQ9721,2006,VERDE,standart,cherry,87562.02
JDM7430,1994,VERDE,standart,ford,89365.34
FDA7719,2016,VERMELHO,off road,fiat,170393.85
SVA1381,2025,VERDE,luxo,cherry,238287.84
EJB3945,2003,BRANCO,off road,ford,195216.40
FZA7915,2015,PRETO,off road,cherry,136779.14
EQM4001,2001,LARANJA,standart,cherry,120531.04
NSH7401,2011,PRETO,luxo,ford,219968.81
PRK0405,2013,BRANCO,off road,cherry,153213.14
FLZ5063,2015,VERMELHO,standart,ford,102470.66
QEK4685,2010,VERDE,standart,gm,132636.37
OHQ0702,2015,BRANCO,standart,cherry,76108.72
VAP8889,2001,PRETO,luxo,gwm,122863.99
RMW5730,2018,AZUL,off road,vw,127839.63
UJC5839,2019,AMARELO,luxo,vw,130555.72
KKP7404,1991,VERDE,standart,ford,132416.17
RVL9027,1997,AZUL,luxo,gwm,170656.58
EOP1124,2018,VERMELHO,off road,gm,143140.50
JED3583,2016,AMARELO,standart,gm,111770.58
XSW6508,2006,VERMELHO,luxo,ford,235001.62
KWV7107,1993,VERMELHO,standart,cherry,98690.29
ROU7929,2008,VERMELHO,standart,ford,101304.69
HUR0503,1994,AZUL,standart,fiat,146986.54
NSQ6587,2011,AZUL,luxo,fiat,232257.90
PNN2731,2015,VERDE,off road,ford,132972.96
DNR4188,2008,AZUL,standart,gm,120585.15
TLT6449,2020,AZUL,off road,vw,177992.90
GYO0438,1992,VERMELHO,standart,vw,136811.61
UYU6817,2003,LARANJA,luxo,vw,204394.41
AJN6958,2012,BRANCO,off road,ford,187076.65
OFT8426,2010,VERDE,luxo,fiat,145696.03
VFB5245,2015,AZUL,luxo,gm,126565.74
JYQ1354,1995,LARANJA,standart,ford,130265.17
IMS4350,2008,AZUL,off road,gwm,182965.49
KCD2163,2001,AZUL,luxo,ford,137650.04
UKX9826,2008,LARANJA,luxo,ford,195617.95
GCG8942,2016,LARANJA,luxo,gwm,136065.10
BNI2496,1996,PRETO,standart,gm,124208.43
AHE2653,2016,LARANJA,off road,gwm,152771.29
PTA9465,2017,VERDE,luxo,ford,146245.38
MNR3961,1990,LARANJA,luxo,vw,176934.90
JED0072,2007,PRETO,luxo,vw,144751.01
ABG4602,1996,LARANJA,off road,fiat,185478.09
BYR2711,1992,VERDE,standart,gm,103777.18
OJT8677,2020,LARANJA,luxo,fiat,240285.22
JNV3037,2009,VERMELHO,off road,fiat,173448.67
GQE4417,2000,VERMELHO,standart,cherry,147030.69
ZYZ9636,2004,AMARELO,off road,fiat,206451.59
IOC2050,1993,VERDE,standart,vw,70049.64
GSM6823,2014,PRETO,luxo,gm,245930.64
KKG0263,2021,BRANCO,luxo,ford,241009.84
JBZ0346,2024,AMARELO,standart,gwm,96482.31
KDB1952,1995,PRETO,off road,vw,178913.66
KTQ6707,2017,VERMELHO,off road,ford,168531.44
YMD9816,2007,BRANCO,luxo,ford,193204.97
NHO5605,1998,VERDE,off road,cherry,110270.78
XVU6065,1999,AZUL,standart,gm,124557.70
RID0444,1994,BRANCO,standart,fiat,95202.70
YVP4302,2022,AZUL,luxo,vw,195705.55
OHF1395,2016,AMARELO,standart,gm,108259.43
TPZ4186,2003,PRETO,standart,gm,70897.52
GGJ0770,1995,VERMELHO,off road,gwm,203025.30
NZR7222,2025,AMARELO,standart,gwm,107541.97
BGW9732,2005,AMARELO,luxo,ford,142986.78
XJW0208,1998,AMARELO,standart,vw,100998.86
IDE7044,1998,VERMELHO,luxo,gm,155297.53
QRS2079,2022,AMARELO,standart,gwm,132095.15
RXE9240,1996,BRANCO,off road,cherry,169080.27
QNP2844,2007,AZUL,off road,ford,181876.17
OET2375,2016,AZUL,luxo,gwm,224774.31
TAA5420,1995,LARANJA,standart,gm,110914.91
RXF2421,2000,AMARELO,off road,vw,108352.45
JDJ9449,1998,AZUL,standart,cherry,106643.26
YCL3134,1999,PRETO,off road,gm,117258.12
KGU4271,1994,PRETO,off road,vw,132500.89
FUF0176,2003,VERDE,off road,gwm,191040.52
MAT6418,1997,AMARELO,off road,gm,125312.46
HSJ6305,2008,PRETO,luxo,ford,236881.16
JGQ6797,2001,BRANCO,off road,fiat,194098.10
WRH6624,2023,BRANCO,off road,gwm,204088.00
UHG3527,2011,VERDE,luxo,gm,131600.13
HZC5289,2010,BRANCO,luxo,ford,184274.73
ZPM9055,2019,VERDE,luxo,gwm,235616.74
PDN7632,2007,VERDE,standart,gm,104656.85
YKR3287,1996,PRETO,standart,gwm,100496.79
KUU8815,1993,LARANJA,off road,ford,160755.64
VUN2796,2005,BRANCO,standart,gm,127301.38
BPF6620,2022,AMARELO,luxo,gwm,210934.36
NLP0132,1994,PRETO,luxo,vw,247996.01
APS7426,2023,AMARELO,luxo,gwm,196433.83
CZX9362,2012,VERMELHO,off road,ford,122982.65
ORZ9312,1997,LARANJA,luxo,gwm,242227.85
EGU9619,2013,AMARELO,luxo,gwm,185177.51
QWS2991,2022,PRETO,off road,fiat,143391.22
TWP1420,2005,PRETO,luxo,ford,126752.79
RZW7070,2013,VERDE,luxo,ford,191831.42
VWK5787,2012,LARANJA,luxo,gwm,200296.13
OMX5081,2003,LARANJA,off road,cherry,162711.61
EDL0666,2000,BRANCO,off road,ford,156083.24
BMI9622,1990,AZUL,off road,gm,186596.08
LZN6643,2009,AZUL,luxo,cherry,134140.95
UAM8704,2012,LARANJA,luxo,ford,185821.43
RBU3950,2003,LARANJA,luxo,cherry,134639.48
BSO7357,2005,VERMELHO,off road,cherry,157996.23
BJZ1958,2021,VERDE,off road,fiat,185644.75
EFD4811,1994,AZUL,off road,cherry,117461.14
DHL1562,1993,PRETO,off road,fiat,174050.52
RGR4217,1995,LARANJA,standart,gm,125413.35
EKR2273,2012,LARANJA,luxo,fiat,160484.01
BEP3328,1995,AMARELO,standart,ford,85894.28
STR7077,2004,VERMELHO,luxo,fiat,190579.71
FFB9008,2003,VERDE,luxo,gm,151231.98
NUY9441,2012,PRETO,standart,cherry,122749.76
JYC3336,2009,AZUL,standart,fiat,109392.66
NVR1045,2009,PRETO,off road,gm,183285.38
DUL6398,2004,PRETO,luxo,cherry,160284.62
JOW4534,2023,AZUL,standart,fiat,85387.73
DJV7998,2001,VERDE,standart,ford,85176.54
PYE6724,2015,PRETO,luxo,ford,150511.15
JJU4110,2015,BRANCO,standart,vw,115961.00
VDE6852,2016,PRETO,standart,gwm,107977.99
YVE3918,2016,LARANJA,standart,vw,126604.01
OFU7501,1996,PRETO,standart,vw,133646.72
QGY4013,2024,VERDE,standart,gwm,130348.45
DGR7134,2022,BRANCO,standart,fiat,143606.25
FBM9543,2021,AMARELO,luxo,gwm,219954.49
CGS2397,1994,PRETO,off road,cherry,156759.02
MZA5164,2022,LARANJA,standart,vw,119429.13
KCV1627,2009,VERMELHO,luxo,ford,168349.06
ZVA7227,2012,LARANJA,off road,gwm,205864.73
DWX4772,2010,LARANJA,off road,fiat,118912.64
KDT6524,1990,AMARELO,standart,fiat,135916.35
QYB1268,2006,VERMELHO,standart,vw,93289.32
FTK2556,2019,BRANCO,off road,ford,184515.13
REJ0307,2024,LARANJA,luxo,fiat,237769.58
ETR2466,2000,PRETO,standart,gm,104235.74
IEQ1169,2002,LARANJA,standart,vw,86597.58
DPQ0366,2001,AMARELO,luxo,fiat,205516.54
BAC1693,2009,VERMELHO,off road,gm,201739.16
CMI0018,2021,VERDE,standart,ford,133609.02
WJB3696,2023,PRETO,standart,gwm,122130.84
KGG3673,2006,AMARELO,off road,ford,114090.22
SVE6600,2003,AZUL,luxo,cherry,172735.63
LGC0325,2001,VERMELHO,standart,vw,103614.37
OXI3551,2016,VERDE,luxo,ford,222156.42
WHR7958,2023,AMARELO,off road,vw,115348.87
BYE3787,2020,AZUL,off road,vw,110608.20
BBG9892,2002,AZUL,off road,gwm,208932.48
HQP0799,1997,BRANCO,standart,fiat,137833.31
UZM8014,1996,VERMELHO,off road,fiat,110442.59
ZEL7375,2022,AZUL,standart,gm,79022.29
SNC8284,1995,AZUL,off road,ford,198195.44
WCC0785,2017,BRANCO,off road,ford,147906.82
YLF7024,2008,AMARELO,luxo,gm,233688.07
RVS2639,2012,AMARELO,off road,fiat,158148.14
EUD6090,2025,AZUL,off road,gm,128713.06
SKX5034,1990,PRETO,luxo,ford,162414.10
ZVS0729,2023,AMARELO,standart,fiat,149829.76
XHP3929,2011,LARANJA,standart,ford,99671.04
UZR8591,2001,VERMELHO,standart,cherry,121434.32
HNJ5041,1992,LARANJA,luxo,vw,197811.41
YNG0316,2000,AMARELO,off road,vw,155771.78
TCG4541,2001,PRETO,off road,fiat,135896.90
EXE3515,1991,VERDE,off road,ford,104117.12
UON7917,2009,AMARELO,off road,ford,170029.54
ZGL6361,1991,BRANCO,standart,gwm,106102.60
CFG6331,2022,VERDE,standart,fiat,73346.80
LMV4370,2020,PRETO,off road,gwm,186785.68
QGF7001,2010,VERDE,standart,gm,140630.91
BWU7431,1995,VERDE,off road,gwm,186999.08
LHJ2775,2025,VERMELHO,off road,gm,207734.34
CGR0667,1993,BRANCO,standart,vw,115787.76
GNK6145,1991,BRANCO,luxo,cherry,132556.60
ZBT6092,2000,VERMELHO,luxo,fiat,238209.94
MLJ2870,2010,AZUL,luxo,vw,173401.60
JSF4173,2025,AMARELO,standart,gwm,93910.59
BDE0707,2011,LARANJA,luxo,cherry,192717.43
IYY9009,1990,VERMELHO,standart,fiat,99748.60
GVO1679,2011,VERDE,luxo,gwm,126140.02
KAK3555,2006,AMARELO,off road,fiat,155131.19
STV2897,1990,VERDE,off road,ford,105942.54
EQC6705,2023,BRANCO,off road,fiat,198326.60
LWC3836,1990,AMARELO,off road,ford,186837.40
XFT4567,2024,AZUL,standart,gm,129397.40
GQU9292,2000,PRETO,standart,gm,87654.09
DXM5160,2009,PRETO,luxo,vw,212790.04
BUH6809,2016,AMARELO,standart,gm,122781.38
NDP8904,2024,LARANJA,off road,vw,121334.18
ZGN5720,2004,LARANJA,luxo,fiat,165500.19
HWI8566,2005,VERMELHO,standart,gwm,144385.85
QOA1025,2025,AZUL,standart,gm,109199.39
UHP0405,2009,AMARELO,standart,vw,97779.60
DVI4939,2009,AZUL,off road,gm,179474.70
JDV2794,2004,LARANJA,standart,ford,130851.52
VUZ5605,1993,PRETO,luxo,fiat,171357.12
RAO6497,2002,AZUL,off road,ford,100522.62
HQK1199,2015,VERDE,off road,ford,167444.48
LVL9913,2013,VERMELHO,standart,gm,90050.62
HHQ9318,2020,LARANJA,standart,vw,96587.31
URG7663,1990,VERMELHO,standart,fiat,99910.63
GPU6990,2008,BRANCO,off road,cherry,129190.37
PRE7158,2021,AMARELO,standart,ford,78138.00
MLT1208,2014,AMARELO,luxo,fiat,132349.05
MFX1909,1998,BRANCO,off road,vw,165969.71
NLK3059,2023,AMARELO,standart,ford,137090.37
ERN4953,2002,AMARELO,luxo,ford,132839.38
PVT0191,1995,BRANCO,standart,gm,75746.22
UQX0538,1994,AZUL,off road,gm,131833.71
RTH2013,1992,LARANJA,luxo,fiat,193297.88
HIJ9851,2012,AMARELO,off road,cherry,98360.91
MUN8339,1995,BRANCO,off road,fiat,109698.41
KVO8441,2004,VERMELHO,luxo,gm,140746.41
JDA0412,2013,BRANCO,standart,gwm,74925.02
RQR9334,2014,LARANJA,luxo,fiat,218925.11
EPM6941,2018,PRETO,standart,cherry,111509.47
LZM9534,2015,VERDE,off road,fiat,149608.31
WTT0771,2018,AZUL,luxo,gwm,246387.62
ASM2086,2016,PRETO,luxo,gm,201520.98
PWX9241,1993,LARANJA,off road,fiat,141532.82
VUJ6085,2020,VERMELHO,standart,gm,143344.58
MBA1126,2009,VERMELHO,luxo,ford,126499.70
ISY7724,1994,AZUL,standart,gwm,106716.25
JVE8852,2015,BRANCO,off road,cherry,196961.26
TCR0272,2023,VERMELHO,off road,vw,99853.73
FGU8811,2010,PRETO,luxo,gwm,225706.99
AVV2711,2000,PRETO,standart,cherry,111131.15
WII4205,2009,PRETO,off road,cherry,205496.97
PUN4351,1995,BRANCO,luxo,cherry,176654.36
NAV0347,1999,VERMELHO,standart,cherry,137494.97
PQW6331,2012,LARANJA,off road,vw,103889.87
LSA0501,2006,BRANCO,off road,vw,202975.79
MTM3464,2013,VERMELHO,luxo,fiat,184326.84
EFI1872,2009,AZUL,off road,gm,144046.44
VOI5468,1995,AMARELO,off road,fiat,198776.09
KYK9056,1995,VERMELHO,luxo,vw,193675.58
HBS0510,2025,VERMELHO,standart,fiat,100430.45
ATJ0277,1993,BRANCO,standart,fiat,135215.81
MJO1233,2019,BRANCO,luxo,gm,137016.41
NJD1347,2023,AMARELO,luxo,vw,237795.46
NOQ7611,2021,LARANJA,standart,ford,81427.86
KAU1723,2012,BRANCO,standart,gm,88559.89
OEN0915,2009,VERDE,standart,ford,97985.20
SDG3398,2012,VERDE,off road,fiat,116618.66
DSX3672,2007,LARANJA,off road,gwm,107190.46
ARF4848,1994,AMARELO,standart,vw,85487.06
LRS2716,2020,PRETO,standart,vw,96425.30
NZQ4017,2019,AMARELO,off road,gwm,209708.86
FQY7632,2011,VERMELHO,luxo,fiat,132387.94
MKZ4887,2014,AMARELO,standart,cherry,98799.01
CSG2539,2004,PRETO,standart,gm,141995.72
ERM7313,2007,PRETO,off road,vw,127896.13
JLA7123,1990,AZUL,off road,ford,182352.82
HHH8949,2000,AMARELO,luxo,gwm,247357.35
ZIA7516,2019,PRETO,standart,cherry,99845.85
UOS1634,1991,PRETO,standart,gm,119809.48
ICM4447,1999,BRANCO,luxo,gm,223451.56
KQN3312,2013,AMARELO,luxo,fiat,172309.61
WSR9442,1999,LARANJA,standart,ford,149615.58
BCX4851,1998,AMARELO,off road,gm,158031.94
XHU5894,2013,PRETO,luxo,gm,159844.11
TAQ0528,2018,AZUL,standart,gwm,104102.53
VWL9887,2010,AMARELO,off road,gm,144490.14
CWE4310,1998,PRETO,off road,gm,188074.51
YPM4428,1995,VERDE,luxo,cherry,129996.95
WOY4783,2005,LARANJA,luxo,ford,162844.56
SJD3319,2016,AZUL,off road,cherry,136515.21
IAE4911,2001,LARANJA,standart,ford,113204.86
XUE9896,2006,BRANCO,luxo,fiat,156363.14
XVJ5961,2014,PRETO,luxo,gwm,168931.24
OGD6178,2016,VERDE,luxo,gm,148875.11
XBH1011,2009,VERMELHO,off road,gm,186141.95
YGV9936,2014,VERDE,luxo,vw,217671.50
GUE4238,2010,PRETO,off road,gm,184711.34
NMP1353,1998,LARANJA,standart,ford,141094.58
ZOG1160,2013,AMARELO,luxo,ford,221471.30
FRV2494,2004,VERDE,luxo,vw,129469.72
PJR2621,2007,BRANCO,luxo,vw,249631.08
BEW1205,2022,LARANJA,off road,vw,102224.09
LCZ7384,1997,VERDE,luxo,gwm,159453.19
LJK4351,1997,VERMELHO,standart,gwm,80417.78
DPL3577,2001,AZUL,luxo,ford,253537.17
FMD1733,2003,LARANJA,standart,gwm,99381.48
QWP0160,2014,BRANCO,luxo,gm,215767.48
RWE3985,2017,AZUL,standart,gwm,125224.08
SQA4374,2006,AMARELO,standart,ford,83557.10
WKM0071,1996,AZUL,luxo,vw,157232.17
XVR3274,2002,VERDE,standart,vw,74743.88
MEG5730,1996,PRETO,standart,vw,76601.23
YQG4826,2010,PRETO,off road,cherry,128100.91
VHP2555,2006,VERMELHO,off road,vw,118759.53
UZZ6329,2000,VERDE,luxo,fiat,159106.42
VOW0581,1993,VERMELHO,standart,gwm,108152.76
VAM3181,2004,LARANJA,luxo,cherry,192676.35
GVK7445,2012,VERMELHO,off road,fiat,135917.04
LIF5979,1998,AZUL,standart,vw,82824.32
NCL2429,2005,BRANCO,off road,fiat,114655.66
KXU0555,2023,AZUL,off road,cherry,188280.36
JZC9785,1997,PRETO,standart,vw,115971.46
HMJ4854,2004,BRANCO,luxo,fiat,173271.12
OUO7634,2016,LARANJA,luxo,ford,230916.70
ZHE1423,1997,PRETO,luxo,vw,133558.49
PPB9662,2016,AZUL,off road,gwm,112701.19
ITM0061,1999,VERMELHO,standart,fiat,82015.60
FLT6521,2016,LARANJA,standart,gwm,94240.62
UWY3767,2011,AMARELO,luxo,ford,132937.01
ITE5245,2011,VERMELHO,off road,vw,126946.44
IPE4761,1991,PRETO,standart,gwm,109414.73
AJT8445,2015,LARANJA,off road,gm,172680.06
WMS3684,2002,BRANCO,luxo,gwm,142390.17
BVM4529,2011,PRETO,off road,gwm,126747.81
DPQ3635,2015,BRANCO,standart,vw,149853.24
QIB6651,2016,PRETO,off road,gm,145777.00
XEC6616,2015,VERDE,luxo,cherry,174465.49
IQF2006,2022,AZUL,off road,ford,108928.89
GGM2389,2009,AZUL,luxo,gwm,230391.38
NRS4878,2002,AZUL,luxo,vw,145733.72
IYL3656,1995,AZUL,luxo,gm,129767.29
MQJ6843,2009,BRANCO,luxo,gwm,230146.43
ZJS7263,2019,LARANJA,luxo,ford,158300.40
ZEA4329,2019,BRANCO,luxo,gm,198798.99
BUT9177,2019,LARANJA,off road,fiat,196262.03
CEY9010,2025,AZUL,luxo,vw,178725.98
AFT2125,1998,AMARELO,off road,ford,125337.54
WBD8236,2006,LARANJA,luxo,gwm,153145.81
KCO8212,2004,PRETO,off road,fiat,125658.91
YBK3517,1993,BRANCO,luxo,cherry,157409.25
BKU2627,1990,AZUL,off road,vw,130091.72
ZLY2555,2002,AZUL,standart,gwm,90515.38
WWV2148,1996,BRANCO,off road,fiat,141209.16
SRQ7792,2021,VERMELHO,off road,gm,113801.45
YSG3379,2012,PRETO,standart,ford,70413.33
OZC9243,1996,AMARELO,standart,gm,86804.99
BKN0981,2015,AZUL,luxo,gwm,126632.57
GNT1076,2009,LARANJA,luxo,vw,252441.10
MIH8115,2002,PRETO,standart,ford,129512.50
JRD4454,1995,PRETO,luxo,gwm,239215.74
NKY5844,1998,PRETO,luxo,gwm,144953.05
WAJ2367,2024,AMARELO,off road,cherry,153403.74
IXJ1113,2022,VERDE,off road,cherry,194830.78
BSE3236,2011,PRETO,luxo,gwm,174590.18
PGW1875,2008,AZUL,luxo,fiat,173397.13
FKI1006,2020,BRANCO,standart,cherry,75844.32
LCZ9360,1994,PRETO,standart,ford,117087.77
FVJ3362,2025,PRETO,luxo,gm,183373.89
GJW6340,1991,PRETO,standart,gwm,140916.57
KJT6717,1992,PRETO,luxo,vw,189489.06
BHV0467,2017,LARANJA,off road,gwm,145187.22
IER9052,1993,AMARELO,standart,ford,98930.41
LER9434,2022,BRANCO,standart,cherry,147138.99
CRN4970,2001,LARANJA,standart,vw,77597.33
OGR5470,1996,AZUL,luxo,cherry,236240.33
MMF6932,2016,VERDE,standart,gwm,76848.80
KEG0365,1994,AMARELO,off road,ford,135898.76
XFC3848,1995,LARANJA,luxo,ford,165855.37
KJU2721,2025,AZUL,off road,gwm,163586.06
JAW5099,2021,LARANJA,off road,fiat,135056.69
KFR0740,1991,AZUL,luxo,fiat,194222.08
VWF4471,1998,AZUL,luxo,ford,177732.13
ZAX5390,1999,VERMELHO,off road,ford,158740.94
VRO5444,2000,PRETO,luxo,cherry,176199.66
OMK4475,2023,AZUL,off road,fiat,158757.56
QKY0782,2005,AZUL,luxo,gwm,210594.90
YKA8888,2024,LARANJA,luxo,vw,182826.25
LMO0213,2005,AZUL,standart,vw,71950.31
KOW9212,2024,VERDE,luxo,cherry,122804.90
XQF4915,2013,VERMELHO,standart,gwm,94680.77
YIY1555,2017,VERDE,luxo,cherry,136497.61
GGK9783,1997,VERMELHO,off road,gm,197674.20
QXV1527,2009,BRANCO,standart,gm,117825.14
HBI5279,2016,VERDE,standart,fiat,111215.94
JAN4185,2005,PRETO,off road,cherry,120068.44
QOB9203,2009,AZUL,off road,vw,149387.30
SRE1596,2024,PRETO,standart,ford,124013.33
CZX9917,2005,AZUL,standart,ford,82033.23
OPD7793,2022,LARANJA,standart,vw,79368.72
WDJ4741,2008,LARANJA,luxo,gm,233432.87
WYE4093,1998,PRETO,off road,fiat,124393.22
DAO6954,1998,PRETO,standart,cherry,125463.31
GIF4471,2025,AZUL,off road,vw,141790.56
ZKV6027,2009,AZUL,standart,gm,91798.34
KNE8846,2000,BRANCO,luxo,fiat,128387.46
IFC0195,2000,AMARELO,luxo,ford,174920.42
QEN4344,2021,LARANJA,luxo,gwm,220450.57
GYC3044,2018,AMARELO,luxo,fiat,233821.77
ZNE9398,1991,PRETO,standart,ford,117666.54
GXH1915,2005,VERMELHO,luxo,fiat,232295.43
GOB7028,2017,PRETO,standart,gwm,96724.78
KUW7266,1990,AMARELO,off road,vw,100629.12
PVG5934,1997,LARANJA,luxo,vw,220580.96
BCI8116,1998,PRETO,standart,cherry,87139.76
EGL3276,2021,PRETO,off road,ford,169665.52
CQW5817,2011,AZUL,luxo,ford,145709.04
TBE2654,2002,AZUL,standart,ford,85353.00
OBG3922,2017,LARANJA,luxo,vw,228650.92
JQE1843,1992,AMARELO,standart,vw,75188.42
FTT2576,2020,VERDE,standart,vw,90652.12
ERJ6277,1999,VERDE,luxo,ford,154689.71
DZC9037,2008,AMARELO,off road,cherry,143531.85
ELO7759,2025,BRANCO,off road,cherry,123948.70
ZGW5661,1996,LARANJA,luxo,gm,127550.57
WPA0735,1997,VERDE,off road,gwm,126731.85
IVK3806,2011,PRETO,off road,fiat,193815.12
KEP5415,2016,VERMELHO,off road,gwm,199753.03
LWN7258,2016,AMARELO,standart,gm,100803.43
EVS5518,1991,PRETO,standart,gwm,104653.86
PEU2079,2006,AMARELO,standart,gm,139731.90
FWF3524,1990,VERDE,luxo,fiat,131348.03
QAI2805,2005,PRETO,standart,vw,142526.07
KKF0419,2015,AZUL,off road,ford,199735.23
USV1853,2023,PRETO,standart,gwm,139654.98
AON2786,2022,VERMELHO,off road,gwm,120097.53
RDB1273,2015,BRANCO,luxo,gwm,205962.62
QAH8899,1993,AZUL,off road,fiat,193170.91
DMT0454,2024,VERMELHO,luxo,cherry,146246.76
OSZ4717,2004,PRETO,off road,vw,158139.88
PGC1287,2014,PRETO,off road,cherry,111500.23
OZS7557,2007,PRETO,standart,gwm,136557.37
ASS8621,2022,VERDE,standart,fiat,113233.84
YJY0966,2021,AZUL,off road,gwm,118710.54
IJC3153,1992,AMARELO,off road,fiat,173455.87
EYH3120,2001,LARANJA,off road,vw,205742.44
MYH2434,2007,VERMELHO,luxo,ford,127958.64
ECZ4285,2024,AZUL,off road,vw,116874.10
MTC1099,2008,PRETO,off road,gwm,100525.05
ICR7663,2002,PRETO,standart,gm,102983.49
WDR0828,1993,PRETO,standart,fiat,98058.39
UIX0326,2018,AZUL,standart,vw,102663.98
JEA0506,2017,AZUL,standart,gwm,114697.11
QDL4158,2025,AMARELO,off road,ford,132637.10
BNR0178,2019,VERMELHO,standart,ford,142151.13
WAB3190,2018,VERMELHO,luxo,gm,143999.14
KRM8694,2020,BRANCO,luxo,ford,203589.79
ZLZ9212,2025,AMARELO,standart,vw,111175.95
TDJ5707,2011,AMARELO,off road,fiat,171249.52
CUA4229,2017,AZUL,luxo,fiat,119131.04
TQQ1162,2013,AMARELO,off road,vw,123883.69
WEM9433,2012,VERMELHO,standart,ford,126869.48
ROD1202,1998,VERMELHO,standart,ford,128444.91
WLJ5563,1990,LARANJA,standart,cherry,119991.15
ZSV7296,1991,PRETO,off road,gm,189741.33
PTK0630,1995,VERDE,standart,gwm,98191.59
QBT4294,2021,PRETO,off road,cherry,129445.67
RPU8388,2019,VERDE,standart,gm,126935.08
ZCW0919,1994,AZUL,luxo,gm,210403.48
VUY8170,2020,AMARELO,luxo,fiat,184717.59
DDM6979,2010,AZUL,luxo,ford,151441.98
PAN6990,2019,VERMELHO,standart,gm,143773.83
GNR7567,2003,LARANJA,off road,cherry,204060.24
LUB1512,2022,LARANJA,off road,vw,112832.78
BCI0652,1992,LARANJA,standart,gwm,103337.01
QCK1671,1993,PRETO,standart,cherry,120601.32
OJZ7688,2012,BRANCO,standart,fiat,98198.48
OLX4203,2012,PRETO,standart,ford,70002.47
ZGM1587,2006,VERDE,off road,vw,148229.00
WIC0274,2003,BRANCO,standart,vw,99538.95
LPL0008,2007,BRANCO,off road,vw,189381.86
XSK3709,2010,VERMELHO,standart,gm,103740.67
TWG3773,2012,LARANJA,standart,vw,127445.90
SUQ8128,1999,PRETO,standart,gwm,141194.84
VUV6020,1995,AZUL,standart,gwm,128353.93
LOU0297,2001,AZUL,off road,gm,116150.21
ZGI4032,1994,AMARELO,off road,cherry,163367.44
YRR6744,2003,VERDE,standart,vw,102512.44
TOJ7028,2003,VERDE,standart,ford,123697.60
WEN1806,2023,PRETO,standart,gwm,103972.52
SOG8389,1993,VERMELHO,standart,gwm,141004.69
XGG1218,2018,AMARELO,luxo,gwm,228230.82
AYJ9057,1992,LARANJA,luxo,vw,231846.21
AFJ9901,2012,PRETO,luxo,vw,199601.32
FVS6296,2013,AMARELO,standart,cherry,147878.59
GPI4821,2020,AZUL,luxo,gwm,233537.43
HFK7848,2022,PRETO,luxo,gwm,217414.76
QXW7639,2010,AZUL,off road,gm,166666.94
MBQ1285,2005,PRETO,luxo,fiat,143995.02
UFX6174,2010,BRANCO,luxo,gwm,154831.39
IZV2902,2003,VERDE,off road,vw,120993.76
WVH7649,2014,VERDE,luxo,fiat,204096.91
KCP7003,2005,PRETO,off road,cherry,108931.08
CVY1946,1994,AZUL,off road,fiat,141838.37
QNA3194,1990,BRANCO,off road,gwm,116274.60
KOA4897,2011,BRANCO,off road,ford,142944.86
LKE9498,1996,PRETO,luxo,ford,198800.63
CJO0600,2007,VERMELHO,standart,vw,97065.97
SAF3080,2017,AMARELO,off road,cherry,187067.91
EEH9600,1997,LARANJA,off road,fiat,143047.40
WYX0934,1990,VERMELHO,standart,ford,79269.18
BVX3545,2002,LARANJA,standart,gwm,82720.13
WZW2066,2012,LARANJA,off road,gwm,189418.52
FGW1112,2012,AZUL,standart,ford,134473.98
RLG3171,2014,VERDE,luxo,ford,199527.51
RRJ6721,2022,AZUL,luxo,vw,167213.40
RBL3695,2015,BRANCO,off road,fiat,151831.97
VBW0117,2008,VERDE,luxo,cherry,206304.81
OPR6248,2024,AMARELO,standart,vw,108590.39
XOO1430,2009,LARANJA,off road,cherry,204201.63
ZBH9462,2011,BRANCO,luxo,gwm,235471.19
UVC4901,2000,VERDE,luxo,vw,157546.67
QKB9646,1996,AZUL,standart,fiat,138528.91
MOG6830,1996,VERMELHO,luxo,gwm,250079.79
GZF4161,2000,LARANJA,off road,cherry,139024.92
NEU0106,2015,AZUL,standart,vw,142541.32
LOX4032,2000,AZUL,off road,gm,152976.72
CTF2514,1990,AZUL,luxo,gwm,190053.35
CBY0828,1996,LARANJA,standart,gwm,88298.49
AHE7588,1991,BRANCO,luxo,fiat,144264.65
FUT5130,2022,LARANJA,luxo,gm,141828.25
GMH0255,1996,VERMELHO,standart,gwm,145638.58
WIQ6196,1998,AZUL,standart,ford,76014.73
WCN4265,2010,LARANJA,standart,fiat,103735.13
CMQ5740,2019,VERDE,luxo,gm,234486.26
EQB5873,2014,LARANJA,off road,ford,120304.66
WCI2170,2015,AZUL,off road,vw,176175.07
QLY7007,2011,AMARELO,standart,cherry,112083.63
IAT1286,1993,AZUL,off road,fiat,149581.93
KCV5911,2021,AMARELO,luxo,ford,220873.38
FYH8480,2001,BRANCO,standart,gwm,117242.81
LNG5774,1993,AZUL,luxo,fiat,223773.56
BRU3099,2021,BRANCO,standart,gwm,120442.89
HCE7060,2019,LARANJA,standart,cherry,102417.42
PJN9896,1998,LARANJA,off road,ford,174261.06
XVL5504,2000,AZUL,luxo,fiat,254378.64
MXN4207,2005,AMARELO,standart,cherry,138175.28
YAM4234,2021,PRETO,standart,vw,72551.39
CBZ5354,2020,AZUL,luxo,vw,177576.15
DYZ5186,1990,AZUL,luxo,fiat,123273.71
HVE0683,2002,BRANCO,standart,gwm,85948.10
ENY3182,2023,BRANCO,off road,gm,106109.99
BGL9948,2016,BRANCO,luxo,ford,156057.59
UEG6114,2023,AZUL,off road,gwm,145349.93
WPA4837,2010,AMARELO,luxo,fiat,244214.60
AGT5433,2002,VERMELHO,luxo,gwm,213482.62
RQS7176,2018,BRANCO,standart,vw,85366.09
YJY3792,2009,PRETO,standart,ford,83723.15
YRY0138,1991,PRETO,off road,ford,205394.77
FAE8658,2016,AMARELO,standart,gm,70146.46
NFK3324,2002,VERDE,luxo,cherry,136235.59
BKY8159,1991,PRETO,standart,cherry,79460.87
HWJ3750,2006,VERMELHO,off road,vw,176037.17
GYG2166,2020,PRETO,luxo,gm,142091.35
XZI2851,2022,BRANCO,off road,ford,181445.68
KAZ2611,2005,VERMELHO,luxo,gm,222714.87
IYB8216,2025,PRETO,luxo,ford,121560.96
QOD5906,2015,VERDE,off road,gwm,162555.67
FGN3838,2005,VERDE,standart,vw,78142.16
RAF2546,2014,LARANJA,off road,vw,186780.53
WNV8480,2009,BRANCO,standart,vw,77479.14
JDQ1046,2019,PRETO,off road,ford,206069.85
QEQ2447,1993,PRETO,luxo,cherry,203099.60
NEA4757,2000,VERDE,off road,ford,135908.33
ZUZ4818,2012,VERDE,luxo,vw,136714.27
ZKE7441,2012,VERMELHO,standart,ford,106010.57
UIX0426,2022,BRANCO,luxo,gwm,231829.61
QVL8885,2012,PRETO,standart,cherry,149478.02
GNK8962,2018,AZUL,standart,fiat,129680.90
SMI5593,2009,PRETO,off road,gm,178386.25
AEW3092,2016,AMARELO,standart,ford,98552.80
QEP0400,2015,BRANCO,off road,fiat,205309.29
FRA8567,2020,LARANJA,off road,gwm,152378.94
AQT7074,2022,VERDE,standart,cherry,77466.57
IAU2054,2003,AMARELO,off road,ford,167522.07
JTP3011,1997,BRANCO,luxo,gwm,152886.32
HZL3914,2008,AMARELO,off road,gm,152177.40
GNU5827,2009,PRETO,luxo,vw,154895.70
JPD5160,2006,PRETO,luxo,vw,239761.72
EQS2943,2005,VERMELHO,standart,ford,133337.52
JDZ7238,1998,LARANJA,standart,ford,88483.21
WEA7701,2016,VERMELHO,off road,cherry,134094.69
ZCQ1816,1995,AZUL,off road,ford,138704.85
CCK0487,1998,PRETO,standart,ford,99080.11
LVG7320,2018,VERDE,luxo,fiat,242465.97
HYP2693,1992,VERDE,luxo,cherry,183369.65
NQM7282,2020,BRANCO,off road,fiat,118318.17
NLS4877,1999,BRANCO,luxo,cherry,227218.18
TLX8477,2018,LARANJA,off road,ford,186505.90
MAR6160,2009,VERDE,standart,ford,85409.27
BQK0102,2005,AMARELO,standart,ford,96284.92
VNC4858,1999,AMARELO,luxo,vw,193898.58
HQD6952,2020,LARANJA,standart,gm,133745.71
ZAV5283,2011,AMARELO,off road,vw,194051.28
SID3623,2024,LARANJA,luxo,gm,219479.81
FKS9045,2014,LARANJA,off road,gwm,186884.01
WUJ1995,2014,VERDE,luxo,vw,165872.93
YXE5250,2001,VERMELHO,standart,gm,140819.80
OFF0904,2023,AZUL,luxo,vw,124333.43
MIC5240,2010,AZUL,luxo,cherry,167056.02
XVA9451,2000,LARANJA,off road,fiat,132999.89
AJB1567,1993,AMARELO,off road,gm,120863.40
ZMG7551,1996,AMARELO,off road,gwm,176005.27
PFV3839,1994,BRANCO,luxo,fiat,190888.67
SOW5886,1993,LARANJA,off road,cherry,105920.54
EWO6192,2010,VERMELHO,luxo,ford,182042.39
RZA8116,2016,BRANCO,off road,gm,166993.06
XCR5578,1997,AZUL,standart,vw,112713.39
MGU7726,1993,VERDE,luxo,cherry,150193.47
WNG8076,2004,VERDE,standart,fiat,129116.21
BTX9408,1999,PRETO,standart,gm,116221.65
ISX8136,1991,PRETO,off road,gm,154530.90
DRP2660,2020,VERDE,luxo,ford,252248.56
AKO5196,2004,VERMELHO,standart,ford,120475.38
RHW8928,2009,PRETO,standart,gm,90626.06
MVZ1180,2011,PRETO,luxo,ford,170957.23
MAJ1359,1993,VERDE,luxo,ford,208734.84
LQP5547,2013,BRANCO,luxo,gwm,196993.60
VQC8241,2000,AZUL,luxo,fiat,252273.12
XYX6169,2003,BRANCO,luxo,gwm,211867.79
CPO1485,2019,BRANCO,standart,ford,106731.03
LPJ4760,2015,BRANCO,standart,gwm,139414.72
HAG6387,1991,BRANCO,luxo,vw,223491.10
TWY1143,2023,BRANCO,standart,gwm,80260.25
ECG9502,2023,AZUL,luxo,fiat,254722.78
YGH0496,1998,AZUL,standart,gwm,105092.57
QCP8663,1996,VERDE,off road,ford,179802.50
CNH6462,2025,VERMELHO,luxo,vw,166270.56
UIL4854,2000,AZUL,off road,gm,194528.54
YKY0630,2023,VERMELHO,off road,vw,162482.57
HGQ8275,2014,AMARELO,off road,cherry,130285.40
QSP8823,2006,PRETO,standart,gm,102479.86
TSZ1578,2017,PRETO,luxo,fiat,126432.16
JET0605,2002,VERDE,standart,gm,146825.23
ZWS4522,1995,VERMELHO,luxo,vw,159464.79
NHD6720,2003,LARANJA,off road,fiat,177758.73
VXA2479,2014,PRETO,luxo,gm,220005.21
LJC4138,2010,PRETO,standart,ford,78855.59
EDI9990,1998,VERDE,off road,cherry,170123.53
CDM4054,2001,VERMELHO,luxo,gwm,248629.41
PGO5103,2022,AMARELO,off road,fiat,165912.32
TOJ3956,2005,BRANCO,off road,cherry,207742.74
BZP6144,2002,AMARELO,standart,gwm,109346.76
IFN6154,2012,BRANCO,off road,gm,106626.03
ZSY2565,2002,BRANCO,off road,gm,163859.14
NYD6197,2012,AMARELO,luxo,vw,231828.83
IYE1092,1993,AZUL,luxo,gwm,251164.64
BZF5118,2015,VERDE,standart,gm,149566.12
GFP7901,2000,AMARELO,luxo,gm,231970.33
BOS3721,2010,LARANJA,luxo,ford,210658.80
LVM0880,1997,PRETO,off road,gwm,181046.75
OAE3558,2018,AMARELO,off road,ford,166229.02
SEG8615,2012,BRANCO,off road,gwm,113407.28
UVI0043,2021,LARANJA,off road,fiat,157779.43
CUO1491,2018,AZUL,standart,vw,112333.88
HGZ2105,2010,AMARELO,standart,vw,149756.43
WFA2995,2018,BRANCO,luxo,ford,166714.60
RIR6236,2003,VERMELHO,luxo,vw,183942.10
GUG9199,2005,VERDE,luxo,ford,184078.76
HLJ5120,2000,AMARELO,luxo,cherry,126890.35
UHX6580,2005,LARANJA,off road,cherry,170248.55
SHT9053,2002,BRANCO,luxo,ford,246140.75
TYL9721,2022,VERMELHO,off road,vw,193412.25
HQX3364,1997,LARANJA,standart,gm,129001.68
KDI5406,2014,VERDE,off road,vw,194585.81
HQX2530,2020,VERMELHO,standart,ford,75060.68
WEJ4229,1995,LARANJA,off road,fiat,145051.72
QER2369,1991,AMARELO,off road,fiat,207147.01
RIH9482,1990,AZUL,standart,cherry,124097.90
VLZ3023,1995,AZUL,off road,gwm,100734.57
OUG0029,2022,LARANJA,off road,gwm,172844.47
FGS4983,1998,VERDE,standart,cherry,140231.08
ZQX1806,1999,PRETO,luxo,gm,195692.48
YGM1148,2005,VERDE,standart,ford,140596.33
ZBU2584,2002,VERMELHO,off road,fiat,185404.17
RBD3108,2024,LARANJA,standart,vw,90018.99
LWE9815,2019,AZUL,off road,ford,130581.77
TUU1874,2025,VERDE,off road,fiat,151104.62
BSR9013,2010,VERMELHO,off road,vw,123748.11
YXS1997,2009,AMARELO,off road,cherry,152265.82
GGC5809,2007,VERMELHO,luxo,cherry,236701.87
OOJ8637,2024,VERMELHO,off road,gwm,100267.69
SJJ6895,2000,BRANCO,luxo,fiat,213925.25
RJC5924,1995,VERDE,luxo,cherry,124722.14
YGA9611,2012,VERDE,standart,gwm,126629.65
NGZ9417,2000,VERDE,standart,gwm,105772.52
WRN0375,2007,AMARELO,off road,ford,206600.45
RDE6161,2019,VERMELHO,off road,gwm,118962.19
XXI1813,2001,PRETO,off road,cherry,108782.16
QJT0199,2020,VERDE,luxo,fiat,169279.22
NWD4304,2001,BRANCO,off road,cherry,144383.99
WOH7403,2013,AMARELO,standart,gwm,101978.28
XLW2995,2023,VERMELHO,standart,vw,133934.32
WXC6088,2006,VERMELHO,luxo,fiat,179977.91
IKQ4811,2021,PRETO,standart,gwm,121719.67
AVE1357,1995,AZUL,standart,vw,143339.76
WGG4586,1998,AZUL,off road,cherry,118760.49
FLW4910,2002,PRETO,off road,gwm,140380.57
ZON4225,2025,VERDE,standart,fiat,148964.86
PMY3412,2018,BRANCO,luxo,gm,141014.45
CVC6607,2022,VERMELHO,standart,ford,70982.18
KFC7791,2001,PRETO,off road,ford,108445.59
CJS5543,1996,AZUL,luxo,vw,171742.18
GKT3581,2007,PRETO,standart,vw,103122.19
ZSJ9436,1991,VERDE,standart,ford,112962.18
RLW6322,2015,VERMELHO,luxo,cherry,237528.29
WFY2153,2004,VERMELHO,standart,vw,116169.33
MHA0232,2023,AZUL,off road,cherry,203015.74
EPE8988,2020,VERMELHO,standart,ford,115378.72
ZBR7970,2011,VERDE,off road,vw,201465.75
IZI7153,2013,VERDE,standart,fiat,93121.38
QYU5545,2018,AMARELO,luxo,fiat,248267.08
DKN2011,1997,VERDE,luxo,vw,197091.89
EOL4680,1990,BRANCO,luxo,ford,214929.53
RUJ1118,2009,BRANCO,off road,fiat,163908.70
KPE2131,1996,LARANJA,off road,fiat,124857.49
EVW1673,2020,AZUL,off road,gwm,101008.15
NJJ1027,2000,BRANCO,off road,cherry,170844.58
IKD9488,1993,AMARELO,luxo,fiat,184397.58
XVE9150,1999,AZUL,off road,fiat,204723.38
WOK6822,2019,LARANJA,off road,fiat,173294.23
XBG8657,2010,VERMELHO,standart,fiat,90398.93
CBT9400,1990,VERMELHO,standart,cherry,86164.04
UIY4864,2013,VERMELHO,off road,ford,107628.28
TBX6677,1995,BRANCO,off road,gm,163781.53
QMO4965,2014,BRANCO,standart,vw,105914.47
IKK2330,1997,VERDE,standart,fiat,135954.21
UVV4148,1991,VERMELHO,luxo,fiat,183294.89
EEA2091,2006,LARANJA,luxo,vw,181005.67
YGY6689,2009,BRANCO,off road,vw,208910.18
QHJ4140,2024,VERDE,luxo,vw,130575.99
BAY0807,2020,LARANJA,standart,vw,120747.46
KJE9518,2006,BRANCO,off road,gwm,174947.96
LPW8746,2011,VERMELHO,luxo,gm,145060.69
ZQG1478,1991,AZUL,standart,gm,121521.70
KWW9848,2022,AMARELO,off road,gm,175553.62
XQJ8088,1991,LARANJA,luxo,cherry,211730.68
IEL4808,2013,AMARELO,standart,vw,121513.28
LHI8721,2024,BRANCO,standart,ford,95004.93
VHA5173,2008,BRANCO,off road,cherry,173075.63
LXG2419,2005,AMARELO,off road,fiat,185490.08
FNX4997,1997,VERMELHO,luxo,vw,219740.24
LEN1434,1990,PRETO,luxo,gm,140511.10
SLP6355,2022,AMARELO,off road,cherry,199798.75
GXV1756,2015,BRANCO,standart,cherry,84378.57
WTT2875,1990,VERMELHO,off road,gwm,179258.78
MBM7134,2007,VERDE,off road,gwm,185929.55
WJZ5396,2018,VERDE,luxo,gm,120411.71
MBK4177,2004,BRANCO,standart,fiat,100390.31
PEM5256,2013,PRETO,luxo,cherry,212021.86
HNN5021,2009,BRANCO,luxo,ford,189555.78
ZWO0367,2001,PRETO,off road,gm,174928.82
SMG7941,1997,AMARELO,off road,gm,162338.20
HPV6987,2012,PRETO,standart,gm,100845.27
OCS7720,2020,PRETO,off road,vw,174096.16
MGD4029,1992,PRETO,standart,gm,81178.36
JYN8457,2004,AMARELO,luxo,gwm,213872.86
IWC8581,2006,LARANJA,standart,cherry,81243.57
LCO8837,2006,VERMELHO,luxo,gwm,203151.45
BEB8456,2003,VERMELHO,standart,ford,79793.92
SMJ1474,1990,LARANJA,luxo,vw,222611.29
UQE0971,1997,VERDE,standart,gm,140654.22
OTW1352,2005,BRANCO,off road,gwm,178169.97
CUR0028,2000,LARANJA,standart,ford,121999.99
YOH7175,2021,VERMELHO,standart,ford,110882.80
CVY2288,2002,AMARELO,standart,gwm,111329.32
MRS9529,2012,PRETO,standart,fiat,76238.61
XNF2760,2020,BRANCO,standart,gwm,102719.63
SDA1554,2011,BRANCO,luxo,ford,168097.52
IPV7389,2019,AZUL,luxo,cherry,140990.17
BRJ4594,2021,AZUL,luxo,cherry,156761.85
XFC2315,2016,LARANJA,off road,fiat,130871.64
AII4332,2005,AMARELO,off road,gwm,106263.78
NQB2171,2012,VERMELHO,luxo,gm,165157.54
HPP7839,2012,PRETO,standart,cherry,75453.84
FTS3865,2025,AZUL,luxo,fiat,138925.62
KFD9906,2008,LARANJA,standart,vw,119240.40
FNR8180,2005,BRANCO,off road,ford,130008.75
EOH4749,2010,VERMELHO,standart,gm,123520.02
ZJU8693,2020,AZUL,off road,gwm,178680.16
NTG9588,1999,AMARELO,luxo,gm,144150.60
OTP6456,1998,AZUL,luxo,fiat,193579.60
SGQ6414,1999,VERDE,off road,fiat,197283.69
KEA9510,1990,VERDE,luxo,fiat,130640.11
UWA3986,2006,LARANJA,luxo,cherry,182421.54
DXU9219,2003,LARANJA,standart,vw,129536.64
MLF2801,2020,AZUL,standart,vw,73546.11
EMR7716,2001,PRETO,luxo,ford,148246.15
MFG0655,2004,AMARELO,luxo,fiat,222291.12
CDY5241,1996,VERDE,standart,cherry,139835.47
KLM3676,2017,VERDE,luxo,vw,178567.90
IFX1929,2020,PRETO,luxo,cherry,152722.02
JXX3488,2005,BRANCO,standart,gwm,131539.72
KUD4124,1997,PRETO,luxo,ford,237573.03
UKT9315,1999,VERMELHO,off road,ford,187200.92
JQZ0162,2015,PRETO,off road,gwm,209839.04
EWU1035,2012,VERMELHO,standart,gm,109861.00
QFG9730,1993,BRANCO,off road,fiat,117603.08
PWE0752,1991,LARANJA,luxo,vw,124129.59
TLP9021,2004,AMARELO,off road,ford,166832.36
JFF9098,1990,BRANCO,off road,cherry,196451.57
LSK1665,2003,PRETO,off road,vw,198280.02
BEP6570,2004,AMARELO,luxo,ford,178458.11
HLR3195,2010,BRANCO,off road,fiat,200236.84
COJ0471,2021,AMARELO,standart,vw,110378.49
JKI6724,2020,BRANCO,off road,gm,197221.55
WDB0992,2008,LARANJA,luxo,fiat,145029.81
BON8317,1998,LARANJA,standart,gm,135828.18
TAW1135,2017,VERDE,luxo,fiat,128995.42
ROA0405,1998,LARANJA,standart,fiat,98459.59
MPZ9325,1992,LARANJA,off road,gwm,126719.13
RZR6488,2000,LARANJA,off road,fiat,160001.51
LWA4464,2006,AZUL,luxo,gm,247759.82
GGR7218,2000,AMARELO,off road,ford,200582.05
OLL4547,2018,LARANJA,luxo,ford,155202.37
SWH8178,1994,BRANCO,off road,vw,161207.84
QAB8013,1999,VERMELHO,off road,gwm,158450.71
VMW8507,1999,PRETO,off road,ford,200191.78
ARH5538,1998,BRANCO,off road,vw,130941.45
AIR8068,2000,VERMELHO,off road,vw,116845.37
BQD7575,2015,AMARELO,standart,vw,78852.51
MHR0720,2009,VERDE,off road,vw,172593.86
GXX0303,2006,LARANJA,luxo,fiat,147669.95
QYF8791,1992,VERMELHO,off road,vw,167936.34
KAZ5507,2012,PRETO,off road,gwm,198286.25
RDK2148,2025,VERDE,standart,cherry,132572.18
OGR5055,1992,AZUL,off road,fiat,144043.61
VSE9209,2004,LARANJA,luxo,ford,239388.42
ONK9625,2015,VERMELHO,luxo,vw,179554.65
NLV0798,2017,LARANJA,luxo,vw,121748.27
DLR0155,2023,PRETO,off road,cherry,180365.26
BND7320,2023,AMARELO,off road,cherry,182575.64
VAZ9776,1997,VERMELHO,off road,vw,150372.34
JQG9860,2023,AZUL,standart,vw,95358.60
EOB3867,2025,VERDE,off road,gm,153244.86
SPQ8643,2023,LARANJA,off road,vw,108156.32
IUA2292,2008,VERMELHO,off road,gwm,147702.49
RZT2368,1996,AZUL,standart,gm,105801.86
XNE8237,2010,VERDE,luxo,ford,202161.38
HHE9966,2025,VERDE,standart,gm,135832.42
CBX7633,2002,VERDE,off road,ford,187827.43
NJX4269,2011,AMARELO,luxo,gm,183618.93
BKR1885,1999,VERMELHO,luxo,ford,129139.82
TSC0075,2023,LARANJA,luxo,ford,121721.27
FFV5031,2012,LARANJA,luxo,gwm,181692.86
UWA9097,2010,AMARELO,luxo,ford,199605.17
WVA6252,2019,LARANJA,standart,cherry,70146.43
FSY2291,2024,VERDE,standart,gwm,143783.82
LGG7094,2003,AMARELO,standart,gm,80007.83
KUC2146,1995,BRANCO,off road,gwm,119128.02
ITG9323,1997,VERMELHO,off road,gwm,200368.44
KXT9693,2023,VERMELHO,standart,gwm,140347.07
YIN6097,1999,VERMELHO,luxo,gwm,229621.96
LJQ4890,2008,VERMELHO,standart,vw,148737.81
DYG0286,2024,AMARELO,standart,fiat,148459.26
RDQ2627,1991,LARANJA,standart,gwm,101787.23
DJS7277,2014,VERDE,luxo,fiat,218507.17
YFL8900,1999,PRETO,standart,gwm,140531.86
RXE0267,2017,PRETO,off road,gwm,132902.96
JEJ5826,2000,LARANJA,standart,gwm,75148.73
DLK9568,1997,PRETO,luxo,ford,222387.39
RMS4278,2022,AZUL,luxo,fiat,219503.27
XXW2074,2016,LARANJA,luxo,ford,208025.86
WFL8903,2008,AMARELO,standart,cherry,146940.62
JED0500,2015,AZUL,standart,gwm,111680.53
ZFR1063,2015,PRETO,off road,fiat,170058.50
YTU9652,1999,VERDE,off road,gm,120261.13
EVF6437,2023,BRANCO,standart,vw,93394.01
SKH6531,2023,LARANJA,off road,fiat,121790.61
UWO3136,2025,PRETO,standart,cherry,101361.30
WUU3686,2001,VERDE,off road,ford,158824.01
OAM9211,2011,BRANCO,standart,fiat,98765.46
SIA7482,1994,PRETO,off road,cherry,115207.93
EEJ3900,1997,AZUL,standart,gwm,134766.05
SXI0269,2011,AZUL,luxo,vw,158113.98
QII1136,2004,VERMELHO,off road,gwm,178020.70
HKF7176,2018,PRETO,luxo,vw,155465.03
HLO0586,1993,BRANCO,off road,fiat,123815.79
KTQ2441,1994,BRANCO,off road,gm,112667.05
CUS8121,2025,AZUL,luxo,gm,154009.97
YTA6781,1992,VERMELHO,luxo,gm,194049.34
NTV3863,2020,VERDE,luxo,ford,249063.58
XLF0684,2014,PRETO,off road,fiat,189331.43
SNZ8175,2024,AMARELO,off road,ford,134190.52
KNZ5293,1990,LARANJA,off road,fiat,201187.77
GBL1014,2007,LARANJA,off road,ford,183232.27
KFG4697,2004,AZUL,standart,cherry,130076.96
WUV7499,2009,PRETO,standart,cherry,94809.77
LHI4861,2013,AMARELO,luxo,vw,216406.40
JVJ0634,2013,VERDE,off road,vw,160761.39
CCP6039,2021,PRETO,luxo,vw,209926.38
QHC8331,2011,BRANCO,off road,gwm,123028.29
LVO5634,2011,VERMELHO,off road,gm,158709.11
PIC6040,1996,VERMELHO,luxo,fiat,144652.80
RAP3757,2012,VERMELHO,off road,gm,121237.56
FKU6364,2025,BRANCO,off road,ford,164152.08
NPB0422,2025,AMARELO,off road,gwm,107115.56
IJW7208,2016,VERMELHO,luxo,fiat,231779.80
UNT1733,2023,AZUL,standart,fiat,143670.29
OUT8911,2021,LARANJA,luxo,cherry,198250.37
VQX9460,2010,VERDE,standart,gm,148041.10
OHX6370,2015,VERDE,standart,gwm,72967.86
VWQ6827,2022,BRANCO,standart,gwm,134123.08
RMV1286,1992,PRETO,off road,fiat,190535.29
PTR2297,2014,BRANCO,off road,gm,196887.12
NTZ8370,1995,VERDE,standart,gm,106492.89
LVL6605,1998,VERMELHO,luxo,ford,128888.29
HBN2550,2024,VERDE,luxo,fiat,163265.92
JAI2083,1996,AZUL,standart,fiat,98625.33
WVD8726,1993,VERDE,luxo,gwm,158270.43
EZE0794,2010,VERMELHO,standart,vw,123370.15
BHQ6533,2016,VERMELHO,off road,ford,112746.92
SYU4595,2004,BRANCO,luxo,gm,154182.95
NPY5260,1997,AZUL,off road,fiat,131854.85
LNN2725,2001,AZUL,luxo,gm,190363.60
OAW6794,1991,VERDE,off road,vw,197756.05
CCS8716,2016,VERDE,luxo,vw,254445.34
BDD1495,2015,LARANJA,luxo,ford,210554.33
SSR9937,1998,BRANCO,standart,ford,116318.30
QVX3505,2013,AMARELO,luxo,ford,143711.93
RNI5507,2022,AZUL,standart,ford,74560.86
RZB6056,2019,LARANJA,luxo,gm,154553.88
RXJ9427,2014,AZUL,standart,gwm,75774.27
KWV3686,2008,PRETO,off road,ford,167082.52
AZJ9934,2004,PRETO,standart,fiat,142766.91
URS5158,1993,VERDE,standart,gwm,148691.43
GSJ4453,2013,VERDE,luxo,gm,206316.78
TEV2390,2003,BRANCO,luxo,gwm,120794.91
WKQ3527,1991,VERMELHO,luxo,fiat,197089.00
VGB6200,1998,BRANCO,off road,gm,188766.64
VWZ5918,2008,AZUL,off road,ford,148909.14
TRP6083,2014,PRETO,luxo,gm,196767.68
JFL0984,2000,PRETO,off road,fiat,196880.22
ZRZ2984,2001,AMARELO,luxo,vw,193777.64
XHV4749,2012,VERMELHO,off road,fiat,156543.05
HLD9151,2016,VERMELHO,standart,gm,141936.00
WPA6606,1990,VERMELHO,off road,fiat,175768.93
FUF8960,1994,BRANCO,luxo,vw,254887.71
YQM4749,2013,AMARELO,off road,vw,125547.43
VXS6477,2002,AZUL,luxo,ford,240588.69
CLJ0760,2017,PRETO,off road,gm,111755.39
GFV1613,2009,VERDE,off road,gm,125593.74
JHI0304,2020,AZUL,luxo,fiat,136965.26
SNC0837,2014,BRANCO,off road,ford,208421.87
ONZ2534,2023,BRANCO,off road,cherry,115262.57
SYR7088,2011,AMARELO,luxo,ford,239298.52
BQH9350,2009,AMARELO,standart,gm,119704.92
NUE8750,2001,AZUL,standart,gm,146840.50
ETS5020,2014,AZUL,off road,gwm,195797.83
RFP2634,2023,BRANCO,standart,vw,123235.58
UPY7300,1997,PRETO,standart,ford,143709.15
GXJ1476,2012,VERMELHO,off road,cherry,169013.28
XFV8831,1996,AMARELO,luxo,gm,242019.54
ZSF2685,1995,AZUL,off road,gwm,172108.10
ZMD6351,2016,AZUL,off road,ford,185736.29
WQN1969,2016,BRANCO,luxo,gwm,248100.72
WZS7444,2021,PRETO,off road,cherry,163024.91
PAO6463,2020,VERMELHO,off road,vw,135276.75
LOV8112,2015,AZUL,standart,gm,85946.85
QYE0373,2025,AZUL,luxo,fiat,208222.38
JXZ4837,1992,BRANCO,standart,vw,133474.26
JKM4312,2021,VERMELHO,standart,gm,149748.28
VBA0288,1992,AMARELO,luxo,gm,130685.77
YVS1440,2002,LARANJA,standart,cherry,118946.80
YJG1534,1994,AZUL,off road,fiat,149608.65
CMA4977,2007,VERMELHO,luxo,ford,132064.49
FTZ5274,2008,PRETO,luxo,ford,137030.56
MZG0820,2006,LARANJA,luxo,gm,240103.54
AVY1785,2025,AMARELO,off road,gm,102506.50
EGC9220,1998,VERMELHO,luxo,cherry,161939.10
ZPS8638,2015,LARANJA,standart,gm,81068.33
TML7941,1992,LARANJA,standart,cherry,95788.67
DUE4199,2022,LARANJA,luxo,ford,195587.82
RWW6416,2006,AMARELO,luxo,cherry,127665.02
VMJ8489,2015,VERDE,off road,vw,135861.18
HMJ1915,2007,AZUL,standart,cherry,134402.13
YKR4280,2022,AMARELO,luxo,ford,149818.04
ZDZ3460,2006,AMARELO,off road,vw,103696.21
VYW8639,2019,AMARELO,off road,fiat,145757.14
FNB1116,2018,VERMELHO,luxo,gwm,216905.88
LWY4783,2012,AZUL,off road,ford,174185.38
FMS2208,2005,LARANJA,luxo,vw,217549.57
WQE9684,2014,VERDE,off road,vw,123590.40
XWT9411,2021,AZUL,luxo,gm,128475.31
YEC9857,2017,BRANCO,standart,ford,131985.39
GWI7785,2003,VERDE,luxo,ford,132927.95
BKH9996,2025,AMARELO,standart,fiat,88775.22
JNW0830,1998,AZUL,luxo,vw,188378.96
PUT2436,2018,LARANJA,luxo,fiat,214314.21
HTN1187,1999,BRANCO,off road,gwm,112122.68
UIW1472,2012,VERDE,luxo,vw,189819.32
ZLS7689,2021,VERMELHO,standart,fiat,93286.51
PMQ7538,2021,BRANCO,off road,fiat,113357.58
VCU7479,2024,AMARELO,standart,gm,71278.77
NWD6729,2008,PRETO,standart,cherry,142470.76
QEF6886,2012,BRANCO,luxo,gwm,152053.55
SKC1765,2020,AMARELO,luxo,vw,153516.35
TLC7516,1991,AZUL,standart,vw,89183.59
EGT9252,2002,LARANJA,off road,vw,161511.30
SQO8678,2018,BRANCO,off road,gwm,137202.18
EBX8202,2016,VERMELHO,standart,ford,83472.54
NFN9472,2018,BRANCO,luxo,cherry,204875.43
VGQ7086,2022,VERMELHO,standart,gwm,127742.32
BXG6495,1999,PRETO,off road,ford,112866.81
VRR0672,1994,VERDE,standart,gwm,129215.03
WUR6414,2004,AMARELO,standart,ford,141558.36
COE5879,2004,VERMELHO,off road,fiat,145017.90
CIA5189,2010,AZUL,off road,cherry,101688.45
HFY3176,2001,VERMELHO,off road,vw,143357.67
XOF6838,2013,LARANJA,standart,vw,86530.26
VHK8081,2003,BRANCO,luxo,gm,247031.55
NUW7938,2014,AZUL,luxo,fiat,151121.61
CJZ8356,2014,VERMELHO,off road,gm,109401.74
IEM4170,1990,VERDE,standart,ford,142340.75
VLY0271,1996,LARANJA,standart,gwm,133138.39
LUC0896,2009,BRANCO,luxo,fiat,241292.34
MTI0265,2025,VERDE,standart,cherry,87763.56
LZD7500,2023,AMARELO,standart,cherry,91598.64
OZQ8232,2011,PRETO,off road,gm,185513.02
NAO6252,1995,VERMELHO,off road,gm,160371.98
SGU5823,2014,VERDE,luxo,fiat,244574.47
UCC9587,1999,PRETO,off road,vw,128398.57
GYG4116,2018,PRETO,standart,vw,94406.72
VQS6371,2012,AMARELO,standart,fiat,116039.62
ASS4653,1998,AZUL,luxo,ford,131590.21
HCV9989,2015,PRETO,luxo,gm,214986.07
QXV8923,1995,VERDE,standart,gm,99878.20
NBU5765,2004,AZUL,off road,ford,197698.32
HEI5743,2021,PRETO,standart,fiat,127288.67
KTK7340,2011,VERDE,off road,cherry,164376.25
HWN7274,2005,VERDE,off road,vw,181071.84
KEA5926,2010,PRETO,standart,cherry,143479.38
DHO3682,2018,BRANCO,standart,gm,103616.97
JXY8690,2015,AZUL,luxo,cherry,231346.29
SSO6671,1995,BRANCO,off road,fiat,208318.27
DWG1625,1998,AZUL,standart,cherry,108103.55
TJY2180,2007,LARANJA,off road,gm,151847.95
OFG5303,2002,VERMELHO,off road,ford,103335.40
KDM0585,1991,AMARELO,off road,cherry,111112.23
MFN0277,2008,PRETO,luxo,gm,219315.38
CXH9366,1999,VERDE,standart,vw,123508.74
SXY0295,1997,PRETO,off road,gwm,146514.74
USU1531,2012,AMARELO,off road,fiat,102076.84
OZE7906,1992,PRETO,luxo,fiat,224816.91
UAR6395,2011,VERMELHO,off road,cherry,198464.24
YXW6278,2021,PRETO,standart,cherry,117912.04
QTP7415,2020,AMARELO,off road,gwm,190481.77
DUP6059,2004,AMARELO,standart,fiat,71514.69
XBN5016,1998,LARANJA,off road,gwm,183301.96
INN5014,2008,AZUL,luxo,vw,136204.15
TXV4789,2010,LARANJA,standart,vw,126174.98
DBL8011,2007,AZUL,luxo,ford,248061.89
RDT1651,2006,BRANCO,luxo,cherry,219275.78
RLL5165,2016,VERDE,standart,ford,92538.37
YGM0139,2005,VERDE,standart,cherry,87280.20
ZPL9025,2021,AZUL,off road,cherry,192284.46
ZNQ0694,2022,LARANJA,off road,gwm,206837.96
BQT7730,1992,LARANJA,luxo,cherry,167678.91
XBE7460,2023,AMARELO,luxo,cherry,136600.59
UQO6925,2004,VERMELHO,off road,vw,188570.65
NVH0571,2010,VERDE,luxo,fiat,167050.17
VTV3006,1995,PRETO,off road,fiat,177882.34
AMB0140,2014,BRANCO,luxo,gwm,155913.78
KYA2179,2024,PRETO,luxo,gm,177437.27
LHI0175,2012,LARANJA,luxo,gm,224849.43
JVO9068,2016,PRETO,luxo,gwm,253537.76
BUN6463,2025,AZUL,off road,gm,160671.06
DJC7189,2015,PRETO,standart,fiat,101341.05
HRB5457,2022,AZUL,off road,cherry,135110.46
DPJ5242,2017,VERDE,luxo,gm,146108.87
HJA3663,2023,AMARELO,standart,gwm,94533.58
BKL0730,1993,AMARELO,luxo,vw,122558.55
PTI7842,2001,PRETO,off road,vw,143800.73
NMR3512,2014,AZUL,standart,gwm,98467.47
VZN6268,2023,PRETO,standart,vw,141087.97
KXZ0091,2009,PRETO,standart,ford,100947.48
KWZ4004,2003,VERMELHO,off road,gwm,172571.08
CMD0278,1995,PRETO,luxo,fiat,128327.59
MSV7851,1990,VERDE,off road,gm,191866.45
EWW3570,1997,VERDE,standart,cherry,113064.56
VDU1772,1994,BRANCO,luxo,gwm,124839.38
GUL5160,2010,VERMELHO,standart,cherry,77238.58
IKE7554,1995,AMARELO,off road,ford,148459.61
WKX1323,2013,BRANCO,off road,cherry,101543.33
WHJ0738,2022,VERDE,standart,gm,73790.40
POT5475,1993,BRANCO,off road,fiat,110528.33
RUV3688,1990,BRANCO,off road,vw,102374.54
CWY5924,2025,BRANCO,off road,vw,113454.92
XPX1517,2010,AZUL,standart,fiat,141735.39
DJY2222,2025,BRANCO,standart,cherry,86882.12
DCV8710,1992,AZUL,standart,gwm,74763.88
QEK0511,1994,BRANCO,off road,cherry,129476.47
RYZ5177,2003,LARANJA,standart,gwm,79114.91
QQJ3363,1993,BRANCO,off road,ford,126740.47
OET4698,2017,LARANJA,off road,cherry,147301.50
QMR6332,2020,BRANCO,luxo,cherry,154782.21
FUH1347,2002,VERMELHO,off road,gwm,172424.36
GCQ5133,1990,BRANCO,standart,gwm,88084.00
IPC0032,2001,AZUL,luxo,vw,200045.72
SDJ7697,2011,BRANCO,standart,ford,95143.77
CCR0249,2010,AZUL,off road,gwm,183336.37
ART2986,1992,AMARELO,luxo,ford,235251.34
KVP0921,2001,BRANCO,luxo,cherry,225723.67
RRR0916,2020,AMARELO,off road,gm,177502.01
THA2812,2015,LARANJA,luxo,ford,124078.40
BQW2264,2019,PRETO,off road,vw,127371.34
VMA1782,1995,VERMELHO,standart,gwm,123668.10
EUW5325,2008,BRANCO,luxo,ford,213895.28
SVM9439,2008,VERDE,off road,ford,194960.66
XPC1225,2011,BRANCO,luxo,cherry,147998.86
UAJ7996,2009,LARANJA,standart,cherry,85930.07
WOI5318,1993,LARANJA,standart,gm,130600.94
MZI6647,2025,VERDE,standart,vw,91776.17
SFZ1696,2012,VERDE,standart,gm,107401.31
WEN6975,2014,VERDE,luxo,vw,140125.77
XMJ8588,2010,PRETO,off road,ford,184198.37
MEX2635,1993,AZUL,standart,gm,70206.48
IUX6403,1998,AMARELO,luxo,vw,152378.16
MFQ3384,2009,BRANCO,off road,cherry,107970.08
MXB6397,2007,PRETO,standart,ford,111386.30
GGL6034,2005,AZUL,luxo,cherry,123720.88
GBM2041,1998,LARANJA,standart,cherry,85495.49
WYF7296,2007,BRANCO,standart,fiat,118666.89
ZHU1017,2023,LARANJA,off road,gwm,105066.10
IAP5290,1995,AZUL,standart,cherry,72485.96
WSN7739,1995,AZUL,standart,cherry,99892.64
UME5188,1993,AZUL,off road,gm,145131.62
GIF6691,2008,VERDE,standart,vw,145719.63
EBI4717,2003,AZUL,off road,ford,208616.26
OUP2837,2005,AZUL,standart,gm,127018.53
QNY2945,1995,AZUL,off road,gm,197598.61
MSI4575,2001,PRETO,standart,vw,136739.91
RCM6603,2009,AMARELO,standart,gwm,119630.86
GEY9620,1992,VERMELHO,off road,cherry,104748.26
DNX8343,2017,VERDE,luxo,vw,159658.78
FUS0291,1994,VERDE,off road,vw,122536.17
DPJ1220,1996,PRETO,off road,ford,192976.63
XZO6246,2017,BRANCO,luxo,gwm,182966.35
ZDQ8648,2021,LARANJA,standart,ford,109208.15
NPI6472,1994,AMARELO,off road,vw,99261.26
RTT9261,2000,VERMELHO,standart,fiat,76265.00
SKO9615,2007,VERDE,standart,cherry,117762.76
IWW9800,2006,VERMELHO,standart,cherry,149924.84
GKI1992,2008,AMARELO,luxo,vw,172719.16
OWJ5448,2004,VERMELHO,off road,cherry,197157.78
KSW5504,1999,VERMELHO,luxo,cherry,136806.60
KAC1724,2003,AMARELO,off road,gwm,139671.62
VFV5694,1998,PRETO,luxo,cherry,136827.24
KPZ8381,2004,BRANCO,standart,gm,76044.45
ZTZ8319,2021,VERMELHO,standart,vw,72541.11
YXY6860,2001,PRETO,standart,gwm,139365.63
OQX8555,2013,VERMELHO,off road,ford,162807.63
CTJ6006,1992,AZUL,luxo,fiat,130411.67
OEC5156,2004,VERDE,luxo,fiat,243818.71
JTT3954,2004,LARANJA,off road,gwm,136340.90
QNH4093,2002,PRETO,off road,ford,106985.66
OQI7692,1990,VERMELHO,off road,cherry,110764.24
TTE9879,2017,AMARELO,luxo,gwm,168029.62
MBJ9146,1990,LARANJA,standart,gwm,129571.71
UWL9303,1997,LARANJA,standart,ford,70671.01
CQO2829,2024,VERDE,luxo,vw,179035.60
RGE6852,1996,VERMELHO,off road,gm,98264.71
HAR2946,1994,AMARELO,off road,gm,126625.55
OOP6974,1990,PRETO,standart,cherry,126476.89
DLG2263,1995,AZUL,luxo,gwm,232751.43
SSM1353,2009,AMARELO,off road,ford,138865.91
ARM7482,2010,BRANCO,luxo,fiat,231994.01
TQV9400,1999,VERDE,standart,vw,131482.78
GML8939,2021,VERMELHO,off road,vw,112224.27
UJE7684,1992,BRANCO,luxo,vw,247744.82
LKP8194,2017,BRANCO,off road,vw,162498.04
HTY6092,2002,VERMELHO,off road,vw,166801.23
QPY6972,2003,VERMELHO,off road,fiat,156899.07
NPJ5240,2000,VERDE,luxo,gwm,217317.91
BUQ2112,2013,BRANCO,off road,vw,113711.68
BTQ5926,1997,VERDE,off road,vw,105280.06
LUC3007,2019,LARANJA,standart,ford,107664.33
ZZN0983,2019,PRETO,standart,ford,106196.40
EID0681,2013,PRETO,luxo,vw,130383.76
WZH6402,2012,AMARELO,standart,vw,127700.67
FAW0650,2023,AZUL,standart,vw,101328.26
KZY5014,2004,AMARELO,luxo,fiat,156104.30
NMJ2548,2007,VERMELHO,standart,fiat,147443.83
BSF8990,2020,AMARELO,standart,ford,90497.62
PUG8631,1991,LARANJA,off road,ford,98944.93
CQW8397,2007,LARANJA,standart,ford,143722.39
XOM1724,1999,AZUL,standart,vw,131091.61
IWQ0474,1996,AZUL,standart,ford,99901.01
IWB1616,1998,AMARELO,standart,gm,109168.77
LDF0902,2004,BRANCO,luxo,cherry,194884.72
LRD1389,2010,LARANJA,off road,gwm,100384.08
BXH6264,1990,BRANCO,standart,fiat,76450.53
CTA4515,2005,AZUL,off road,gm,103858.91
ITL6075,2024,AMARELO,standart,gm,116439.96
XEW6452,1995,VERMELHO,standart,cherry,82606.67
LRJ0798,2017,PRETO,off road,vw,109934.21
IPG0029,1990,LARANJA,luxo,fiat,170090.91
NVR4729,2018,VERDE,luxo,fiat,123439.32
EIR3648,2017,LARANJA,standart,gwm,80228.46
FVY6913,2014,PRETO,standart,ford,131772.91
NSR1519,2009,VERMELHO,standart,fiat,111032.18
AFU2737,1991,AMARELO,luxo,fiat,142720.14
EYY4149,1990,AZUL,luxo,vw,216750.00
FDK1370,1998,BRANCO,off road,fiat,137379.46
FXG1758,1998,VERMELHO,off road,gwm,191860.21
JQK1956,1997,AMARELO,luxo,fiat,194744.16
YAM5653,2013,AZUL,off road,gm,174390.49
HLF9458,2017,BRANCO,luxo,cherry,119696.28
FUE0844,2017,AZUL,standart,fiat,145396.97
CXF6068,2011,LARANJA,off road,ford,152082.95
LIO0422,2008,AZUL,luxo,fiat,248432.26
HLO8711,1993,PRETO,off road,cherry,172629.82
EFL3730,1997,AMARELO,off road,cherry,132472.76
FXE3432,2007,VERDE,off road,ford,104732.25
VVY6033,2011,LARANJA,luxo,vw,151321.62
BLE7846,2011,AZUL,off road,gwm,194309.52
RRJ3703,2017,BRANCO,luxo,cherry,122246.47
FNM6214,2002,VERDE,luxo,fiat,141127.69
WLY4687,2015,VERDE,luxo,ford,169788.16
KOO2720,2020,VERMELHO,standart,ford,93774.42
NVJ9287,1997,LARANJA,luxo,cherry,227032.84
PHG9527,1996,AZUL,off road,ford,154104.52
EGZ6332,1991,AZUL,off road,vw,199734.13
NVJ4935,2013,VERDE,off road,gwm,126105.01
LXQ7887,1993,LARANJA,standart,vw,148181.44
TRR5448,2017,AMARELO,off road,gm,173134.23
GBW0677,2001,VERMELHO,luxo,vw,197977.24
XDD3103,2007,VERMELHO,standart,vw,81577.73
TCY1437,1992,VERDE,luxo,fiat,179371.76
DYD9109,2020,VERDE,off road,vw,154480.44
XAQ5835,2001,VERDE,standart,fiat,108859.46
VVK5568,2020,LARANJA,off road,fiat,154918.06
KLC6802,2017,VERMELHO,luxo,cherry,201569.00
WCZ5582,1994,VERMELHO,standart,ford,91738.24
JNM0479,1997,BRANCO,standart,vw,146706.79
ECD1712,2007,VERDE,luxo,gwm,179791.02
VNQ7185,2009,PRETO,off road,ford,105647.46
PEB1603,2000,VERMELHO,luxo,cherry,160162.13
VMB0661,2011,VERDE,luxo,fiat,178194.93
TEZ8651,1995,VERDE,luxo,ford,126319.38
JMU1023,2019,PRETO,off road,ford,205791.03
SCH3161,2020,VERMELHO,off road,gm,140867.00
GZO5380,1990,PRETO,luxo,vw,230112.64
HVE0124,2009,VERDE,luxo,gm,220621.26
APN6435,1994,AZUL,off road,gm,125111.07
AFT4437,2015,LARANJA,off road,gwm,194495.23
UUS4482,1996,AMARELO,standart,ford,84376.92
NLQ2227,2012,AMARELO,off road,fiat,138892.36
SAH3429,2007,AZUL,standart,ford,136605.04
BUN2909,1991,AMARELO,standart,ford,130943.09
XSG8681,2000,VERDE,off road,gm,208364.70
LIV6511,1991,AMARELO,luxo,fiat,249892.34
QJE7376,2011,VERDE,luxo,ford,229911.95
VMQ7804,2016,LARANJA,luxo,gwm,162215.57
CME3798,2002,LARANJA,standart,ford,96490.40
PYR9010,1999,AZUL,standart,gwm,123233.23
QGB6129,2013,PRETO,off road,cherry,159794.30
BSF5053,1994,VERDE,luxo,cherry,158562.76
UTG7366,1993,VERDE,luxo,ford,140641.43
RBS7538,2008,BRANCO,off road,vw,167384.75
ZBE9591,2025,VERDE,off road,cherry,203397.11
DRD6540,1990,AZUL,off road,cherry,110231.65
TPD5786,1995,PRETO,off road,ford,185437.73
BRI3731,2012,LARANJA,standart,cherry,72738.56
DQJ3843,2009,VERDE,off road,gwm,191440.52
VGA8937,2023,BRANCO,luxo,gm,167925.61
VHZ2978,2009,VERMELHO,standart,vw,111939.70
TYU2800,2012,PRETO,standart,cherry,115971.95
BHO2711,2004,PRETO,luxo,fiat,249646.17
XPN4246,1998,VERMELHO,off road,gm,145669.13
BGO0050,2019,BRANCO,off road,ford,188393.30
RYM3473,2000,AMARELO,standart,ford,140238.79
BYD5641,2013,AZUL,standart,fiat,119110.92
EQZ7317,2018,BRANCO,standart,vw,78235.69
INZ7153,2025,VERDE,luxo,cherry,180330.49
RVZ4899,2007,VERMELHO,standart,cherry,132663.00
BCG6622,2004,VERDE,off road,vw,182260.69
QLB0717,2012,AZUL,standart,cherry,138680.67
NZF3062,2007,LARANJA,luxo,gm,202414.26
AOG2149,2016,AZUL,standart,ford,146228.83
HHW4113,2012,BRANCO,luxo,vw,133822.52
DLL0388,1995,PRETO,luxo,gwm,254339.02
RVN0108,2000,PRETO,luxo,gwm,158329.73
PWE8263,2013,AZUL,luxo,vw,246333.60
HGD2075,2014,AZUL,luxo,gwm,171087.19
PEM7748,2001,VERMELHO,standart,fiat,100379.77
GCE4925,2018,AMARELO,standart,fiat,146193.77
YXQ4971,2015,AZUL,luxo,fiat,170831.30
WCM2313,2008,AMARELO,standart,gwm,116993.26
WGB5640,2024,LARANJA,luxo,ford,194843.49
RHR3912,2007,VERDE,luxo,fiat,194024.15
MTR3269,2024,LARANJA,standart,gm,72328.31
MGU8316,1990,AMARELO,off road,cherry,116509.36
AYL5117,2021,VERDE,off road,fiat,101066.01
MFA7980,1999,AZUL,off road,fiat,182178.17
CKU8700,1995,VERMELHO,luxo,ford,166904.97
NTJ9106,1993,AZUL,luxo,cherry,194149.49
LPZ9971,2016,VERDE,standart,vw,84465.82
TSW1756,1999,LARANJA,standart,cherry,71566.78
NAR1416,1991,PRETO,luxo,ford,143535.73
UVU5023,1998,VERDE,luxo,gm,182406.77
LFE9323,1990,LARANJA,off road,gm,201902.56
XRE8059,2016,PRETO,standart,cherry,141663.94
ZPY6996,2000,VERDE,luxo,vw,180262.73
CUR5208,2010,PRETO,standart,vw,95921.86
CTD3593,1996,VERMELHO,luxo,cherry,161904.62
MCV0143,2005,AZUL,luxo,gwm,194663.91
FBD3019,2003,AZUL,off road,vw,127819.09
OYF2276,2021,VERMELHO,standart,gwm,139245.82
SNO9377,2002,AZUL,off road,ford,157644.41
UDE2143,2024,AMARELO,off road,gwm,162986.06
AIB1180,2010,AZUL,luxo,gwm,227778.25
EPB5099,2010,PRETO,luxo,vw,150974.13
AGO7754,2024,AZUL,off road,fiat,158272.67
NAN1991,2021,AZUL,luxo,vw,209298.39
HES4600,2010,AZUL,off road,cherry,118882.67
HPT4136,2016,AZUL,off road,gm,155208.58
URL2415,2019,AMARELO,standart,gm,86039.88
YES0736,2008,LARANJA,standart,vw,141372.55
UOD5920,1998,VERDE,standart,ford,107484.35
BPX7016,2007,AMARELO,luxo,ford,244139.40
SJY1307,1990,AMARELO,luxo,ford,152086.21
YYB2682,2011,AMARELO,luxo,cherry,128214.55
NNI4010,2018,PRETO,luxo,cherry,231831.30
EDQ9514,2019,PRETO,off road,fiat,183917.63
IFK9738,2017,BRANCO,luxo,gwm,187168.46
UGZ2291,2008,AMARELO,standart,fiat,112578.65
ACR1850,2025,AZUL,off road,vw,190246.44
GFU1807,2000,VERMELHO,standart,gwm,103123.07
NDR3469,2005,BRANCO,standart,gwm,147334.09
PXO8175,1991,LARANJA,off road,gm,194814.03
IXD5914,2009,BRANCO,standart,gm,74244.52
FIH1369,2015,VERDE,luxo,gwm,188346.72
EMA4068,2009,VERMELHO,off road,vw,195618.15
GBH6048,2014,LARANJA,luxo,vw,232621.73
VSJ0100,2010,AZUL,luxo,gm,224752.15
JWD9966,1999,BRANCO,standart,cherry,72943.63
JHM5171,2011,AMARELO,off road,vw,164530.94
GWD9037,2019,VERMELHO,off road,fiat,100055.80
CJK3732,2015,AMARELO,standart,fiat,89507.65
ULF2435,2021,AZUL,luxo,cherry,208346.69
XZH5311,2004,VERMELHO,standart,vw,110196.14
KXW2700,1990,AMARELO,luxo,cherry,187252.53
KUJ7049,2023,BRANCO,luxo,cherry,135106.07
JYN1331,1990,VERDE,luxo,ford,157853.94
FGQ0880,2018,LARANJA,off road,ford,205341.64
UCH0137,1999,VERDE,standart,gwm,89344.19
ESZ0850,2017,AMARELO,luxo,fiat,156819.58
BGC4007,2009,VERDE,off road,cherry,186336.64
TUH6254,2009,BRANCO,off road,ford,163560.46
DEJ7167,2015,BRANCO,luxo,vw,213815.49
YVV6211,1996,BRANCO,standart,ford,99142.61
EUK8605,1998,VERDE,standart,gwm,86618.15
QOP6853,2021,PRETO,standart,cherry,116452.85
OTD8428,2023,AMARELO,off road,ford,158878.21
XQD0655,2010,BRANCO,standart,fiat,145517.89
XIX7795,2019,LARANJA,off road,fiat,204810.23
QJD4578,1990,LARANJA,luxo,vw,159481.99
WAF2143,2019,BRANCO,standart,fiat,104685.08
HWQ2813,1993,PRETO,off road,cherry,191436.64
XBJ8282,2018,VERMELHO,luxo,fiat,251603.53
MBW5094,2004,BRANCO,off road,gwm,160334.83
JOT1050,2025,VERDE,luxo,cherry,252514.30
ZXZ8277,2013,LARANJA,luxo,gwm,138802.46
EWP8261,2013,VERDE,luxo,ford,119927.49
SIR1072,2006,LARANJA,off road,cherry,115377.22
DGO6625,2007,VERMELHO,luxo,fiat,172122.62
PRD1553,1991,PRETO,standart,gwm,140139.67
UDI4681,2024,AZUL,off road,fiat,169212.21
JHS2533,2022,AZUL,luxo,cherry,233877.00
LBX5323,1995,VERDE,luxo,ford,174149.30
RBT3647,2025,PRETO,luxo,gm,180707.92
NXS4573,2001,VERDE,standart,vw,76314.58
QGC4681,2003,VERMELHO,off road,gm,166448.75
CDF6286,1990,PRETO,off road,gwm,163708.91
VGQ3979,2002,PRETO,luxo,cherry,179755.52
PSC7769,1991,AMARELO,off road,fiat,127535.95
PRF4644,2017,BRANCO,standart,gm,106709.78
CFK8324,2023,AMARELO,off road,gm,122778.91
YNF6934,2002,LARANJA,standart,ford,135593.35
SVT5992,1998,BRANCO,luxo,ford,122256.83
ABP4351,2012,VERMELHO,luxo,ford,123193.04
SCX7226,2020,VERDE,luxo,gm,195286.99
VIX2515,2008,VERDE,off road,vw,151020.13
STB4439,1992,AZUL,off road,gm,207514.79
BVE3222,2009,LARANJA,off road,cherry,133751.87
XOC9438,2018,VERMELHO,off road,fiat,150390.10
MCX4838,1990,VERMELHO,standart,fiat,111637.25
HBH6006,2003,AZUL,luxo,vw,247180.26
VEC2022,1999,VERDE,off road,gwm,145019.90
KQQ7230,2020,VERMELHO,standart,fiat,148071.53
IDG4693,2008,BRANCO,standart,gm,126759.19
OER1859,2012,BRANCO,off road,cherry,160324.51
HUE0030,2018,AMARELO,off road,ford,183727.88
AJQ8109,2000,AZUL,standart,gwm,128914.53
BXK2761,2020,AZUL,luxo,gwm,206937.50
SRA3796,1990,LARANJA,standart,vw,80324.20
TWH3935,2019,VERMELHO,standart,ford,112869.38
UWY8558,1993,VERMELHO,standart,vw,134084.75
GTQ9132,1994,VERMELHO,standart,gm,70310.64
KHU1659,2012,VERMELHO,off road,ford,167130.22
VXR1645,1990,AZUL,luxo,cherry,253175.19
IKS2953,2009,VERMELHO,luxo,fiat,217015.36
COA9386,2017,AZUL,standart,ford,126576.26
KXL1937,2009,PRETO,luxo,gwm,124481.56
OAJ3757,2010,VERMELHO,standart,ford,91004.82
SCI5907,2015,AMARELO,off road,ford,152592.07
QBA3361,2005,LARANJA,off road,cherry,119127.39
CIL1069,2011,LARANJA,luxo,vw,198651.07
SXO2567,2012,AMARELO,standart,cherry,139682.25
VNJ6151,2013,VERMELHO,luxo,gm,177574.43
WHF6739,1994,BRANCO,off road,gwm,115988.06
JPU2380,2015,LARANJA,off road,vw,112851.79
SGO3668,2008,BRANCO,luxo,cherry,169859.78
CSV7842,2015,AMARELO,luxo,gm,226882.87
RTR1216,1995,BRANCO,off road,vw,100472.99
LCH3928,2022,BRANCO,luxo,ford,244897.80
SYA1150,2001,BRANCO,off road,fiat,101412.84
EYK6768,2006,BRANCO,standart,vw,98615.53
EFO8798,1992,AMARELO,luxo,vw,247083.01
KHW8034,1991,BRANCO,luxo,fiat,209567.25
GCA6964,2016,VERMELHO,luxo,ford,128400.66
QNI7969,1990,PRETO,standart,vw,83690.67
HPG5475,2001,VERMELHO,luxo,gwm,238576.65
XMA1755,2006,PRETO,standart,vw,98340.91
FAJ5237,2010,VERMELHO,standart,ford,70166.93
KTD6728,1992,AMARELO,off road,gwm,111869.99
HIL1670,2014,VERDE,standart,vw,94111.00
GDT6420,2014,AZUL,off road,fiat,190085.52
GLH9361,2021,AMARELO,off road,fiat,199385.72
AKN5432,2024,VERMELHO,off road,ford,196176.34
OQO1524,2017,BRANCO,standart,gwm,80485.31
YMQ3843,1995,VERMELHO,standart,vw,71001.09
NNO2125,2019,PRETO,off road,cherry,196847.85
XXS8567,2000,LARANJA,standart,ford,102171.05
BWD9270,2021,VERDE,luxo,cherry,190126.97
KRC4511,2005,VERMELHO,standart,vw,128830.41
PDL6925,2014,AZUL,luxo,ford,120162.68
FBL5116,2002,VERDE,luxo,cherry,147322.11
OHR1565,2021,BRANCO,standart,cherry,102307.07
PEP0288,1998,VERDE,standart,vw,135355.06
RMX8170,2024,BRANCO,off road,gwm,198581.93
DJF8883,1997,VERDE,luxo,gwm,138307.24
NKF9480,2001,PRETO,off road,gwm,135522.72
ORJ6721,2003,VERMELHO,standart,gwm,92511.59
CRA1403,1992,VERMELHO,luxo,ford,213086.74
CTI7493,2000,AZUL,standart,gm,113202.84
BLE1306,1992,BRANCO,luxo,ford,140782.65
STX5199,2016,VERDE,off road,ford,149778.89
CFT7613,2002,PRETO,standart,vw,123101.30
YFW3570,2024,AMARELO,standart,cherry,100815.33
ULP5351,1992,AZUL,standart,vw,76695.83
HSZ8874,2018,PRETO,luxo,gm,217605.66
KDQ0269,2011,VERMELHO,standart,ford,138569.57
TYW4633,1998,AZUL,standart,ford,74401.01
GFK7765,2013,AMARELO,standart,ford,93439.68
XPV3008,1996,VERDE,standart,vw,133968.61
ARZ4507,2002,AZUL,off road,gwm,113385.86
BEC7211,2015,VERMELHO,standart,cherry,86649.10
OLY9341,1998,LARANJA,luxo,vw,252745.78
GNT8135,1990,AZUL,standart,gm,115755.96
ARJ6518,1995,LARANJA,off road,gm,189075.60
KWQ1437,2001,PRETO,off road,cherry,136260.24
RJQ9384,2001,PRETO,luxo,gm,210666.06
ARD8705,1991,PRETO,luxo,ford,195344.62
JBS0084,2016,BRANCO,standart,ford,111589.92
JOX7093,2004,AZUL,standart,ford,115946.15
UHX5092,1998,VERMELHO,standart,cherry,70886.36
IHL2775,1996,AZUL,standart,gwm,87842.99
ASV1000,1999,BRANCO,off road,ford,141213.35
SEC8826,2003,VERDE,luxo,gm,154632.57
JGR0542,2001,VERDE,standart,gwm,137830.33
OSX4976,2018,VERDE,luxo,cherry,208370.42
DGU3595,2012,AMARELO,standart,ford,118638.48
XBG8886,1990,AMARELO,luxo,fiat,137184.25
EPB9959,1991,PRETO,off road,ford,127179.30
THA1673,1991,VERDE,off road,vw,129268.96
KAH0758,2000,VERMELHO,off road,gm,148489.51
IPI1237,2018,VERDE,luxo,gm,221404.06
WSV9010,2004,VERDE,standart,fiat,95092.04
EAN1741,2025,PRETO,off road,gm,155325.28
VEP2116,2004,BRANCO,off road,ford,137411.30
MUL9796,2016,PRETO,luxo,fiat,153361.48
CYW8641,2007,AMARELO,off road,vw,190270.07
GJK6539,2005,BRANCO,off road,vw,164503.41
NTI8546,2002,BRANCO,standart,gwm,91393.81
BTO6324,1995,VERMELHO,standart,fiat,107544.99
LYN7565,2004,PRETO,off road,cherry,107505.11
QJS2612,1997,BRANCO,standart,cherry,83549.82
PGI7136,2011,VERMELHO,luxo,vw,203634.61
GOR8055,2006,LARANJA,luxo,fiat,229264.31
ASA5276,2025,AZUL,off road,fiat,155742.19
TDR5083,2006,AMARELO,luxo,ford,176222.81
YFB8127,1990,LARANJA,off road,gm,125158.59
MOG2799,2016,VERMELHO,luxo,vw,177485.33
GXQ3658,2001,LARANJA,luxo,cherry,182871.13
RMG1285,2010,AMARELO,luxo,cherry,137295.12
BSL2578,2018,LARANJA,standart,fiat,105261.05
YYY3795,1991,VERDE,standart,gwm,113923.90
VEC1971,2015,VERMELHO,off road,gwm,98724.29
AGO0489,1991,VERDE,off road,fiat,126654.34
NBM8702,2000,LARANJA,luxo,ford,119393.90
XMF0572,1993,VERMELHO,standart,gm,76196.36
QWF8404,2019,VERDE,luxo,vw,154658.37
JWU8655,2005,AZUL,off road,vw,117651.93
OOE8332,2005,VERDE,luxo,vw,143053.99
FZJ7297,1992,AZUL,luxo,gwm,119667.68
MCG5391,2007,AZUL,standart,cherry,84661.67
ZXW4914,1995,BRANCO,off road,vw,122485.93
RUF8420,2002,AMARELO,standart,fiat,142493.06
CLW3808,2005,VERMELHO,standart,fiat,102743.61
BCW6150,1999,LARANJA,standart,gwm,132979.32
USW4544,1998,VERMELHO,off road,gwm,160693.74
SOM8609,1998,VERMELHO,off road,vw,150275.63
YZQ2407,2013,BRANCO,off road,gm,133728.35
HJT1341,2005,BRANCO,luxo,gm,227871.24
OSV7606,2008,VERMELHO,off road,fiat,106186.86
FRJ2130,1993,AZUL,off road,vw,139172.94
GJM4644,1990,VERDE,off road,vw,108537.96
YPG3001,1994,PRETO,luxo,gm,185452.57
OKZ6678,2006,BRANCO,luxo,cherry,179715.09
RFC2916,2008,VERDE,luxo,cherry,235454.41
ARA9290,2008,LARANJA,luxo,cherry,180081.74
NTW2661,2006,AZUL,luxo,ford,219817.10
IBY5282,2022,VERMELHO,standart,fiat,88749.23
TKA9882,2022,BRANCO,luxo,ford,205117.21
HZY5389,1993,PRETO,luxo,gwm,218264.25
QZR1161,2003,VERDE,off road,ford,98401.54
ZRA1792,2009,LARANJA,standart,fiat,102534.43
BUY4983,2008,AZUL,standart,gm,103857.02
CHQ1698,2002,AZUL,off road,gm,162549.67
EVC1955,1994,LARANJA,off road,ford,148732.78
JUP5685,2017,AZUL,luxo,vw,167843.77
TSJ3856,2018,PRETO,standart,gwm,140152.06
FQU9745,2021,LARANJA,luxo,cherry,208284.83
OFP1856,1996,BRANCO,off road,cherry,200384.28
FYO9548,2003,PRETO,luxo,cherry,159264.71
NGH8716,1999,LARANJA,standart,gwm,140556.22
WWB8229,2009,LARANJA,off road,ford,180696.91
LFH8432,2006,AZUL,luxo,cherry,169927.93
GHK3406,2006,LARANJA,standart,fiat,99417.77
DBI6613,2016,AZUL,luxo,gwm,221185.85
NBD8232,1991,VERDE,standart,gwm,148519.82
JWI6599,2016,AZUL,luxo,ford,202898.39
LNL4217,2022,PRETO,standart,fiat,146054.45
ORG5494,2005,AZUL,luxo,gwm,244806.70
FXG2841,2012,PRETO,off road,gm,207270.22
NGR0057,2014,AZUL,standart,cherry,103721.55
KJI9067,2014,PRETO,off road,vw,209442.48
ABY0332,2005,PRETO,luxo,gwm,223878.99
CML1784,2003,AZUL,off road,fiat,179748.95
SPB2219,2014,BRANCO,off road,fiat,98305.40
FTO0278,2018,PRETO,luxo,vw,177484.77
JGB1688,1998,BRANCO,luxo,gwm,228503.81
FJR1334,2023,AZUL,off road,gwm,156781.17
YIR7782,1990,PRETO,standart,fiat,137692.63
IOA1979,2021,AMARELO,luxo,vw,148709.92
XUC3369,2010,LARANJA,off road,cherry,115593.31
GLJ2439,1995,PRETO,off road,gwm,129140.06
YFO7429,2008,AZUL,luxo,ford,239735.57
WQD2224,2019,VERMELHO,luxo,vw,224980.01
YNC2803,1999,VERDE,luxo,ford,174973.32
JJC1809,2024,AMARELO,luxo,cherry,233981.30
IAN2052,2004,LARANJA,off road,gm,102145.41
MTK5276,1995,VERMELHO,standart,gm,82814.66
QRO5740,1992,PRETO,luxo,cherry,121802.13
GTX7035,1998,VERMELHO,off road,vw,151920.06
SCW8592,2007,AZUL,standart,fiat,100965.08
HFQ3175,2005,VERDE,standart,vw,112669.41
TJV2123,2021,VERDE,luxo,gwm,165896.24
HZM3073,1999,AZUL,luxo,gwm,188925.10
WQD9355,1991,LARANJA,standart,gwm,76136.95
TMF0188,2009,VERMELHO,standart,gwm,94917.65
YTG4297,2022,BRANCO,luxo,cherry,121380.59
XSS2636,2022,LARANJA,luxo,gm,140359.36
IOA3766,2000,BRANCO,standart,fiat,123790.06
XYV8601,2018,AZUL,luxo,vw,178308.25
SJO6530,1992,BRANCO,off road,vw,181322.31
SJZ0812,2004,BRANCO,standart,ford,91791.64
ONR5174,2001,LARANJA,off road,ford,111758.55
OMV3931,2008,AZUL,luxo,gm,143041.32
XUU3954,2022,AMARELO,off road,gm,193127.77
RTC8720,2021,VERMELHO,luxo,vw,231885.13
JIH7586,1992,AZUL,standart,gm,134430.85
NYZ5492,2022,VERMELHO,standart,fiat,77690.60
XNO5690,2025,VERDE,off road,gwm,195391.42
YEE0153,2000,LARANJA,standart,vw,130981.79
PJX9553,2013,VERMELHO,standart,gwm,144309.74
MIQ3206,2015,BRANCO,luxo,vw,212191.13
LXP2714,2003,BRANCO,off road,gwm,125093.99
UCR0461,2019,LARANJA,standart,vw,142398.83
HPT2366,1995,AMARELO,luxo,vw,198953.29
GNQ4039,2013,VERMELHO,off road,cherry,159972.67
SCU5334,2015,VERDE,standart,vw,125776.85
KEX6959,1999,LARANJA,luxo,gwm,219076.59
ZLX3302,1992,AMARELO,standart,vw,75712.26
AXN1517,2004,AMARELO,standart,gwm,147374.51
QYG4356,1999,LARANJA,off road,ford,129278.33
IEK6185,2025,BRANCO,off road,gm,173273.64
JFB3318,1997,PRETO,standart,ford,119622.82
OHL8560,2007,VERDE,off road,ford,207474.09
YNS3705,2008,LARANJA,standart,gwm,71966.99
MQV2068,2010,VERMELHO,luxo,gwm,224144.33
UNL3726,2011,BRANCO,standart,ford,126018.64
CVK3164,1996,BRANCO,standart,vw,97474.89
MVQ8336,1990,PRETO,luxo,gm,149290.07
MDE5148,1994,AZUL,luxo,ford,228908.50
LOF4274,2007,LARANJA,off road,vw,99091.76
ZFU8462,1994,AZUL,luxo,fiat,251232.45
HFW9957,2024,VERMELHO,standart,cherry,137737.43
UMP8191,1998,AZUL,luxo,ford,226932.01
ZWG4437,1990,PRETO,off road,gwm,196285.88
ZNN6661,2005,VERDE,luxo,gm,203981.14
IMC6003,2003,BRANCO,standart,vw,85452.84
EQV5132,2005,AMARELO,luxo,gm,157452.83
RDP1758,2013,PRETO,standart,gwm,103566.23
KPS2128,2021,VERMELHO,off road,ford,121268.25
WDL2700,1992,AZUL,off road,gm,98322.09
SLZ6997,2006,LARANJA,off road,gwm,198475.45
ZUL3461,2002,BRANCO,luxo,fiat,230892.67
EHZ0483,2002,PRETO,standart,cherry,75601.29
YMD2975,2009,AMARELO,standart,gm,97681.72
ZGH5951,2012,AZUL,off road,gm,190909.18
GFD3029,2009,PRETO,luxo,gwm,173542.34
NBY1059,1990,VERDE,off road,fiat,137467.40
HLA6593,2008,AZUL,luxo,gwm,166493.64
IOD1022,1996,PRETO,luxo,gm,162275.57
DTF6041,1991,LARANJA,off road,gm,168463.35
KKU4791,2014,LARANJA,off road,gwm,165026.96
RKK9302,1995,LARANJA,off road,cherry,144769.95
DRN3964,2018,VERMELHO,off road,fiat,142033.72
BYK6560,2014,PRETO,off road,vw,120309.63
LNP6295,2017,LARANJA,off road,gwm,157289.31
BBO8758,1996,VERDE,standart,ford,146881.43
QYT3136,2020,VERDE,luxo,vw,191126.11
XOW5467,2014,PRETO,off road,vw,128151.71
RWM5615,2002,AZUL,luxo,vw,133601.36
YVW2747,2013,AMARELO,off road,ford,184421.92
DFH7128,2016,PRETO,luxo,ford,147752.07
FWS6331,2020,PRETO,standart,gwm,107917.05
QQH4234,2021,VERDE,off road,gwm,184044.01
PZK8527,2025,LARANJA,standart,gm,79472.59
WOK0034,1993,VERDE,standart,ford,132721.77
RGR2853,1995,VERMELHO,off road,gm,204906.78
GXC7896,1998,VERDE,off road,fiat,208788.27
SXM6032,2013,BRANCO,standart,cherry,96016.12
PVH5772,2019,VERDE,off road,gwm,147665.08
FBW1007,1993,VERDE,standart,cherry,120247.89
PNN8538,1997,BRANCO,luxo,gm,142846.04
TIL0205,2020,LARANJA,luxo,ford,129816.45
ODD7273,2018,AMARELO,standart,gwm,119175.84
KCU8322,2006,VERMELHO,standart,vw,83351.63
VLE3971,2008,AMARELO,off road,gm,120162.08
TDU2263,2023,AZUL,standart,cherry,148612.80
WXW3133,2007,BRANCO,off road,vw,154401.51
DZJ3800,2009,AZUL,off road,gm,174516.58
BYJ6262,2015,AMARELO,standart,fiat,133622.66
SWP7155,2017,AMARELO,off road,fiat,198243.53
IIL6461,1990,VERDE,standart,fiat,78423.31
RCF8093,2013,AMARELO,off road,cherry,201843.95
OPQ1900,2014,VERMELHO,standart,gwm,106920.84
MLX9572,2011,BRANCO,off road,gm,149137.14
VRJ7394,1992,VERDE,standart,fiat,110909.79
ZZM5216,1997,BRANCO,off road,vw,198268.47
STJ1981,2014,VERMELHO,standart,vw,100923.45
QCW4115,1996,AMARELO,luxo,gm,223412.20
MOT3380,2010,AZUL,luxo,cherry,246650.32
KOM5408,2011,AZUL,off road,gm,111222.29
PRN7619,2007,LARANJA,off road,cherry,152742.72
BZN4520,2010,PRETO,off road,vw,165726.26
RKS9889,2020,VERMELHO,luxo,gm,189397.38
DWN4417,2000,AMARELO,off road,gm,159754.06
WTF6236,2016,LARANJA,luxo,gwm,198341.11
IDJ3152,2002,VERDE,off road,gm,177689.59
CFR7589,2011,LARANJA,standart,ford,111978.66
ZJG9862,2006,VERDE,off road,vw,201852.72
LUU2662,1991,PRETO,off road,ford,127917.87
VLD8087,2012,PRETO,luxo,cherry,208982.72
GOF5856,2006,PRETO,luxo,ford,175706.93
DUT7574,2000,BRANCO,off road,vw,169522.89
FXW6867,2024,PRETO,standart,gm,83368.52
EOT4013,2004,AMARELO,luxo,vw,188786.94
MFE3861,2008,AZUL,luxo,cherry,219454.90
IHS5705,2013,PRETO,standart,cherry,128207.52
AKY7460,2021,PRETO,off road,vw,187621.98
BIL4658,1998,VERDE,off road,fiat,209373.34
IMS8023,1995,VERMELHO,luxo,vw,215117.37
LBG2889,1992,AMARELO,standart,ford,96135.04
ISG1103,2004,AZUL,luxo,gm,175987.28
JRC0555,1990,PRETO,luxo,ford,153152.24
FYQ1724,1990,AZUL,off road,vw,103942.94
JGB5507,2017,PRETO,standart,gm,146820.03
XUZ9723,2015,LARANJA,standart,gwm,140571.81
CXI6957,2020,PRETO,standart,cherry,90841.83
UZU9196,2012,VERDE,standart,vw,110218.18
SXG3189,2023,AMARELO,off road,ford,149078.68
YWW2464,2022,VERDE,luxo,gwm,224818.49
BDM8558,2001,LARANJA,standart,gm,140029.55
FSQ5281,2011,VERDE,standart,gwm,78152.25
IUC9823,2023,BRANCO,standart,vw,137015.51
HXL6634,2009,VERMELHO,standart,gm,130525.97
EXS8345,2011,VERDE,off road,ford,108944.70
AUU4213,1993,VERDE,luxo,gm,183120.96
VIV6644,2003,VERMELHO,standart,fiat,107782.80
IKN4180,2019,VERDE,off road,cherry,128856.88
NRJ1112,1996,PRETO,off road,fiat,165384.10
LJG1144,2018,VERDE,standart,ford,146739.84
ARW4712,1995,LARANJA,standart,ford,144611.76
BCO0430,1999,AZUL,luxo,gwm,222043.68
CIQ7817,1991,BRANCO,standart,gm,127926.84
CJI8313,2003,PRETO,off road,gm,164055.86
NRG9409,2017,VERMELHO,luxo,gwm,186811.79
MZY5689,2014,AZUL,luxo,gwm,182837.44
BOH6012,2001,VERMELHO,off road,ford,111959.08
NPD0522,2011,PRETO,off road,vw,172948.55
OJI4856,2002,PRETO,off road,gwm,206584.75
LLZ9000,2006,VERMELHO,off road,cherry,129505.39
WUI3217,2009,VERMELHO,standart,fiat,76206.64
ZZC5166,2010,VERDE,luxo,vw,240199.92
RAV7031,1990,AZUL,luxo,vw,185355.66
UIA1294,2024,AMARELO,luxo,cherry,234823.32
IWX6011,1996,AMARELO,standart,gwm,142291.22
QOU9676,1996,AZUL,luxo,gwm,229372.72
DLC0681,1996,AZUL,luxo,ford,171309.17
MFG9924,2007,BRANCO,luxo,gwm,211964.24
MXD5905,1998,BRANCO,luxo,gm,169843.69
JFH3195,1990,PRETO,luxo,gm,201921.95
MEY3759,2011,AZUL,standart,gm,121629.06
GRH5698,2023,LARANJA,luxo,gm,248217.12
WJW6985,2014,BRANCO,standart,vw,71976.81
UHE1781,1997,AMARELO,off road,gwm,113555.03
OXH7159,1990,LARANJA,luxo,cherry,183173.11
KMT9794,2018,LARANJA,standart,cherry,146372.07
OHV0477,2013,LARANJA,standart,gm,86893.69
DDA0790,2020,VERDE,off road,fiat,140701.10
YXN2212,2008,AMARELO,off road,gm,161109.38
PQO1922,2013,BRANCO,standart,gm,117887.17
CWS7880,2007,AZUL,luxo,cherry,172471.64
UMO5675,2006,PRETO,luxo,ford,196440.13
IVC1803,2007,BRANCO,luxo,gm,143451.30
NFN7985,2007,AMARELO,luxo,vw,155109.53
TRJ2247,2007,AMARELO,luxo,ford,200808.50
FBM8294,2009,VERMELHO,standart,vw,102978.81
JBT8002,2013,VERDE,luxo,fiat,222445.72
DTB9790,1992,AMARELO,luxo,gm,132193.20
UKK0138,1991,LARANJA,off road,gwm,127171.45
UUT8918,1996,AZUL,standart,cherry,75739.67
FRZ1248,2022,BRANCO,standart,gwm,140160.58
JIO0413,1991,VERDE,standart,gm,128802.80
TNZ3890,1993,LARANJA,off road,cherry,160348.61
HCZ0817,2014,AMARELO,standart,fiat,132100.46
ZSU4273,1999,VERDE,off road,gwm,161246.68
OIG6196,2000,AZUL,standart,gm,88803.44
TGV9346,1995,AZUL,standart,vw,97128.58
FHQ0459,2015,BRANCO,standart,vw,88074.78
XRO0465,2021,PRETO,luxo,ford,207660.55
HNW3495,2011,AMARELO,standart,gwm,71235.16
NFP6864,2016,AMARELO,standart,cherry,78646.53
PST3341,2013,PRETO,off road,fiat,125840.27
MSH3806,2022,BRANCO,luxo,fiat,191504.45
MNV7858,2011,LARANJA,standart,gwm,102099.49
NGR3587,2008,VERMELHO,luxo,vw,120344.58
XSU0657,1997,AZUL,standart,gm,109707.56
PJP5688,1995,AZUL,standart,cherry,147071.29
NOJ5373,1998,VERMELHO,off road,gwm,158869.04
TIL2708,2015,PRETO,luxo,vw,239992.57
PJW7907,2005,PRETO,off road,cherry,135925.05
FYD1538,1995,LARANJA,luxo,cherry,234703.31
IVA6903,2015,AMARELO,luxo,vw,153091.52
JUI8094,2018,VERDE,off road,gwm,139990.96
JIR2943,2020,LARANJA,off road,gm,154156.73
MXJ7887,1994,VERMELHO,luxo,fiat,215391.00
IOY9421,1994,PRETO,luxo,cherry,194495.21
SSV6816,2016,VERDE,off road,gwm,172172.46
FYC8598,2001,BRANCO,luxo,cherry,177579.93
HZY1703,2019,VERMELHO,standart,vw,101766.91
XBK8273,1990,AZUL,standart,ford,122287.19
DKN6423,2001,AZUL,luxo,ford,140857.85
MDE8315,2023,AZUL,standart,gwm,135229.81
CRO2386,2020,AMARELO,luxo,cherry,122462.69
HJU9749,2004,PRETO,off road,cherry,121676.26
BCF6582,1994,VERDE,standart,gwm,102701.88
NAK8799,2003,AMARELO,luxo,fiat,145291.78
MBJ6041,1994,VERMELHO,luxo,ford,176659.42
SKP0063,2008,LARANJA,luxo,vw,241108.73
EBJ6720,1995,PRETO,standart,gwm,128004.23
IJV0811,2000,LARANJA,off road,gm,107786.01
PLN4218,1993,LARANJA,luxo,gm,172428.40
BML2693,2002,LARANJA,luxo,cherry,177897.87
JRP1610,2023,AZUL,standart,vw,140297.98
MZM6484,1994,VERDE,standart,gm,123316.97
XNQ9890,1996,VERMELHO,standart,gm,72842.36
VJC7727,2006,VERMELHO,off road,gm,139186.40
UVL3244,2015,AMARELO,luxo,fiat,210327.27
XCJ6022,2022,AMARELO,luxo,fiat,188727.26
JNL7474,2002,PRETO,off road,gwm,193256.43
OFV8794,2019,AZUL,standart,ford,93335.95
OLV5230,2014,AMARELO,luxo,gwm,215736.15
VEX6411,2011,VERDE,luxo,cherry,212603.50
WSY6348,1998,VERDE,standart,cherry,142920.54
IJL3201,1992,AZUL,off road,fiat,117230.03
DPH0972,2010,BRANCO,standart,cherry,136063.67
FIQ1539,2020,LARANJA,standart,vw,145334.57
PXC9237,2020,VERMELHO,standart,cherry,101951.85
LDE8131,1994,AMARELO,luxo,vw,126459.68
ZLX2515,2021,LARANJA,off road,cherry,155760.80
YIZ5067,2023,AZUL,off road,vw,161842.04
SYU6322,1996,VERDE,standart,vw,147235.29
RYF6162,2023,BRANCO,off road,gwm,147498.28
KMR2436,2024,PRETO,off road,gm,162663.22
RUZ4423,2011,AMARELO,standart,fiat,82897.54
QBQ1821,2021,AMARELO,luxo,fiat,241741.98
MRP6271,2000,VERMELHO,luxo,ford,150702.08
IGO6430,2011,VERMELHO,luxo,gm,192155.47
BRI4570,2014,BRANCO,luxo,gm,143533.77
TCB4446,2007,LARANJA,off road,gm,196468.38
POV1376,2003,LARANJA,standart,ford,92263.75
UJW4549,2015,BRANCO,off road,vw,192157.52
SCK4282,2011,LARANJA,luxo,fiat,137241.20
IFR7380,2016,VERDE,luxo,cherry,125949.48
HKC5644,2009,AMARELO,luxo,gm,149796.76
NFH5712,2022,AMARELO,standart,cherry,133375.64
VZJ8623,2013,VERMELHO,standart,fiat,137899.00
RBO9708,1996,BRANCO,standart,cherry,126405.27
ABM5643,2017,PRETO,off road,fiat,160609.13
CBI0180,2018,VERMELHO,standart,vw,81192.71
JZD6275,2021,VERMELHO,standart,cherry,88517.25
PHI7845,2005,PRETO,luxo,ford,147980.91
GJH4025,2010,VERMELHO,off road,vw,144790.42
ANZ9723,2006,AZUL,off road,fiat,186164.71
RDO8288,2019,VERMELHO,off road,gwm,181742.81
ULR6228,2003,LARANJA,luxo,cherry,251898.20
RAR6321,1993,VERDE,off road,fiat,108231.46
HLH6753,2022,LARANJA,standart,vw,115638.74
LPL2694,2013,PRETO,luxo,ford,220049.92
CFN7019,2012,PRETO,off road,ford,123773.19
WAO4980,1992,AMARELO,off road,fiat,188843.49
IWK6514,1995,AZUL,standart,gwm,87961.73
EFF3828,2010,AZUL,luxo,gm,209489.24
OCN9330,2008,VERDE,off road,vw,100598.54
DDP3393,2000,VERDE,standart,gm,135954.15
GSU6447,2012,AMARELO,standart,ford,121382.41
IYL9164,2004,BRANCO,off road,vw,120515.00
FTS9488,1993,AMARELO,standart,gm,108350.78
RFG1083,2011,VERMELHO,luxo,ford,195462.29
VCA6681,2009,VERDE,off road,ford,131549.38
RLL0193,2015,LARANJA,standart,cherry,96152.61
FXG4289,2000,AZUL,standart,cherry,103436.21
OSB4152,1994,VERDE,luxo,fiat,132191.46
PVL7762,2016,PRETO,off road,vw,126849.76
JUM5898,2011,PRETO,off road,ford,131874.14
UGI7711,2014,AZUL,standart,vw,131360.24
ETA6462,2004,BRANCO,off road,ford,209927.23
EPA1088,2014,VERDE,standart,fiat,108618.40
RKX7614,2025,VERMELHO,off road,vw,173729.63
ZNS3642,2011,PRETO,off road,ford,184298.92
MSJ6998,2004,VERDE,standart,gwm,81434.32
IQN7531,2010,VERDE,luxo,vw,163628.79
NVH7431,2025,BRANCO,luxo,cherry,182202.95
OEV8482,1998,LARANJA,luxo,gm,237187.31
UVV5066,2010,VERDE,luxo,vw,252487.07
RKS7691,1990,BRANCO,off road,cherry,200005.56
QKD4385,1993,VERMELHO,off road,gwm,185021.65
YCT7833,2014,AMARELO,standart,vw,92874.70
MKD2664,2018,VERDE,standart,ford,96154.89
BIB7581,2003,AMARELO,luxo,fiat,225772.74
DMS8506,2000,VERDE,luxo,vw,159854.90
QLQ8995,2022,VERMELHO,luxo,gm,225987.41
ESQ4814,2015,BRANCO,standart,cherry,125387.54
AYP0172,2025,AMARELO,off road,vw,183822.12
GEF4049,2019,AMARELO,off road,vw,125418.82
VIC3223,2022,AMARELO,standart,cherry,133436.95
IUK9182,2009,VERMELHO,standart,ford,136659.59
JIX6106,2024,AZUL,luxo,gwm,253040.99
SKY2153,2016,AZUL,off road,gm,159107.00
URQ0253,2011,VERMELHO,standart,ford,72571.79
WGO3945,2007,LARANJA,standart,vw,87340.39
NOJ9910,2012,LARANJA,luxo,vw,156396.39
OYQ1988,2009,VERMELHO,standart,fiat,99474.22
OON7728,2011,BRANCO,standart,vw,84363.40
RVG4502,1993,AMARELO,standart,gm,132389.89
ZHS8021,2025,AMARELO,luxo,gm,223762.27
JRR5146,2001,AZUL,luxo,gwm,149952.39
UUV7979,2006,VERMELHO,off road,cherry,155278.94
FLZ0730,1994,AMARELO,off road,gm,153829.03
MRJ7596,2019,PRETO,off road,fiat,120321.50
ZKL0433,1991,LARANJA,off road,cherry,135196.34
CPU7102,1997,VERMELHO,luxo,gwm,177080.74
SRY5710,2018,VERMELHO,luxo,cherry,252437.76
CTR4177,1995,LARANJA,luxo,ford,210848.65
ICM3844,2024,AZUL,luxo,gwm,133500.86
EGS5063,2005,VERMELHO,luxo,vw,230575.22
DJO2813,2017,PRETO,off road,fiat,156886.78
WBL0783,2019,VERMELHO,standart,cherry,146580.09
HRC8463,2008,VERDE,off road,gwm,120217.66
RTV4075,2008,AZUL,standart,ford,124802.15
CYP6133,1990,VERMELHO,off road,gm,191094.43
ALY4832,2005,VERMELHO,luxo,gwm,126184.48
UXB1326,2021,BRANCO,off road,ford,173834.23
ZUC7660,2016,VERMELHO,standart,gm,71676.44
ASJ0115,2021,AMARELO,off road,gwm,192444.59
XPO4322,2004,LARANJA,off road,fiat,181498.15
GTM3235,2006,VERDE,standart,ford,114912.31
AHF6961,2019,VERDE,luxo,cherry,129532.67
HRQ1897,1997,PRETO,standart,gwm,72468.42
JJX1668,1993,AMARELO,luxo,cherry,133103.76
NQV7822,1993,PRETO,off road,gm,127486.83
CQA7956,2004,VERMELHO,off road,ford,121858.97
GJC3834,1997,VERDE,off road,fiat,180571.24
OMV7319,2019,AMARELO,luxo,fiat,159214.71
AWI8276,1993,AMARELO,standart,gm,72511.07
HNE6221,2008,LARANJA,standart,vw,84593.25
DHH2826,1999,LARANJA,luxo,cherry,136813.17
ZNW0976,1995,VERDE,off road,fiat,106636.49
QUU3402,2004,PRETO,standart,ford,149582.35
SSI3081,2004,AZUL,luxo,vw,182849.51
WXC6495,2012,PRETO,standart,ford,125400.85
EKH0114,1992,AZUL,standart,gm,81401.78
VFY0409,2014,LARANJA,off road,gwm,205502.36
DAX3894,2013,AZUL,standart,cherry,100098.55
YEP5908,2000,VERMELHO,off road,cherry,110827.15
FRI9782,2000,AZUL,standart,ford,81182.27
FSV8761,2008,BRANCO,off road,gm,176043.79
STG1238,2008,VERDE,standart,gm,145991.72
OTM1075,2012,AZUL,luxo,gm,250640.19
YWN8245,2008,AMARELO,luxo,ford,191495.56
SFJ4856,2009,VERDE,off road,ford,105408.20
UJR0698,2005,PRETO,off road,ford,152150.67
DJU4840,1994,LARANJA,luxo,ford,185667.85
ZOO2762,2003,VERMELHO,standart,vw,123571.52
APY2994,2019,AMARELO,luxo,cherry,252351.54
WCX9174,1991,BRANCO,off road,vw,127096.45
TKG5682,2010,LARANJA,standart,gm,101105.61
VDI5330,1992,VERDE,standart,cherry,98454.72
RUZ0040,2022,AZUL,luxo,ford,238054.62
FXL4801,2010,BRANCO,luxo,ford,176737.92
XHR7955,2009,VERDE,luxo,gwm,203359.93
ZGY3661,2015,VERMELHO,luxo,gwm,251939.92
RKC4139,2004,AZUL,off road,fiat,105662.43
IUV7539,2020,LARANJA,off road,cherry,139628.55
YLD6764,2020,PRETO,off road,cherry,176777.84
TAH1772,1991,BRANCO,standart,ford,127430.07
DKL8847,1999,VERDE,standart,ford,80225.00
RSN5254,2016,BRANCO,standart,gm,134142.02
JQM8676,2005,VERDE,off road,ford,126598.73
LJA2658,2002,PRETO,off road,fiat,177584.56
KBA0506,2005,VERMELHO,standart,gwm,81214.55
ZVN7255,2009,VERMELHO,off road,gm,173532.50
IHF4415,2017,AMARELO,luxo,vw,132771.59
EXK9252,2010,LARANJA,off road,gm,103777.14
UJO8068,1995,BRANCO,standart,fiat,115574.83
XKE4980,2016,BRANCO,luxo,fiat,202778.29
FAL9929,1994,PRETO,standart,vw,109869.39
OLH2507,2002,VERDE,off road,gm,147502.62
VHR3223,2005,BRANCO,off road,gm,124206.02
VHQ8094,2001,VERMELHO,off road,gm,206302.24
DAC7962,2022,LARANJA,off road,gwm,181062.97
CHP9071,2019,AMARELO,standart,cherry,140015.19
QOD5293,1995,LARANJA,off road,gwm,186061.42
GEK2694,1997,PRETO,luxo,gm,194424.55
GGC7777,2018,BRANCO,luxo,ford,210278.93
LWU6715,1998,AZUL,off road,fiat,120391.64
NAJ9574,2011,PRETO,standart,ford,149067.34
KNY9681,2002,BRANCO,luxo,gm,182065.00
VGV7755,2008,BRANCO,luxo,gwm,171826.41
FMO7741,1996,AZUL,standart,fiat,117275.58
HEJ2337,1996,VERMELHO,off road,vw,208489.38
EPI5909,2012,AMARELO,off road,fiat,158743.18
TOC8106,1992,LARANJA,off road,fiat,188219.36
HIA3477,2013,VERMELHO,off road,fiat,203338.72
QXF6016,2012,VERMELHO,standart,vw,130789.18
ALV9035,1998,AMARELO,luxo,cherry,136204.82
FUT7233,1990,PRETO,standart,fiat,110046.08
OIT4323,2015,AZUL,luxo,gm,247755.50
ZUE0887,2022,PRETO,standart,cherry,142003.22
ZWB6221,2019,BRANCO,luxo,cherry,186605.94
ZBG0996,2010,VERMELHO,off road,vw,179966.26
FFH4090,2025,PRETO,luxo,vw,148688.27
WYE8603,2020,AZUL,luxo,gwm,241657.22
FWJ1271,2021,VERDE,luxo,cherry,240207.77
YDM0442,2002,VERDE,luxo,gwm,169963.77
YEN2017,2021,VERMELHO,off road,gwm,102607.27
HGV1140,2022,VERMELHO,luxo,ford,145694.22
IZG1783,2025,AZUL,off road,cherry,151858.79
QAQ6411,2015,VERDE,luxo,vw,253350.58
UGN3167,2000,AZUL,standart,gm,114643.20
HYK3036,2008,AMARELO,luxo,vw,151539.41
WIB0895,2024,PRETO,standart,cherry,118342.28
JGS8324,2024,AMARELO,luxo,cherry,144602.09
LPL3980,2005,PRETO,luxo,gm,119093.07
KWF2031,2011,VERMELHO,luxo,fiat,130712.60
XAL9055,2023,VERMELHO,off road,vw,175102.14
SRG7808,2009,BRANCO,standart,gm,71625.74
CXD1300,1998,AZUL,standart,gm,92570.99
DTR4299,2008,AMARELO,off road,cherry,100725.43
TSX4301,1999,AMARELO,luxo,fiat,219064.72
VAD9582,2001,AZUL,off road,gm,102477.96
TUA4868,1993,AZUL,luxo,ford,215310.67
RWY6319,1995,AZUL,standart,ford,71289.48
JUK1375,2001,AZUL,luxo,cherry,250131.93
PSS4512,1999,AMARELO,off road,gwm,143003.91
SRX1916,2003,AMARELO,standart,gwm,133770.86
IHS3278,2010,VERDE,off road,vw,199857.56
XGA1645,2011,BRANCO,luxo,gwm,144282.03
TXU5975,2020,VERDE,off road,vw,135702.12
TPB1789,2016,LARANJA,off road,gm,121627.35
GCO5674,2003,VERDE,standart,gm,119236.39
WIV2977,2012,AMARELO,standart,vw,133175.67
KCO5754,1991,AMARELO,standart,ford,72881.69
ZLB3034,1997,VERDE,off road,gm,164475.17
QAI5003,2020,AZUL,off road,gwm,178740.87
OBC2280,1996,PRETO,standart,gwm,130056.66
OMD8734,2015,VERDE,off road,vw,111691.07
QMZ1641,2000,AZUL,luxo,cherry,212600.16
PJY9927,2006,LARANJA,off road,cherry,132250.61
PHU4063,1993,VERMELHO,standart,fiat,144544.42
ODN9180,2012,VERDE,off road,cherry,162226.16
DAM1121,2015,VERDE,standart,gwm,107010.84
JJL1257,1997,AMARELO,standart,vw,75580.67
WXS2137,1998,PRETO,luxo,fiat,127676.60
HDV6016,2022,VERMELHO,standart,gwm,85887.42
VAU2091,1997,VERMELHO,luxo,cherry,133416.22
FXD4605,1993,LARANJA,luxo,gm,150861.45
PNW8310,2012,AMARELO,off road,vw,119767.89
ORP1109,2016,VERMELHO,standart,fiat,110860.50
RWC7715,1990,BRANCO,off road,gwm,174663.49
GIT3183,2004,LARANJA,luxo,gwm,130483.47
SNG7034,2019,VERDE,standart,gm,76423.90
CTV6012,2025,AMARELO,luxo,fiat,137221.96
VKV2310,2023,PRETO,standart,vw,145105.05
KEH7329,1992,AZUL,standart,vw,105160.31
CFP0237,1993,VERMELHO,luxo,vw,250067.91
CEU9668,2022,PRETO,off road,fiat,175958.66
EAW0658,1999,PRETO,luxo,ford,144930.90
JKX6707,2013,VERDE,standart,fiat,134032.78
ADZ7655,1990,VERMELHO,standart,gwm,103565.19
HFM7824,2001,BRANCO,luxo,gm,188121.59
GFO7931,2010,VERMELHO,off road,cherry,163759.67
UBQ7274,1993,AZUL,off road,fiat,144055.54
ERG0130,1992,AZUL,standart,ford,109216.80
EJQ2598,2016,AMARELO,standart,gm,87038.17
FQH5954,2025,VERDE,luxo,fiat,248997.25
GRH8795,2006,VERMELHO,off road,cherry,209112.83
QSU8361,2025,BRANCO,luxo,fiat,137085.04
ZMJ8060,2003,VERDE,standart,ford,149320.95
CGM1021,2020,PRETO,off road,fiat,139354.52
WCN6431,2012,VERMELHO,off road,gm,148759.90
FUO7757,2024,AMARELO,luxo,ford,132099.18
TJY2571,2009,AZUL,luxo,vw,236784.83
ATD2963,1991,BRANCO,standart,cherry,79782.74
CCB0639,2019,AZUL,standart,gm,108561.14
RAB1052,2007,LARANJA,off road,cherry,177885.41
RHR6270,1991,AMARELO,luxo,gwm,133206.18
NEV2974,2009,VERDE,off road,cherry,122242.40
KME6678,2012,PRETO,luxo,vw,188381.58
DVM0505,2011,AZUL,luxo,cherry,221504.55
VCO5633,2022,LARANJA,off road,fiat,180911.19
ZAD1050,2011,LARANJA,standart,ford,118850.26
UCJ7092,2020,AMARELO,off road,ford,121822.37
CGU7929,2017,LARANJA,standart,gwm,102937.77
OGK7235,1993,LARANJA,luxo,gwm,222041.49
NAV1314,1993,VERMELHO,standart,cherry,106068.73
RYX3495,1995,BRANCO,off road,fiat,139224.88
UTP9137,1995,AZUL,luxo,ford,216904.37
HOF4486,1992,AMARELO,luxo,fiat,194769.65
DFO4520,2015,LARANJA,standart,vw,87727.90
ODE2305,2010,VERDE,standart,gm,119275.94
NIH3755,2008,AZUL,luxo,fiat,143454.15
ORK8587,2011,AMARELO,standart,gwm,143416.84
JIS0011,2024,BRANCO,off road,gm,128706.22
EPN4710,2009,VERMELHO,off road,ford,141563.08
KFH0480,2023,VERMELHO,off road,fiat,117733.82
HSV5129,1996,AMARELO,standart,ford,134015.36
KBG6992,2003,BRANCO,luxo,fiat,184535.96
TBE0124,2018,AZUL,off road,gm,105296.61
YRD2908,2009,VERDE,off road,vw,187760.05
EBB0053,2019,AMARELO,standart,gwm,149822.52
UFM8827,2000,AMARELO,luxo,vw,234152.76
JHH3307,2011,LARANJA,luxo,gm,144762.32
VXU1967,2017,PRETO,luxo,gwm,126961.76
USH7672,1993,LARANJA,off road,vw,191252.08
WTX1172,1999,PRETO,standart,fiat,129077.63
XAG4285,1991,LARANJA,off road,cherry,147893.25
QJL3896,1990,VERMELHO,off road,ford,101626.21
GLE9918,2012,VERDE,standart,vw,135619.28
EJH3253,2025,PRETO,off road,ford,107586.96
HDV3676,2005,AZUL,standart,ford,143905.43
JXM1866,2005,VERDE,standart,vw,111773.83
BJI5074,2020,BRANCO,standart,cherry,108340.78
BQH0248,2020,PRETO,luxo,gm,153712.94
IAW7289,1999,LARANJA,luxo,vw,136307.57
SDK2104,2014,LARANJA,luxo,vw,229613.63
VNN8853,2021,AMARELO,luxo,vw,152868.39
HBA3178,2011,LARANJA,standart,gwm,114856.48
NQE9329,1999,BRANCO,off road,gm,107140.30
NEZ1114,2015,AMARELO,standart,vw,128557.30
CBT5398,1998,PRETO,luxo,ford,227290.78
AVX8268,2015,VERMELHO,luxo,gwm,161936.45
DEJ6582,2025,VERMELHO,luxo,fiat,238359.37
YFS7720,2001,VERMELHO,standart,gwm,139825.29
GZG0136,2019,VERMELHO,standart,gwm,137155.12
OLH8159,2015,BRANCO,luxo,cherry,134997.74
XGF4238,2007,LARANJA,standart,vw,146765.27
NFI4187,1996,BRANCO,luxo,cherry,244070.32
XNO8561,2004,VERDE,off road,fiat,98043.60
GVQ8117,2000,AMARELO,off road,gwm,163613.20
BIF9437,2019,BRANCO,off road,ford,153514.03
ZWD1809,1995,VERDE,off road,fiat,130083.87
INA8375,2011,AZUL,standart,gwm,78232.12
CUE2069,2014,PRETO,luxo,cherry,133465.96
DFA2107,2004,AMARELO,off road,ford,122484.02
OEH1335,2013,BRANCO,luxo,ford,241295.96
WAO7587,1997,BRANCO,standart,gm,132498.24
CRF9092,2012,LARANJA,off road,vw,124971.36
ETF3570,2017,VERDE,luxo,cherry,147012.69
YKV6222,1993,VERDE,luxo,gm,229040.98
FXU8400,2000,VERDE,off road,cherry,124268.71
EXL4126,2007,LARANJA,off road,fiat,136605.03
FWH0511,1996,VERDE,standart,fiat,84850.82
TFN2248,2014,PRETO,luxo,fiat,184606.24
ZIN5514,2006,VERDE,luxo,ford,182714.48
DMX9117,1999,VERDE,off road,vw,166295.91
JPL3917,2011,VERDE,luxo,gm,132100.96
MGN7801,2010,VERDE,luxo,vw,125269.06
HEQ9200,2012,PRETO,off road,vw,142917.97
ZFI1725,2019,AMARELO,off road,gm,119850.67
UXN6591,2005,AZUL,standart,gwm,134835.29
JNF8024,1990,VERDE,off road,ford,152285.15
GKL9668,2004,BRANCO,off road,cherry,185063.63
QOM9888,2005,VERMELHO,standart,vw,97380.18
DWI3460,1994,VERDE,luxo,gwm,137216.47
RQD5198,2008,LARANJA,standart,fiat,132395.11
OGZ8168,2011,BRANCO,luxo,cherry,246378.51
XIX1990,1991,PRETO,standart,cherry,100742.25
NAA0642,2022,AZUL,standart,cherry,105029.02
TRU1683,2024,BRANCO,off road,gwm,127622.58
YPW6288,1991,VERDE,luxo,cherry,133196.42
NWV0866,2015,LARANJA,luxo,gwm,166638.05
EOK9534,2002,PRETO,off road,vw,159149.19
GHN8838,2004,AMARELO,luxo,gm,121623.40
KMX8804,1994,LARANJA,off road,cherry,102976.98
KNY4969,2011,PRETO,luxo,fiat,179378.41
SGE8655,2015,PRETO,off road,fiat,188198.61
IBF7555,2016,LARANJA,standart,fiat,148865.72
PVD8204,1992,BRANCO,luxo,gwm,200150.52
HTC9652,2009,LARANJA,standart,vw,72419.54
CJF6976,2004,VERDE,off road,vw,165111.70
PEH4988,1997,BRANCO,off road,ford,163638.30
BTK6164,2017,BRANCO,off road,cherry,193397.28
CTD3450,2000,VERMELHO,off road,ford,199029.65
NAS4685,2012,PRETO,luxo,gm,244943.66
EJO9730,2017,AMARELO,off road,fiat,103211.82
SSM6616,2019,PRETO,off road,fiat,150306.56
WYW4473,2017,LARANJA,standart,fiat,111448.77
TFP3378,1996,AZUL,off road,vw,105185.84
LWA0875,2008,AZUL,luxo,fiat,160808.02
VWE9478,2023,LARANJA,luxo,cherry,243532.79
ONO3996,2003,AZUL,off road,fiat,165538.50
NKX6065,2025,LARANJA,standart,vw,131418.07
PNZ9275,1996,VERDE,luxo,gm,168395.72
IKE9728,2009,AZUL,off road,gm,129067.08
OVG4627,2002,VERMELHO,standart,vw,148569.15
DKW0442,2020,BRANCO,standart,vw,141893.01
OUX0925,2018,VERDE,luxo,cherry,136543.22
PAR3705,2011,PRETO,luxo,gm,190772.83
AJG3552,1999,VERDE,off road,gm,186075.19
BHS4978,1991,BRANCO,standart,cherry,140987.68
VZA9257,2023,PRETO,standart,vw,106337.83
WMC2069,2018,VERDE,luxo,cherry,141296.03
EDZ0069,1990,AMARELO,luxo,fiat,147122.08
JWR6639,2014,VERMELHO,off road,ford,202857.86
EVB0076,2012,VERMELHO,luxo,ford,216337.03
OHD3867,2013,BRANCO,off road,cherry,144454.37
JFY8761,2002,AMARELO,off road,fiat,187846.54
KSA3928,1991,VERDE,luxo,fiat,177739.41
QYY0869,2021,LARANJA,off road,gwm,155393.01
FTT7172,1999,VERMELHO,standart,cherry,88059.85
VAO2162,1996,PRETO,luxo,ford,251211.87
CYV9830,2025,PRETO,standart,fiat,119137.53
CRQ7124,2016,BRANCO,luxo,fiat,167494.32
ANJ1146,2004,LARANJA,standart,cherry,124696.33
PXS7786,2023,VERDE,standart,fiat,117401.50
CAN9495,2021,AMARELO,luxo,ford,141482.97
NKJ8138,2015,PRETO,standart,vw,142700.60
WIY9275,2004,PRETO,luxo,ford,193805.32
BKJ0732,1997,PRETO,off road,fiat,207999.58
VWG7687,2019,LARANJA,standart,cherry,72161.69
UHT1966,2001,AZUL,standart,ford,89194.52
WFM1958,1990,VERMELHO,luxo,vw,133687.66
BOV1029,2008,VERMELHO,standart,cherry,95412.08
XLH0247,2022,AMARELO,standart,cherry,104532.05
ZUI0660,1997,BRANCO,off road,gm,189631.83
ZBB3147,2010,LARANJA,luxo,gwm,200151.77
NVC3733,2009,AMARELO,luxo,vw,166053.32
XZF2872,2015,VERMELHO,off road,gm,192016.26
FTL6389,2011,AMARELO,luxo,gm,175514.57
MQR6332,2019,VERMELHO,off road,gm,109572.53
QEI0365,2024,VERMELHO,standart,gwm,130495.39
YFY3103,1990,AMARELO,luxo,vw,148228.82
MOH1899,1996,LARANJA,standart,fiat,142749.06
JCG1248,2013,VERDE,off road,ford,200436.74
DPC2016,2005,AZUL,off road,gm,195052.42
PYI6976,2016,VERDE,luxo,cherry,233964.76
DTL2068,2006,AZUL,luxo,gwm,120349.57
FOM1100,2003,VERMELHO,off road,vw,208902.74
LXF1444,2013,AMARELO,standart,vw,98614.83
IBB8548,2009,VERDE,standart,vw,126436.70
XCP3404,1993,AZUL,off road,cherry,130476.37
QLE4601,1990,BRANCO,off road,vw,144194.18
JRQ1920,1994,PRETO,off road,ford,169628.65
NMW6725,2015,VERMELHO,luxo,gwm,147131.64
CVT5348,2010,PRETO,standart,fiat,110898.63
PXY2643,2024,AMARELO,luxo,vw,172200.67
MIR6300,2022,AZUL,luxo,cherry,129450.50
POB8958,2013,AMARELO,standart,cherry,72653.22
ASH9808,1999,BRANCO,off road,cherry,114555.70
EXC3109,1993,BRANCO,off road,gm,171548.90
GAW0822,2020,BRANCO,luxo,gwm,216584.09
GUX7325,2000,AZUL,off road,gm,171828.94
JXT4578,2013,AMARELO,off road,ford,119317.18
SFK5584,2012,VERDE,luxo,cherry,236000.30
MPC4841,2005,BRANCO,off road,vw,139241.47
BMG7890,2025,PRETO,standart,gm,76212.98
VRU6673,2008,AZUL,standart,cherry,132452.00
TZI0547,2019,BRANCO,standart,gm,143553.24
NXE2086,1992,PRETO,off road,fiat,192359.64
CPS9103,2004,PRETO,standart,gwm,87295.04
TRN1110,2010,VERDE,off road,ford,207111.04
GEL1986,1998,BRANCO,standart,vw,77392.05
XTE4653,2017,LARANJA,luxo,gwm,250962.31
BHM8887,2022,AMARELO,off road,gm,155748.30
VQQ3419,1992,AMARELO,off road,fiat,204962.30
LAR8289,2024,AMARELO,standart,ford,145888.55
CQW4466,1998,PRETO,standart,gm,110086.45
WIV9665,2020,LARANJA,luxo,fiat,141019.16
ACO6172,1991,LARANJA,off road,ford,135887.61
IVH1271,2025,LARANJA,off road,gm,132725.90
HWO4938,2012,VERMELHO,standart,gwm,98623.29
GBM5493,2013,AZUL,standart,gwm,111222.84
XXB1544,1991,VERMELHO,standart,gwm,132886.71
CZY4813,1992,PRETO,off road,fiat,174555.17
COX1532,1990,VERDE,luxo,cherry,228649.31
COA1323,2019,PRETO,off road,gm,138683.94
KFX8558,2003,VERDE,off road,fiat,101809.12
ZWU3613,1999,PRETO,off road,vw,173668.51
OGQ0994,2018,BRANCO,luxo,gwm,253789.54
EPY5536,2010,PRETO,luxo,cherry,219449.34
IUP3042,1998,AMARELO,off road,gwm,162912.67
HFD9574,2017,LARANJA,off road,cherry,141449.03
ZCM2599,2021,PRETO,luxo,fiat,249469.79
FPB1474,2023,LARANJA,standart,gwm,85112.17
OZB1367,2007,AMARELO,standart,fiat,127448.71
QCT1412,2006,VERDE,standart,vw,136095.68
YEY0089,2011,AZUL,off road,ford,181103.33
FUI7568,2013,AMARELO,standart,ford,114855.54
ZVX4820,1990,BRANCO,standart,cherry,96194.86
ROO2810,1999,AMARELO,luxo,ford,244625.99
TRB3350,2000,AMARELO,standart,cherry,93714.96
TYA2109,1999,PRETO,luxo,fiat,196472.84
SFQ6593,2024,VERMELHO,luxo,ford,227786.29
GCD5306,1993,AZUL,off road,fiat,196466.19
WCN0096,2003,VERDE,off road,cherry,111903.86
UWF8220,2016,VERDE,luxo,ford,209754.12
NTD6648,2002,LARANJA,standart,fiat,133874.95
FSK7112,1994,AZUL,off road,fiat,113413.88
XPU2171,2023,VERMELHO,standart,gwm,83832.46
ZHB8771,2001,VERMELHO,luxo,vw,253001.98
WUW2198,2006,PRETO,luxo,ford,128943.71
TPT3052,2015,AMARELO,standart,gwm,110460.87
CYE7483,2012,AMARELO,off road,cherry,121251.42
EPC3705,2014,BRANCO,luxo,gm,178843.36
DDW3801,1992,PRETO,standart,vw,103222.87
XXY4271,1990,BRANCO,standart,vw,116699.75
APG9640,2018,AZUL,luxo,ford,144843.94
VFS6953,2001,VERDE,luxo,ford,175212.90
MWA7585,2018,VERDE,standart,gwm,145888.96
MAB2138,2001,VERMELHO,off road,cherry,201109.74
XWO9723,2018,LARANJA,off road,fiat,136764.95
FOZ2303,2025,VERMELHO,off road,gwm,186432.67
GHI8593,1992,LARANJA,off road,fiat,138268.78
OCV1276,1997,LARANJA,off road,vw,104097.24
GRO7936,2002,BRANCO,off road,ford,155979.61
UNV3639,1991,AMARELO,off road,fiat,156728.58
MTQ3101,1996,BRANCO,luxo,gwm,167193.62
ZTO3682,1992,AZUL,luxo,cherry,239324.13
YTM1108,1993,AZUL,luxo,gwm,132070.12
CJA3107,2007,AMARELO,standart,ford,97791.49
VLN4348,2006,BRANCO,standart,gm,117664.08
MSE9055,1998,VERDE,standart,gm,121381.70
EBE3077,1992,VERMELHO,standart,gwm,95349.15
UKD1892,2012,AMARELO,luxo,gwm,208733.28
NDB0372,2021,VERMELHO,standart,cherry,119534.26
CYF1139,2019,LARANJA,standart,gwm,75565.55
WAF1943,2002,PRETO,luxo,gwm,249054.82
QLB6749,1992,VERMELHO,off road,gwm,117654.61
ASL3490,1995,VERDE,luxo,gwm,221887.15
ZRB8693,2015,VERDE,standart,gwm,94457.51
SBY1419,2024,BRANCO,off road,ford,155809.99
VNI7076,1996,AZUL,off road,cherry,140176.50
ZKR5521,2024,VERMELHO,standart,cherry,142520.03
TOI3067,2024,AMARELO,luxo,ford,170678.78
SAE3559,2017,BRANCO,off road,gwm,188363.70
JFI8034,2005,LARANJA,luxo,fiat,174065.06
YEN0543,2024,BRANCO,standart,fiat,76315.10
OGW2446,2016,BRANCO,luxo,gm,140928.32
CGJ1363,2019,LARANJA,off road,gm,147928.36
ZIB3648,2016,AZUL,luxo,cherry,199818.20
RIZ1054,1992,BRANCO,standart,vw,71180.45
IGG2841,2011,PRETO,luxo,fiat,130376.71
UDA3655,2007,BRANCO,standart,cherry,84149.81
TJK4378,2005,PRETO,standart,ford,107020.98
HIC7998,1992,VERDE,off road,gwm,191566.12
UEJ3272,2012,VERDE,off road,ford,207128.97
GJE0016,2000,VERMELHO,off road,vw,107339.35
MHU6413,2021,VERDE,luxo,fiat,204637.94
JJD4069,2007,AMARELO,off road,ford,166387.08
CSC8027,2025,BRANCO,off road,gwm,192581.74
NSW4457,2004,AZUL,standart,cherry,127562.73
VXJ3562,2003,PRETO,standart,gwm,133867.81
AQG6840,2025,AMARELO,off road,gm,204252.56
AIM3778,1998,PRETO,luxo,ford,196862.92
YFA6500,2009,AZUL,standart,fiat,143223.72
KRY1618,2014,VERMELHO,standart,ford,122347.96
JVG9089,2008,AZUL,off road,ford,121687.85
WUJ2239,2013,LARANJA,off road,cherry,98889.33
VQF7344,1993,VERMELHO,off road,gm,156571.48
YYD9354,2025,AZUL,standart,cherry,91433.82
SOH3305,2007,VERMELHO,standart,gm,128671.83
QUS6745,2012,LARANJA,off road,vw,115040.55
EFJ1842,2010,AZUL,standart,gm,123383.94
NUD3606,2017,BRANCO,luxo,fiat,167879.79
WWL4301,1993,VERMELHO,off road,gwm,152214.14
FIP1445,2017,AZUL,off road,cherry,180401.86
WVW1759,2015,VERDE,standart,vw,80933.93
CPK1023,2018,PRETO,luxo,vw,199090.23
SKJ4507,2022,BRANCO,off road,fiat,204995.05
VKW5228,2017,BRANCO,off road,gwm,176720.58
LTT3309,2000,AZUL,off road,ford,143775.08
VDA5151,2005,BRANCO,luxo,fiat,236489.70
YPH4851,2008,AZUL,luxo,gm,210726.28
PGU1114,2001,PRETO,luxo,fiat,232906.91
OUU4822,2025,AZUL,luxo,cherry,179101.85
EAF8321,2007,VERMELHO,luxo,gm,190159.80
ZTU8232,2015,LARANJA,standart,cherry,121968.74
FHW4203,2011,PRETO,off road,gwm,100382.00
OGF1542,1991,VERMELHO,luxo,ford,225583.82
KKK2563,2012,LARANJA,standart,vw,82073.15
JPC0157,2025,PRETO,standart,fiat,88999.62
HFE2477,1990,AZUL,standart,ford,101809.17
RTK1434,1996,PRETO,luxo,gm,220320.12
UJX9525,2016,AZUL,off road,vw,176434.68
QWG1370,2007,VERDE,standart,ford,101175.69
LOQ8547,2009,AZUL,standart,cherry,72966.27
MNW9938,2007,LARANJA,luxo,fiat,169846.29
MAA2793,2022,LARANJA,luxo,gwm,196140.86
UXQ9767,2001,LARANJA,luxo,cherry,252349.52
VTN9885,2015,BRANCO,off road,gm,158878.44
AFK3773,2013,AZUL,luxo,fiat,217247.85
XGL7827,1999,BRANCO,off road,vw,124816.17
QLF5725,2017,VERMELHO,luxo,fiat,247917.98
LCN2674,2021,BRANCO,off road,gm,145512.68
PWY1025,1993,AMARELO,standart,gwm,105659.79
XKV9224,2003,PRETO,luxo,fiat,142277.31
WKQ3018,1996,LARANJA,off road,cherry,130337.39
OXR3688,1990,PRETO,off road,cherry,205004.12
HRB8289,1993,VERMELHO,standart,ford,77747.66
SOK9264,2012,VERDE,luxo,fiat,198165.23
CWP8699,2019,LARANJA,luxo,gm,192388.72
YXG8425,2006,AZUL,luxo,cherry,216860.37
YAF4086,2010,PRETO,off road,gwm,163790.21
LTL9541,2012,LARANJA,standart,vw,147147.23
FLU0625,1999,AZUL,off road,fiat,125812.46
MBR4477,2019,AMARELO,luxo,cherry,249856.80
FVX8233,1999,VERDE,standart,ford,83825.25
CXW1748,2018,VERDE,luxo,vw,145414.25
TQR8222,2021,AMARELO,luxo,ford,131488.37
MXC2115,1990,VERMELHO,luxo,ford,176382.02
QRW3860,2010,BRANCO,luxo,vw,253356.23
HPC3385,2005,AZUL,off road,ford,130697.36
DHD6903,2014,VERMELHO,standart,cherry,128697.01
FPE5738,2014,PRETO,standart,gm,95924.41
PAZ1494,2013,BRANCO,off road,vw,166417.74
QRR7636,2015,VERMELHO,off road,cherry,103423.75
JCW8673,2007,AMARELO,off road,cherry,123554.46
SYS6370,2015,VERMELHO,standart,vw,133524.33
JGI3934,2021,BRANCO,standart,ford,99080.23
NLH5928,1995,LARANJA,luxo,vw,247792.00
XEM7414,1998,AZUL,luxo,ford,224447.71
NFS5294,2000,PRETO,standart,ford,73781.36
QFL1053,1990,VERMELHO,luxo,cherry,128428.70
AQP1352,1992,AZUL,luxo,gwm,125335.81
QQG3567,2022,BRANCO,luxo,cherry,242931.34
UXO5794,2002,VERMELHO,off road,fiat,136097.01
ZSD9078,2016,PRETO,standart,cherry,132765.35
GJW5034,2011,PRETO,off road,fiat,183543.27
YFV0568,2014,BRANCO,luxo,cherry,224343.25
JXW1702,1998,AZUL,standart,gwm,136393.68
FHQ4911,2011,PRETO,luxo,gwm,199562.54
QWM2421,2000,PRETO,off road,gm,186792.36
OKL1569,1999,PRETO,luxo,cherry,246033.03
CNS9475,1998,AZUL,standart,vw,84536.53
VKT6542,2004,LARANJA,luxo,ford,242373.05
OQX8068,1996,AZUL,luxo,gm,219006.70
KHU7081,2013,PRETO,off road,ford,140766.53
UAC2274,1996,BRANCO,luxo,fiat,253099.55
GTW7470,1994,VERDE,standart,ford,139878.86
RKA1843,2011,LARANJA,off road,vw,140205.39
ABF6274,1997,AMARELO,luxo,gm,214412.03
UVY5666,2008,PRETO,luxo,cherry,228371.79
PIS6041,2009,LARANJA,off road,gwm,138657.97
SAH8911,2000,BRANCO,off road,cherry,203339.80
EKB1282,2001,AMARELO,standart,vw,78373.85
PAN1777,1994,BRANCO,off road,gwm,203900.94
KCN0238,1994,PRETO,luxo,vw,224139.53
WIA3303,2008,VERMELHO,off road,vw,106787.98
GRB0014,1998,PRETO,luxo,vw,254206.93
XLO7919,2010,VERMELHO,luxo,gm,241048.74
WMO0138,2020,PRETO,standart,vw,94964.89
ESW7535,2014,AMARELO,off road,gm,189334.27
BIH5422,1997,BRANCO,off road,gwm,205735.66
OOH2880,1993,LARANJA,off road,vw,173945.13
MDR2544,2011,AMARELO,luxo,gwm,216819.58
DKP1417,1994,VERMELHO,standart,vw,82196.73
LIV3821,1998,LARANJA,standart,gm,122349.99
GLJ1864,2002,AZUL,luxo,ford,154620.35
TQB2243,2024,AMARELO,standart,ford,102889.59
RUR4396,1996,LARANJA,off road,fiat,160141.72
LNW4680,2007,PRETO,luxo,gm,221081.29
YVV0190,2014,AMARELO,standart,vw,121030.57
BYC5079,2007,AMARELO,luxo,gm,237396.55
SBJ4110,1993,AZUL,standart,vw,78380.78
CVG6604,1997,LARANJA,standart,ford,101029.05
ZIU0891,2006,LARANJA,luxo,gwm,119605.38
VZM7398,2023,VERMELHO,luxo,fiat,214602.26
VGN5835,1994,AZUL,off road,fiat,173914.87
UCK8537,2005,BRANCO,off road,gwm,181066.63
POU9802,1993,LARANJA,off road,cherry,106711.14
QZI0519,2017,VERDE,off road,cherry,117005.56
DAS9502,2018,VERMELHO,luxo,cherry,135289.53
QIV6515,2008,AMARELO,off road,cherry,111512.64
DBP5287,2002,LARANJA,luxo,ford,186305.82
OHW9478,1998,LARANJA,luxo,gm,143398.79
DWZ2677,1996,VERDE,standart,gwm,73543.36
PKG1582,2019,AZUL,standart,fiat,139708.10
PKI6274,2002,BRANCO,standart,vw,136380.31
REQ4656,2015,AZUL,off road,gm,172709.96
PNZ2447,1990,AZUL,luxo,ford,193668.80
LRX7647,2003,BRANCO,luxo,cherry,201086.61
GKM7723,2019,VERMELHO,off road,gwm,188422.55
QPP1797,2023,VERMELHO,off road,ford,100522.27
BUX0734,2007,LARANJA,standart,ford,138486.24
WTY5935,1994,VERMELHO,luxo,vw,220212.02
YNQ3492,2018,AZUL,off road,ford,198775.45
AFU3590,2013,VERDE,luxo,fiat,220051.96
RPL2230,2001,AZUL,luxo,fiat,203500.63
ZPM1449,1992,AZUL,off road,vw,121028.52
KYN7012,1990,LARANJA,standart,gm,119447.04
ZYZ3878,2013,VERMELHO,luxo,gwm,224771.57
UFT7614,2015,VERMELHO,luxo,gwm,177270.59
FAP6424,2018,BRANCO,luxo,gwm,120964.31
IHZ2208,1994,VERMELHO,standart,gwm,107966.19
MLK0187,1995,LARANJA,standart,gwm,78633.50
ZFL3692,2000,VERDE,off road,ford,185864.60
WFD6619,2006,VERMELHO,luxo,fiat,130872.04
FZV2850,2018,PRETO,luxo,fiat,225499.29
HRX4956,2003,AZUL,standart,gwm,147023.16
RCF4219,2017,AZUL,off road,gwm,183935.35
DCE8867,2000,VERDE,standart,gwm,146952.21
MVI1587,2021,PRETO,off road,fiat,119050.71
GGE9890,2010,PRETO,standart,gwm,126673.75
DXB6022,2003,BRANCO,off road,cherry,135977.54
AUY9089,2025,AMARELO,standart,fiat,85665.56
QNH8098,2020,LARANJA,standart,gwm,75406.38
IYY6089,2019,LARANJA,off road,gm,195048.18
PFF8219,2002,AZUL,off road,gm,124501.77
ZHH8187,2012,VERDE,luxo,gwm,163752.64
EDN1277,1997,LARANJA,standart,ford,129551.05
BNY1997,2002,VERDE,off road,ford,200993.93
MFL2394,1990,AZUL,luxo,gwm,156240.25
QNT0101,1996,AZUL,off road,gm,184586.61
COZ6804,2021,AMARELO,off road,fiat,182063.99
FTZ0575,2011,LARANJA,luxo,fiat,192593.81
PJS0549,2017,PRETO,luxo,ford,234914.01
VXT2889,1994,AMARELO,luxo,vw,219029.89
DMK4091,2010,PRETO,off road,vw,125721.61
ZIZ8991,1991,LARANJA,luxo,cherry,207554.57
JYO2992,2002,VERDE,off road,cherry,149902.74
YGI6785,2021,LARANJA,off road,ford,133639.95
YCC3510,2013,AZUL,luxo,ford,129433.03
VZZ3537,2002,PRETO,luxo,cherry,151960.70
AKW0368,1992,AZUL,standart,ford,148906.31
LLF9162,2004,AZUL,luxo,fiat,151133.78
GFV1980,2001,LARANJA,standart,vw,136491.15
LNK1050,2023,LARANJA,luxo,cherry,152597.46
QYR5325,1993,LARANJA,luxo,ford,205830.22
ACW7072,2013,PRETO,standart,gwm,85659.35
TQY3046,1993,PRETO,standart,gwm,132269.96
VNP7730,1992,VERDE,standart,fiat,135657.93
PAS2434,2010,AZUL,luxo,vw,189365.02
NPW1062,2025,VERMELHO,off road,gwm,192125.79
IBT0991,1997,VERMELHO,off road,cherry,147334.26
XRU2977,2002,AMARELO,off road,fiat,132417.85
JLI1769,2021,AMARELO,standart,cherry,133028.26
FFJ2077,2013,AZUL,luxo,gm,164045.77
OYD4547,2001,AMARELO,luxo,cherry,138104.09
XWV9203,2024,VERDE,standart,gm,135476.49
TUG5665,2005,VERMELHO,off road,gwm,177824.78
YWS8105,2007,VERDE,off road,fiat,104300.74
NJR2530,1996,VERDE,standart,vw,138902.67
YBZ1430,1996,AMARELO,standart,ford,134864.88
VUE6394,2019,LARANJA,luxo,gm,241919.37
VCW3521,1994,LARANJA,standart,ford,124823.21
LGX2460,2006,VERMELHO,standart,ford,96459.68
SQH0632,1992,PRETO,off road,gwm,128865.26
JTR0805,2005,BRANCO,standart,vw,100103.94
XYF5149,2025,VERMELHO,off road,gwm,185338.89
KJO9156,2006,VERDE,luxo,ford,165838.68
KQH0572,1990,BRANCO,standart,gm,83455.15
PKG9190,1993,AZUL,luxo,cherry,150228.09
BCF7511,2000,LARANJA,luxo,vw,179909.90
TSE8222,2024,AZUL,luxo,gm,250667.38
HLM1539,2000,BRANCO,standart,vw,109939.55
OKR4818,2022,LARANJA,luxo,cherry,125615.95
WXS7580,2009,BRANCO,luxo,vw,131584.61
YQC7682,1991,BRANCO,standart,fiat,103890.73
ZKR3268,2009,AMARELO,off road,vw,107356.93
SNU0643,1999,BRANCO,luxo,ford,176148.61
UWS2987,1999,VERMELHO,off road,cherry,114097.37
IVT0169,2020,PRETO,luxo,ford,139663.25
TBB0455,2013,VERMELHO,off road,vw,131611.99
LSJ0017,2001,LARANJA,off road,cherry,130856.73
NOL7458,1998,PRETO,off road,gm,185928.47
IQL5309,1993,AMARELO,off road,fiat,184724.88
FTD2243,1996,VERDE,luxo,fiat,167146.65
AEG9289,2016,PRETO,luxo,fiat,156529.71
ANF8917,2000,BRANCO,luxo,fiat,131369.97
AYH3259,2002,LARANJA,luxo,fiat,176701.01
CLY1829,1990,AMARELO,luxo,gm,180170.52
TRH1944,2018,VERMELHO,off road,ford,137821.02
JWN2984,2013,AZUL,standart,gwm,123863.78
FKX7713,2007,VERMELHO,luxo,gwm,147629.44
THC3786,2016,PRETO,standart,vw,148885.01
XKL9038,1999,VERMELHO,off road,gwm,205466.97
OJD8770,2020,AZUL,luxo,gm,241895.65
HBB5426,1995,BRANCO,standart,fiat,101102.27
SRR6449,1997,BRANCO,luxo,gwm,168390.78
KCG0300,2010,PRETO,luxo,gwm,217904.76
DLF5961,1999,AZUL,off road,gwm,100574.92
HIV3006,2021,AMARELO,standart,gm,83450.89
ZTI7419,2006,LARANJA,luxo,gm,153993.71
WEH0343,1990,AZUL,standart,gwm,138497.44
YCB4234,2010,AZUL,off road,ford,207786.61
JGK8445,1991,PRETO,standart,ford,146631.23
XKB8108,1999,BRANCO,off road,ford,127074.50
HDP6085,2018,VERMELHO,standart,cherry,102409.56
ECA2112,2016,AMARELO,luxo,vw,207360.45
LUK6083,1990,AMARELO,luxo,ford,156014.11
KVC5130,1998,VERMELHO,off road,gm,165533.45
IME0573,1999,AMARELO,luxo,gwm,185333.66
ENX4090,2008,AMARELO,standart,ford,83515.83
ELB2874,1994,BRANCO,luxo,gwm,180412.80
STD9946,1990,VERDE,luxo,ford,160713.71
UHB5625,2001,AZUL,luxo,vw,238065.50
RDQ7479,2020,AMARELO,off road,gwm,155133.19
IYH4493,2024,LARANJA,off road,ford,191527.40
RKC4568,2022,PRETO,luxo,gwm,180979.26
TYF6501,2002,BRANCO,off road,ford,113654.06
EXE5803,2022,BRANCO,luxo,cherry,126022.96
RVN0440,1990,LARANJA,standart,gwm,71601.88
APJ9358,2001,VERMELHO,luxo,cherry,187141.14
CTP6366,2021,BRANCO,luxo,vw,134203.61
XEB1817,2013,LARANJA,luxo,ford,234771.44
FBY3835,2025,BRANCO,luxo,ford,171288.81
FHB6808,1996,BRANCO,luxo,vw,175823.97
BPR4357,1995,AZUL,standart,gm,79056.90
GDN1895,2016,VERMELHO,off road,fiat,158209.68
KXG6070,2007,VERDE,standart,ford,79055.41
ZET0488,1999,VERDE,luxo,gm,158296.44
HSV9772,2014,VERMELHO,luxo,vw,135302.62
GAP5087,2007,AMARELO,luxo,gwm,150845.87
YHX2219,2008,LARANJA,off road,cherry,161569.27
URX6094,2002,VERMELHO,standart,vw,101562.88
TIM4885,2004,AMARELO,luxo,ford,222308.96
RGC2394,2007,BRANCO,luxo,vw,215357.81
AMG0289,2017,AZUL,luxo,cherry,250850.19
IMX8829,2018,VERMELHO,luxo,fiat,143783.21
CBR0712,2000,PRETO,off road,fiat,189384.26
YEL9797,2021,VERMELHO,standart,fiat,149852.34
WZA4445,2016,LARANJA,standart,vw,72397.04
VBT6554,2009,PRETO,off road,gwm,161585.83
SPM5243,2004,LARANJA,standart,ford,126853.45
GQL8158,2023,PRETO,luxo,gm,133459.93
WIH4137,2017,LARANJA,off road,cherry,136819.20
AJW8349,2005,AMARELO,standart,cherry,139754.97
ZOH8633,2007,AMARELO,standart,gm,91804.73
RKI5221,2018,PRETO,off road,vw,208024.69
ZPY2543,1991,BRANCO,luxo,cherry,134843.79
WEY5152,2016,AMARELO,standart,gm,97078.01
IKE4333,2005,AZUL,standart,vw,146953.11
TZF7277,2006,LARANJA,off road,gwm,199350.99
VDR6556,2023,VERDE,standart,gm,147356.55
TKB7773,2009,AZUL,off road,gwm,164581.48
PJM0901,2005,AMARELO,luxo,cherry,203030.93
VJF0778,1996,BRANCO,standart,gm,115657.60
DIV3646,2002,VERMELHO,luxo,gm,185915.49
UOC9554,2001,BRANCO,luxo,fiat,202996.81
BPD1313,2010,AMARELO,off road,gwm,178764.90
VMA7522,2022,BRANCO,off road,ford,171643.51
SJW9736,2019,BRANCO,luxo,gm,173465.16
QYI2847,1998,AMARELO,standart,vw,130312.28
MPF2595,1990,PRETO,off road,fiat,111770.89
OHU1022,2013,AMARELO,luxo,fiat,170263.93
GBP9770,2015,VERDE,off road,vw,101290.94
AYH0931,2023,LARANJA,standart,vw,77461.32
JVT9727,2008,VERDE,luxo,vw,143628.95
MMS5208,2022,BRANCO,off road,gwm,160825.32
GFO2700,2019,VERDE,luxo,gm,167596.55
IZL7364,1994,VERMELHO,luxo,ford,126379.27
NYY4970,2007,VERMELHO,standart,fiat,91017.54
BNL6875,2010,VERDE,luxo,ford,137477.22
DBX8754,2025,VERMELHO,off road,vw,161001.28
ZAZ5174,2020,AMARELO,luxo,fiat,167137.63
WHR1277,2015,AMARELO,off road,gwm,168270.33
BNA7032,2005,PRETO,luxo,cherry,177211.48
RYE2054,1994,BRANCO,standart,vw,119061.73
DTF4464,2004,AMARELO,luxo,gwm,206843.11
KDJ8816,2011,VERMELHO,off road,gwm,185967.31
TCM6189,2010,PRETO,standart,fiat,119403.38
AMN2643,2013,PRETO,off road,vw,137452.72
IKW7739,1999,VERDE,off road,gm,209618.73
MOW3505,2017,VERMELHO,off road,cherry,158588.45
EPP5453,2004,BRANCO,luxo,gm,229163.33
PRN9317,1990,AMARELO,luxo,fiat,124486.98
OKL2772,2005,AZUL,luxo,ford,124402.76
MMN7580,2011,BRANCO,luxo,fiat,129322.58
GWY0461,2014,AMARELO,luxo,cherry,204752.83
EXI6620,2004,AMARELO,luxo,gm,168305.65
RWE6631,2018,PRETO,off road,fiat,108971.44
AXR7361,2021,AMARELO,luxo,gwm,201373.29
MRD3970,1996,LARANJA,off road,ford,205511.14
PVS7464,2015,VERDE,luxo,cherry,182300.59
VDF4388,2009,VERMELHO,off road,cherry,186830.52
GOR6275,1993,VERDE,off road,gm,136947.79
CVS6838,1991,LARANJA,luxo,ford,177581.23
LGA0092,2013,AMARELO,off road,gwm,175790.35
RZJ9724,2001,AZUL,luxo,vw,211295.55
LRS9797,2009,LARANJA,off road,vw,185523.60
NUR0098,2000,PRETO,luxo,fiat,197657.48
BNI3196,2004,BRANCO,off road,gwm,134907.00
XWJ8274,1998,BRANCO,luxo,vw,149156.57
FIA6909,1995,LARANJA,standart,gm,105964.33
OWT3235,2017,VERMELHO,luxo,fiat,132906.94
VUA1089,2002,VERDE,luxo,cherry,224620.89
VHX4396,1992,BRANCO,off road,vw,102308.18
PQK4467,2004,AMARELO,luxo,ford,234939.29
JAE1782,1994,AZUL,standart,fiat,112682.01
YBI9665,2016,AMARELO,off road,fiat,139445.90
MQY9761,2007,VERMELHO,luxo,ford,206134.07
IXI3424,2012,LARANJA,off road,ford,133883.22
PVB1293,1992,AZUL,luxo,gm,217814.28
QFO4025,1995,AMARELO,luxo,vw,140406.05
IYE3994,2003,VERDE,luxo,vw,131531.83
WOD0465,2015,AMARELO,standart,fiat,78895.84
GJO1082,2005,LARANJA,standart,vw,149704.04
KTF4069,2006,VERMELHO,luxo,fiat,227712.47
FKE3442,2009,BRANCO,off road,gm,197617.10
QCV1411,2011,VERMELHO,off road,fiat,140520.60
CXN8481,1990,AZUL,standart,ford,102531.45
VBY5428,2013,AMARELO,luxo,cherry,119006.57
ZIR9016,2008,AMARELO,off road,ford,107431.00
ZVO3878,1991,AMARELO,off road,cherry,107833.98
TBR5640,2019,VERDE,off road,gwm,174413.34
AFF4918,1994,AMARELO,standart,gwm,126125.47
MDL7273,1997,AZUL,off road,gm,114124.30
SAZ4971,2009,LARANJA,luxo,gm,171562.69
BWH7751,2019,VERMELHO,standart,gm,106965.77
VGH2335,2015,AZUL,off road,gwm,168011.16
RAS0312,2011,LARANJA,luxo,vw,161429.75
ZZN8360,1992,AZUL,luxo,gm,185076.15
GMY2521,2004,AMARELO,luxo,vw,138280.18
XCC4531,1994,VERDE,off road,gwm,167525.95
UDK6968,2019,VERMELHO,standart,gwm,91627.11
LUW8368,1998,AZUL,standart,ford,114313.01
OSP2363,2002,VERDE,off road,ford,138542.20
SNY4265,2007,LARANJA,off road,ford,176350.57
JZC1310,2016,AZUL,standart,vw,128854.09
HKW9709,2002,AZUL,off road,gm,180176.33
BRX3258,2005,PRETO,off road,gwm,130438.07
XQW6635,2017,BRANCO,off road,fiat,161057.25
EUM4241,2019,AMARELO,standart,gm,87876.52
CTH1384,2019,VERMELHO,luxo,ford,248571.03
EIV4471,2010,AMARELO,standart,vw,86949.20
GEY0689,1997,VERMELHO,off road,gm,201040.94
TWM4603,1992,PRETO,standart,vw,118344.50
KFO7757,2015,BRANCO,luxo,cherry,229470.57
GVI3652,1993,VERDE,luxo,ford,202742.12
WPG4011,2000,VERDE,luxo,fiat,239346.67
IIS4967,2015,PRETO,luxo,gwm,152315.01
TTG6090,2024,VERMELHO,luxo,gwm,185713.08
GNY0294,1997,AMARELO,off road,ford,194414.54
TII7798,2022,VERDE,off road,vw,130178.98
VDY6467,2007,BRANCO,standart,vw,108122.40
PPR8846,2014,LARANJA,off road,fiat,128128.68
BWM7250,2010,LARANJA,luxo,fiat,223470.55
AOD1411,1997,LARANJA,luxo,gm,226622.90
TEF9917,1990,AMARELO,off road,vw,194788.44
SQK0108,2010,PRETO,standart,ford,70069.66
EAH8785,2005,AZUL,off road,vw,203929.48
AFZ1844,1993,AMARELO,off road,gwm,133906.01
RXU2679,2014,VERMELHO,off road,ford,127700.79
ORI7558,1996,AZUL,luxo,gm,197667.23
MGK7870,2008,LARANJA,standart,gwm,105984.48
CQT2256,2006,BRANCO,standart,gwm,103212.29
ZSD7045,2025,AZUL,off road,cherry,205072.31
ZSX6964,2010,BRANCO,standart,cherry,88212.52
NHD3972,1991,LARANJA,standart,ford,105095.81
OKT9148,2000,AZUL,standart,gm,134649.25
IZM8331,2001,VERMELHO,off road,fiat,118663.05
JVB0092,1990,BRANCO,off road,vw,127053.79
QNF5427,1995,PRETO,standart,ford,135640.41
LBV4546,1998,LARANJA,luxo,cherry,214357.93
WRC2385,2012,BRANCO,standart,cherry,98769.21
PTG9497,2003,BRANCO,luxo,cherry,219662.97
GIE3098,2010,BRANCO,off road,gm,155521.10
QEI1036,1999,AMARELO,luxo,gm,247221.79
UMX7776,2025,LARANJA,standart,gm,128303.95
XBS9894,2004,AMARELO,luxo,ford,174630.40
SRZ0635,2016,AZUL,luxo,ford,233998.20
WIR7815,2007,VERMELHO,standart,vw,115399.28
RRQ0484,2001,AZUL,off road,gm,188944.98
LBD6849,2019,VERDE,off road,gwm,105124.74
PBO8220,2023,AMARELO,standart,gm,133967.47
TQK4818,1990,VERMELHO,standart,gm,145195.50
EIP2873,2014,AZUL,luxo,fiat,127405.97
BPG6811,1991,AMARELO,standart,ford,115097.43
HHP8993,1995,PRETO,off road,gm,129627.32
HIZ7821,2019,BRANCO,luxo,gm,128063.62
XSZ6640,2007,VERDE,luxo,cherry,146217.79
RWT9188,2014,AMARELO,luxo,gwm,195229.08
CPV6997,1999,BRANCO,off road,fiat,135683.92
SUM7948,1998,PRETO,luxo,gwm,184930.74
EKM4665,2009,VERDE,off road,fiat,147856.62
HZY3265,2015,LARANJA,standart,cherry,73769.61
OTR6176,1997,AMARELO,standart,gwm,89708.66
MFZ1443,1999,AMARELO,off road,gm,156134.95
ASF3017,2003,LARANJA,luxo,cherry,171443.98
UYZ6279,2016,BRANCO,luxo,fiat,234329.10
KVK6591,2018,AMARELO,off road,vw,187471.31
NPS1113,2004,PRETO,luxo,cherry,201652.65
TQI1171,1995,PRETO,standart,ford,116818.72
XZJ5950,2012,AZUL,luxo,ford,148327.87
WCK5985,2007,AMARELO,off road,gwm,159348.49
LCE6760,2014,VERDE,off road,ford,192283.30
NWR3663,2018,PRETO,luxo,fiat,133416.26
KES4817,2009,PRETO,standart,ford,132907.61
PIQ9190,2020,VERMELHO,off road,vw,188266.78
XRA4761,2011,AMARELO,standart,vw,136779.54
MGD8520,2015,BRANCO,standart,cherry,72184.24
SGL3786,2015,AMARELO,luxo,fiat,154520.21
DMB0352,2001,BRANCO,luxo,cherry,151736.20
PJK4505,1997,AZUL,luxo,cherry,193130.97
KVN0199,1999,VERDE,standart,vw,126504.41
MIJ7049,2016,VERDE,luxo,gm,162998.92
BCA3139,2015,VERDE,luxo,cherry,171059.34
BTB7320,2022,VERDE,standart,vw,126839.84
QJM7787,2018,AZUL,off road,gm,207260.28
DPZ0683,1997,BRANCO,off road,ford,151925.14
KVD5302,2007,AMARELO,luxo,gm,129317.22
UJE1094,2021,AMARELO,luxo,gwm,135192.09
JCQ3506,2000,VERMELHO,standart,cherry,126393.38
YVZ3764,1991,VERDE,off road,fiat,179919.78
XVO8129,2014,BRANCO,off road,gwm,197630.48
UPP9014,2015,VERDE,standart,fiat,73378.25
XQF6703,2013,AZUL,luxo,vw,141872.82
WHB2855,2011,VERDE,luxo,fiat,143249.33
WVY4079,1994,LARANJA,standart,cherry,133844.16
GSM7836,1995,LARANJA,luxo,vw,225623.09
RDS8532,2018,VERDE,off road,ford,148139.48
XPL0618,2011,BRANCO,luxo,ford,121519.70
QJA6603,2003,VERDE,off road,gm,208374.29
HPA7425,2007,PRETO,luxo,cherry,181780.77
GMB5014,2005,BRANCO,off road,ford,174894.03
JNN7541,2011,AZUL,standart,cherry,117478.45
QMP5988,2022,AMARELO,luxo,fiat,184336.59
HPU6475,2014,LARANJA,off road,gm,190504.67
SZO1133,2004,AMARELO,standart,gm,98322.77
HHW4433,1997,LARANJA,standart,vw,114343.04
YOU7995,1993,VERMELHO,off road,vw,147678.51
IXL3367,1992,AMARELO,luxo,gm,139754.08
HJL4371,1993,AMARELO,standart,gm,136149.14
SEI3739,2012,LARANJA,standart,vw,113436.82
YDY8449,2008,BRANCO,luxo,fiat,164744.51
EQW0065,1991,AZUL,luxo,cherry,253766.21
LZR5074,2002,VERDE,luxo,gm,188260.71
AKF7440,1994,AZUL,off road,cherry,119333.79
XWH8043,1990,LARANJA,off road,gm,196846.98
ZAI9656,1997,PRETO,luxo,fiat,233590.57
ESO1704,1999,VERMELHO,standart,gm,103100.08
AWU3520,2022,VERMELHO,off road,gwm,171824.78
XTF6288,2005,LARANJA,standart,gwm,126059.96
EYF4925,1999,VERMELHO,off road,gm,171948.98
IUF3444,2019,VERMELHO,off road,fiat,165935.06
HJC9133,2013,VERMELHO,off road,fiat,144427.77
FJN7015,1997,AMARELO,luxo,gm,218662.91
WGD9362,2015,LARANJA,luxo,cherry,174059.06
PVX7591,2022,AZUL,off road,gwm,118655.61
AVV3770,2004,AMARELO,standart,fiat,102127.21
FWG9467,2005,PRETO,luxo,vw,135566.19
IXB2748,2018,VERDE,standart,ford,132353.89
WDP4566,1997,LARANJA,luxo,ford,186038.73
HRN0670,1992,BRANCO,off road,gm,133849.84
AXB9960,2011,LARANJA,off road,ford,98225.85
DMJ6338,1991,BRANCO,off road,cherry,173018.08
LGL9716,2024,PRETO,luxo,ford,135638.77
OON9568,2004,AMARELO,luxo,gwm,152478.53
NKI9580,1996,AZUL,off road,cherry,182562.72
IAT2877,2005,LARANJA,standart,ford,131078.55
HIB7418,2014,VERDE,off road,fiat,190162.37
PRB7914,1998,VERDE,standart,ford,104391.96
BQG9257,2017,AZUL,off road,gwm,171652.15
POO6184,1992,VERDE,off road,gwm,130771.78
OPL2033,2000,LARANJA,standart,ford,139545.09
YCI8168,2006,VERMELHO,off road,fiat,177855.84
XBZ9887,2003,PRETO,standart,gm,110043.60
OBA0496,2005,VERDE,luxo,gwm,234796.03
UWU2227,2006,PRETO,luxo,fiat,197019.28
HMF0936,2001,VERMELHO,off road,gwm,171501.37
EEE6149,2023,BRANCO,luxo,gwm,213120.76
MXM4259,2004,VERMELHO,standart,gwm,131994.69
ZNK4959,1996,AMARELO,off road,gm,164632.03
JQZ1209,2011,BRANCO,luxo,ford,138472.91
UIP7518,2002,VERDE,standart,gm,116037.47
QVF1490,2004,PRETO,off road,vw,168821.73
BSR0260,2002,PRETO,standart,gwm,104093.46
JPP3181,1993,BRANCO,standart,ford,144727.60
ZDD7941,1994,BRANCO,standart,gwm,85000.10
HWG7087,2015,VERDE,off road,cherry,208717.80
QZH1059,2011,AZUL,standart,gm,146180.30
SOV7577,2007,PRETO,luxo,fiat,171294.25
EVY6212,2014,VERMELHO,off road,gwm,149787.54
JGK3329,2006,BRANCO,standart,fiat,127252.52
YGX4879,1993,VERDE,standart,gwm,91206.71
JSR8193,2022,AMARELO,standart,cherry,94948.34
YPV2102,1998,VERDE,luxo,ford,247660.02
LEE3598,1990,AMARELO,off road,fiat,187406.37
UBU8750,1995,AZUL,luxo,ford,254816.86
HLE2031,2023,AZUL,off road,cherry,187194.86
BPY9098,2012,VERDE,off road,gm,145671.95
FKW1965,2008,AMARELO,standart,cherry,131501.79
UPF9718,1990,BRANCO,off road,vw,131892.27
FQG8907,2017,AMARELO,luxo,vw,191818.27
WCR9392,2003,AMARELO,luxo,gwm,187305.08
LTE9051,2004,VERMELHO,standart,gwm,120560.48
YSD2098,2000,PRETO,luxo,ford,147652.39
YWM3713,2018,VERMELHO,luxo,fiat,150816.53
MWK3595,2012,BRANCO,off road,ford,102104.42
NUJ5780,2022,VERDE,luxo,fiat,172588.38
RJH5036,2023,VERDE,luxo,ford,197783.74
QRG0047,2007,AMARELO,off road,fiat,143938.85
VDB1679,2023,BRANCO,luxo,vw,198459.02
OSI0887,2011,VERDE,off road,vw,108703.45
ZQN2946,2022,AMARELO,off road,cherry,206854.70
CYW2422,2015,PRETO,standart,gwm,143744.40
OQG5986,1990,VERMELHO,off road,gwm,142770.57
CGG7605,2005,VERDE,standart,fiat,115453.38
BUZ4644,2009,LARANJA,off road,cherry,192760.58
FHJ5206,1995,VERDE,luxo,gwm,183764.81
FYF1341,2006,BRANCO,standart,cherry,97176.00
GRX8208,2015,VERMELHO,off road,ford,207742.83
NRM5122,2021,VERDE,off road,gwm,116222.47
NYP8596,2012,AZUL,off road,vw,140255.51
SMQ6042,2015,AZUL,luxo,fiat,121708.46
USR1997,1996,BRANCO,standart,fiat,119333.92
BUO0623,2010,VERMELHO,standart,gwm,76513.57
BOJ0805,2003,LARANJA,luxo,gwm,225387.11
TNE7845,2011,PRETO,off road,ford,198022.95
HNI4307,2008,AMARELO,standart,ford,90645.04
PXZ2578,2003,PRETO,standart,cherry,128448.19
PMI0226,1991,PRETO,off road,gwm,186868.42
LDS2028,2007,AMARELO,off road,vw,154437.21
RJC8171,1999,AZUL,luxo,cherry,247632.25
VEJ2081,2005,BRANCO,off road,ford,114506.60
VIB7523,1998,LARANJA,off road,fiat,186810.15
XEK7281,2016,LARANJA,luxo,gm,125910.92
HWI8512,2020,VERMELHO,standart,vw,143656.15
HBA5750,2000,VERDE,luxo,cherry,169401.75
DIL1078,2004,VERDE,luxo,gwm,192742.70
XFR5332,2023,AZUL,off road,gwm,158023.84
OGN0175,1994,VERMELHO,off road,ford,98556.23
JQU7660,1996,AMARELO,standart,vw,97087.60
OGH5239,2002,PRETO,off road,vw,178080.54
QLK2507,2006,LARANJA,luxo,fiat,149015.63
IKA2070,1998,AZUL,luxo,vw,220432.77
FJI4128,2008,LARANJA,off road,gwm,175709.91
QKM0423,1999,BRANCO,off road,ford,177213.58
UUN3467,2000,VERDE,off road,cherry,189796.67
LFZ7334,1990,PRETO,off road,fiat,120596.33
CNH0946,2018,VERDE,standart,fiat,136243.16
WZN9287,2010,AZUL,luxo,fiat,224712.48
OMP0574,2000,VERMELHO,standart,gwm,138928.46
XZT9010,1994,AZUL,off road,gm,137471.18
DZB5059,2012,VERMELHO,standart,cherry,111109.32
QNR4251,2006,VERMELHO,off road,ford,188436.64
HLX3341,2010,PRETO,off road,vw,201871.92
NVM2175,2019,VERDE,off road,cherry,181214.75
VOA3975,2000,LARANJA,standart,fiat,91079.17
IVK8489,2016,BRANCO,luxo,gwm,152996.56
MMH3125,2011,VERMELHO,off road,ford,101404.35
KIH0307,2015,AMARELO,luxo,cherry,137274.49
OTE5778,2008,AZUL,off road,cherry,112481.06
RIB1065,2025,VERDE,off road,ford,111511.61
LIK8884,2013,AZUL,luxo,gwm,152870.68
NTT2424,2002,BRANCO,off road,ford,167856.17
BQL9531,2002,AMARELO,standart,gm,71486.58
YFP7412,1992,AMARELO,standart,cherry,89026.45
IFR6506,2000,VERDE,off road,cherry,192324.45
DZP9624,2015,BRANCO,off road,fiat,201356.81
MAV7662,2025,BRANCO,standart,cherry,128539.55
YTH0023,1999,PRETO,off road,gwm,127989.92
CDH1466,2014,AZUL,off road,ford,151769.26
CCP9760,2023,AZUL,off road,gm,124568.16
OBR7779,2017,LARANJA,off road,cherry,193467.09
FFK6079,1990,AMARELO,standart,ford,112644.80
KTG8296,1991,VERMELHO,off road,ford,199959.35
MNZ4175,2016,AMARELO,luxo,ford,183535.68
KJX3434,2023,VERDE,off road,vw,133616.90
ISD3900,2022,PRETO,standart,gm,147444.30
KZV5258,2013,BRANCO,off road,gwm,136363.45
ICD8213,2014,AZUL,luxo,gm,163686.71
IJU5008,2007,PRETO,luxo,cherry,252467.63
FVZ8576,1999,AZUL,off road,vw,105006.09
YUV6792,2009,AZUL,standart,gwm,76624.85
JUV9318,2001,VERMELHO,standart,ford,80700.57
FHW7304,1991,BRANCO,luxo,ford,219005.57
NGB3758,1990,LARANJA,standart,vw,79982.55
USO6958,2015,LARANJA,off road,gwm,151582.55
ZBL5894,1993,VERDE,off road,cherry,127623.45
HOV9973,2006,AZUL,luxo,gwm,230216.70
LIV0205,2024,LARANJA,standart,gwm,127191.94
VWY3062,2010,LARANJA,off road,ford,102574.82
IBG3869,2024,LARANJA,standart,ford,91251.29
UGZ5884,2009,BRANCO,standart,fiat,129098.82
DVM9364,2008,AMARELO,off road,gm,171048.91
DEV4689,1993,VERMELHO,luxo,vw,215283.52
RFM3826,1992,VERMELHO,luxo,fiat,233501.93
UHI6757,1999,LARANJA,standart,cherry,140240.82
RRZ5501,2008,VERDE,luxo,vw,198182.85
TNT2029,2022,LARANJA,off road,cherry,162623.32
YOX6433,2022,BRANCO,standart,cherry,94669.14
BJZ3576,2014,BRANCO,standart,vw,85137.14
WAV3380,2020,VERDE,standart,gwm,126297.85
TSK0013,2014,PRETO,standart,ford,77502.33
LAK9143,1991,VERMELHO,standart,ford,78664.80
ZCT2129,2008,VERMELHO,luxo,ford,202704.41
CJN1415,2025,AZUL,luxo,gm,241682.96
SSR8486,1995,BRANCO,standart,ford,119466.36
MBA5617,1997,BRANCO,luxo,vw,192714.80
FWP2094,1991,PRETO,luxo,gwm,223971.04
DUF5189,2002,AZUL,luxo,vw,147714.85
XXR5357,2016,LARANJA,standart,vw,110187.36
KIR0147,1990,AZUL,off road,gm,200587.78
IWH8173,2008,LARANJA,off road,gwm,118289.41
OLG0497,2018,VERDE,luxo,vw,150885.09
DPE9307,2009,PRETO,luxo,vw,161376.83
FAL3965,1996,PRETO,luxo,vw,244355.11
ONM0592,1995,AMARELO,luxo,gwm,236311.76
KHX0302,2020,VERDE,off road,fiat,198324.75
ACI4123,2003,VERMELHO,standart,cherry,118348.46
TQN6772,1991,BRANCO,luxo,gwm,143931.62
DEH9275,2016,AZUL,luxo,fiat,168820.18
XFV4929,2017,BRANCO,luxo,fiat,208640.90
HBD9177,1995,BRANCO,luxo,ford,219170.94
ZIQ5009,1990,PRETO,off road,vw,162139.42
JDT7746,1991,LARANJA,standart,ford,103819.08
YHE0580,2005,PRETO,luxo,gm,140879.31
NQQ5027,2000,LARANJA,standart,gm,110418.57
QFO6715,2025,LARANJA,standart,ford,76855.75
RHL8525,2005,LARANJA,off road,ford,123875.04
NGX4415,2013,AZUL,standart,fiat,72283.20
JQN2360,2015,LARANJA,standart,gm,75118.50
CZA7149,2000,PRETO,off road,gwm,187009.72
MKP2326,1996,AMARELO,luxo,cherry,125795.88
VFS1166,2002,PRETO,luxo,fiat,190563.30
HTI3533,1994,PRETO,luxo,gwm,179817.90
OCL8132,1998,AMARELO,off road,ford,170597.07
BVG5527,2007,VERDE,standart,gm,83787.61
OEZ3167,2004,VERDE,standart,gwm,114899.89
SFC0501,2018,LARANJA,off road,ford,123169.95
DSV7871,2010,LARANJA,off road,ford,173524.56
PWL9213,2023,VERDE,standart,gm,115183.39
MQD4691,2008,AMARELO,standart,fiat,111134.47
ABT6085,2019,VERDE,standart,gm,91948.34
GNB5342,2014,PRETO,off road,vw,149901.48
QFI0585,1994,BRANCO,standart,gm,104906.01
UAX5562,2010,VERMELHO,off road,fiat,132853.38
KAM3224,2023,LARANJA,standart,vw,102497.02
ZOM2341,1994,VERMELHO,standart,ford,122096.37
CDW4380,2007,PRETO,luxo,vw,222552.00
UCF9657,2007,VERMELHO,off road,gm,114632.10
KLO0438,2006,AZUL,standart,fiat,118180.33
BWU7672,2004,VERDE,luxo,vw,187908.27
BOW8168,1991,AMARELO,luxo,gm,163536.31
MYH3734,1992,BRANCO,standart,fiat,93833.22
VDX5629,2007,LARANJA,luxo,ford,247215.02
ZNO3487,2019,BRANCO,luxo,fiat,205730.74
UNL4195,1994,BRANCO,off road,fiat,120606.98
HPS6215,2000,PRETO,luxo,gwm,183576.23
DTP6650,2009,AZUL,off road,gm,196912.19
PVW9697,1991,AZUL,off road,gwm,128394.56
XPJ3845,2019,LARANJA,off road,cherry,167409.47
TBS7688,2025,VERMELHO,standart,ford,96632.27
ZVQ4541,2011,VERMELHO,standart,gm,103299.76
HBX1850,1990,AMARELO,luxo,gm,192221.20
VGZ0646,2023,PRETO,off road,vw,118410.59
QKN5476,2010,LARANJA,off road,gwm,183566.61
IXF6458,1996,VERMELHO,off road,ford,188556.33
WDJ4727,2013,VERDE,luxo,vw,213798.73
GEE1875,1998,AMARELO,off road,gwm,201355.62
ULC2920,1990,AMARELO,off road,cherry,190641.64
CJN2261,2011,BRANCO,standart,vw,72672.62
EYP2790,2023,BRANCO,standart,gm,91377.53
CCV5192,1992,PRETO,standart,gm,90017.71
XNJ7269,2023,VERDE,standart,cherry,94621.40
QEK8739,2011,LARANJA,luxo,gwm,219690.29
CTC7144,2005,BRANCO,standart,cherry,119035.87
GYI4324,2017,LARANJA,off road,ford,98885.97
IME3452,2004,VERMELHO,standart,vw,79216.54
GUH8925,2016,AMARELO,off road,gwm,164772.94
AYT9936,2004,AZUL,luxo,cherry,202048.23
ERD2762,1996,AZUL,off road,vw,199060.63
BTU8785,2004,AZUL,luxo,fiat,250568.38
DLA5614,2020,VERDE,luxo,ford,134256.95
SCJ8211,2013,AZUL,off road,ford,173008.37
JJL0444,2007,AZUL,standart,vw,97715.92
HGA9002,2024,VERDE,standart,cherry,76455.03
ESA0961,2005,PRETO,standart,vw,120529.15
CAL8759,2012,VERMELHO,luxo,ford,191571.72
GCO0463,2009,VERMELHO,standart,gwm,97219.79
HXV3791,2004,AZUL,luxo,gwm,239370.21
JXD7110,2017,VERDE,standart,vw,149341.49
VZZ0886,1996,AMARELO,standart,gwm,148543.10
CNP1852,2022,AZUL,off road,ford,139003.35
FOB2249,2009,AMARELO,luxo,ford,135137.38
ZHF8955,1993,PRETO,standart,fiat,109804.29
XWC8538,2000,AMARELO,standart,gwm,132116.91
BRS8906,2003,AZUL,standart,gm,103194.10
KTD6421,2012,VERDE,standart,gwm,71462.24
TUP8053,2017,VERMELHO,luxo,gm,152542.00
YTO4560,2008,LARANJA,standart,fiat,146256.50
VOT9607,2011,VERDE,luxo,gm,143168.58
KQY1184,2001,VERDE,luxo,gm,216891.31
RKI5862,2003,PRETO,off road,gwm,157444.22
UXH5447,1992,AMARELO,standart,gm,137226.60
FQS4302,2005,VERMELHO,luxo,fiat,137680.30
RTB9434,2025,AZUL,off road,gm,143655.22
WRJ8678,2023,VERDE,off road,fiat,98417.20
PAT8144,2015,PRETO,off road,cherry,99065.74
MLU6639,2016,VERMELHO,standart,ford,132172.89
VLF8245,2024,AMARELO,off road,fiat,121701.30
CDS3292,2003,AMARELO,off road,ford,160002.41
TEK5117,2005,LARANJA,luxo,fiat,215386.29
HIW3772,1998,AZUL,luxo,vw,171358.25
QMF2629,2002,AMARELO,standart,ford,97033.43
VMJ8931,1996,VERDE,luxo,gm,165895.90
GCA6003,2014,PRETO,standart,gm,86670.05
HDC7351,2004,AZUL,luxo,gm,251745.55
TTY7391,2010,LARANJA,off road,cherry,147502.23
FRS3463,2011,PRETO,off road,cherry,132267.45
XIP3801,2008,VERDE,standart,gm,142225.49
PZD4791,2005,PRETO,standart,fiat,124614.02
BLV6779,2002,LARANJA,off road,gwm,187896.78
FYH0839,2008,VERDE,off road,gm,146044.91
IZL9577,2000,VERMELHO,standart,gwm,146124.01
ZND1442,2014,AZUL,off road,ford,161302.29
KDR7219,2012,BRANCO,off road,gwm,147260.35
ISM9779,2002,BRANCO,standart,gm,119488.99
GXN1852,2005,PRETO,luxo,gm,216688.95
FRP5857,2007,PRETO,off road,cherry,118948.56
XXI6147,2007,VERMELHO,standart,cherry,144591.97
FYF1564,2020,AMARELO,luxo,ford,184743.18
HUC9359,2015,BRANCO,standart,ford,91674.72
FDD5329,2015,BRANCO,standart,gm,107160.23
JMG5817,2010,LARANJA,off road,fiat,135910.86
NPY8264,2009,LARANJA,off road,vw,142183.17
MIA4226,2016,VERDE,off road,ford,181021.28
REV8990,1992,VERDE,luxo,ford,153432.14
HOT6628,2007,BRANCO,off road,ford,131252.95
IJK5917,2017,PRETO,standart,fiat,98346.35
OJA0021,1994,VERMELHO,standart,gm,102901.83
ASI3144,2024,PRETO,off road,cherry,194736.49
UWQ6327,2021,BRANCO,luxo,cherry,132153.96
NYK4660,2017,AZUL,luxo,gwm,216151.58
XJN3436,2018,BRANCO,luxo,gwm,253760.63
XBZ5120,2008,BRANCO,luxo,gm,147913.61
DIM0885,2006,AZUL,off road,vw,125011.89
HUI1269,1998,AMARELO,off road,cherry,160607.62
HMI7881,2018,BRANCO,off road,gwm,174409.72
SGO5881,2021,LARANJA,luxo,gm,201606.16
YPL5459,2013,AMARELO,luxo,ford,228133.10
VWV3790,2018,VERMELHO,off road,gwm,168908.15
SJT1478,2008,AMARELO,off road,ford,130096.26
ATB8313,2021,BRANCO,standart,ford,89307.17
FTL0987,2021,PRETO,off road,ford,172571.09
DXK2493,1993,AZUL,off road,fiat,101412.25
XQJ2490,1992,PRETO,off road,ford,187875.06
LXI4391,2006,AMARELO,standart,fiat,96263.56
DRT8213,1992,AZUL,standart,gwm,117567.06
RMA5267,2017,VERDE,off road,fiat,152137.76
AEP0816,2018,LARANJA,luxo,cherry,212448.41
WSN8892,2003,PRETO,luxo,fiat,179805.00
PHS1997,2004,VERMELHO,off road,ford,200092.45
MYF7121,2006,AZUL,standart,cherry,149716.65
HEW3621,2009,LARANJA,standart,vw,86665.94
ABQ2979,2001,BRANCO,standart,cherry,76640.40
GCJ4866,2000,VERMELHO,standart,ford,109035.81
IGK5852,2006,LARANJA,off road,ford,182277.83
UMQ9000,2016,VERMELHO,luxo,ford,132554.21
CMD2394,2018,LARANJA,off road,gwm,160087.04
VOZ6818,2008,VERDE,off road,gwm,171727.67
TCA7578,2009,VERMELHO,standart,fiat,124696.35
JKV7002,1996,AMARELO,off road,cherry,103597.42
NBB1937,2017,VERDE,luxo,cherry,186154.16
NLE8849,2024,AMARELO,off road,gwm,169282.72
TQN3156,1990,PRETO,standart,gwm,137960.78
BWN5293,1999,LARANJA,standart,cherry,102480.18
XTT8968,2019,LARANJA,off road,cherry,189430.17
YBS2033,2016,VERMELHO,off road,vw,209869.35
IYV8868,2016,LARANJA,luxo,fiat,226333.04
JZW1078,2014,BRANCO,luxo,gwm,234239.33
WJB0547,1999,AZUL,off road,ford,170845.33
WIQ9864,2014,PRETO,standart,fiat,135584.64
QOV2150,2001,AMARELO,off road,gm,134808.25
PZM4652,2024,AZUL,standart,ford,126318.61
SCG1142,2002,AMARELO,luxo,ford,123465.05
YZG8079,2022,VERDE,standart,cherry,77783.73
SCF8377,2025,VERDE,standart,fiat,142787.44
FII9977,2024,AZUL,luxo,gm,122918.82
VBH0459,2011,LARANJA,luxo,cherry,156542.77
OWZ1614,2025,VERDE,off road,ford,119141.95
BZY9084,2011,BRANCO,luxo,vw,171402.37
XCN3974,1990,AZUL,off road,gm,155297.15
BYA2505,1992,BRANCO,off road,fiat,187883.33
CNU6003,1995,AZUL,standart,ford,77397.80
JCO7299,2011,AZUL,standart,ford,99727.39
LYE2193,2022,BRANCO,off road,gwm,190415.15
RTJ8348,2003,PRETO,luxo,cherry,242898.28
YBA3162,2012,BRANCO,luxo,fiat,194366.90
XSH0593,1994,PRETO,luxo,ford,213041.14
BOE2232,2015,BRANCO,luxo,gm,123264.93
LXT5409,1990,PRETO,luxo,gwm,171920.10
QWE3124,2017,LARANJA,standart,vw,82506.40
ANG5708,2021,AZUL,standart,gwm,82001.80
TDI8460,2005,VERMELHO,luxo,gwm,151820.38
BGE8617,2018,AMARELO,standart,cherry,79461.16
MJW7810,1996,BRANCO,luxo,cherry,221664.00
VBM9246,2005,LARANJA,standart,gwm,140923.68
TCS1120,1991,AZUL,standart,vw,135834.50
KQR2195,2011,PRETO,standart,cherry,136381.24
WDU3817,2011,AMARELO,luxo,cherry,237010.66
GKR7057,1999,AMARELO,standart,ford,135856.46
IBP0857,1990,PRETO,standart,gm,76331.35
XUU1603,2005,AMARELO,standart,cherry,147170.77
VGV4813,2013,PRETO,off road,gm,197662.20
KBR7343,2018,VERMELHO,off road,gwm,130503.39
DZF2621,2011,AMARELO,standart,fiat,108488.94
TZU5839,1992,LARANJA,off road,cherry,116484.27
LEL8375,2025,AMARELO,off road,gm,132890.77
KBE8905,2000,BRANCO,luxo,cherry,220811.61
OQI5846,2008,BRANCO,standart,cherry,88624.30
AGI5982,2013,AZUL,luxo,cherry,157308.32
SQI3408,2000,AZUL,standart,vw,105943.52
TSU9711,2020,PRETO,off road,gwm,171216.79
VCP9902,2010,PRETO,standart,fiat,83391.87
CYD2137,2006,LARANJA,standart,gwm,143529.61
SVQ6229,2019,VERDE,luxo,cherry,195606.75
NIG1842,2014,AZUL,luxo,gwm,242128.23
CEX5122,2020,PRETO,luxo,gwm,218367.57
IRT5468,1990,AZUL,off road,cherry,149519.32
EHU9827,2002,LARANJA,standart,vw,120436.17
DZU3719,2004,VERDE,standart,vw,71276.12
SWV8033,1994,VERDE,off road,cherry,108353.03
ZHZ9268,1998,BRANCO,luxo,ford,147456.84
HGK2075,2025,AMARELO,standart,ford,107572.00
CBZ3316,2014,LARANJA,off road,ford,108432.42
XDN4204,1995,VERMELHO,luxo,fiat,152362.69
ZEA8575,2024,PRETO,luxo,vw,225212.17
OXY1292,2010,BRANCO,luxo,vw,169683.92
IYO5889,1995,LARANJA,luxo,vw,252367.45
ICS0053,1995,VERMELHO,off road,cherry,131279.71
GBJ5697,2011,PRETO,standart,gm,79058.04
FCT4509,2012,VERMELHO,standart,vw,140769.53
GOB4074,2014,AZUL,off road,fiat,146100.41
KUA2578,2025,VERDE,off road,gm,103064.29
YXJ6891,1992,VERMELHO,luxo,vw,192422.40
NSO1378,1990,PRETO,standart,fiat,141789.00
IEB9290,2009,AMARELO,standart,cherry,148502.81
RHZ5752,2010,BRANCO,off road,gwm,134970.57
GBT9907,2011,VERMELHO,luxo,gm,142672.07
MSZ1603,2017,AMARELO,luxo,vw,223970.67
AQK3743,1993,VERMELHO,standart,vw,96900.35
EKK2689,2003,AMARELO,off road,fiat,166299.73
CQE6208,2023,AZUL,luxo,fiat,182119.21
WFV5274,2021,PRETO,standart,vw,133015.16
TKV3594,2015,BRANCO,luxo,gwm,166600.03
VVO5929,2014,PRETO,luxo,gwm,209975.77
AIT4461,2009,VERMELHO,luxo,ford,142173.84
BOA9028,2021,VERMELHO,standart,ford,136648.28
GBS7758,2012,BRANCO,standart,vw,106605.83
WAZ3418,2025,AZUL,off road,fiat,140727.69
XPG2147,2001,VERDE,off road,cherry,118239.73
MWW0204,2025,AMARELO,luxo,cherry,240498.36
VJD6413,2009,PRETO,off road,cherry,126767.45
XRK7797,1997,AZUL,standart,vw,148668.15
QKK4305,1994,PRETO,off road,ford,157571.71
VSK7109,1994,VERMELHO,standart,gwm,115850.65
LMG6848,2011,AMARELO,standart,fiat,85973.52
CME8906,2011,BRANCO,off road,cherry,140176.72
EDK0197,2010,AZUL,luxo,gm,219198.32
ZIP7711,2018,LARANJA,luxo,fiat,199998.63
NGU7150,2024,BRANCO,standart,vw,136878.78
PRG4109,2023,AZUL,off road,cherry,163777.69
YPS3778,2008,AMARELO,off road,gwm,101167.51
FRO5213,2007,BRANCO,standart,vw,146874.69
XTT7569,1991,AZUL,off road,ford,191497.17
HAV1153,2015,VERDE,off road,vw,168361.13
AMI4585,2020,BRANCO,off road,gm,145801.25
ISE9479,2016,VERMELHO,standart,gm,87375.60
YGD2725,1999,VERMELHO,luxo,gm,127839.14
SPG2797,2012,AMARELO,luxo,gwm,211239.49
CHK7442,2013,LARANJA,luxo,vw,202112.26
ERA4228,2023,AZUL,standart,gwm,77819.53
HSG3258,2005,VERMELHO,off road,cherry,138346.12
NPT8123,2021,VERDE,standart,cherry,124706.30
URS9362,2014,BRANCO,off road,gwm,146289.81
PPU8893,1996,PRETO,off road,fiat,166716.59
SRY1791,2009,VERDE,standart,gwm,87115.25
DHV4117,1993,PRETO,standart,fiat,86866.37
CEC3043,2020,LARANJA,off road,gwm,158149.88
CGT0318,1992,AZUL,luxo,cherry,194047.63
FLR1271,2012,AZUL,standart,gm,114311.69
CSG2072,1993,VERDE,luxo,vw,204620.71
EPB5345,1993,LARANJA,off road,ford,100120.12
PMQ1542,2014,LARANJA,luxo,ford,150108.86
MIF3430,2009,LARANJA,standart,vw,144433.12
BLM4723,1999,BRANCO,luxo,gm,187411.40
FXV6249,2004,VERDE,luxo,gwm,139613.50
DVM0419,2025,VERMELHO,luxo,cherry,155744.55
MHX4865,2022,VERMELHO,luxo,cherry,243841.18
SWK1911,1992,BRANCO,luxo,gwm,168606.49
IVI2618,2013,BRANCO,standart,cherry,95573.43
HSS4633,2003,VERMELHO,off road,fiat,115123.48
UCG7587,1995,VERDE,off road,ford,129028.97
CTZ5974,2022,LARANJA,luxo,gm,244377.17
TUD5270,2005,AMARELO,standart,gwm,146969.36
CMX5658,2023,PRETO,off road,vw,123476.30
UVA0116,2019,BRANCO,off road,ford,148604.64
FPH8582,2018,VERDE,off road,ford,109055.89
YXH6863,2024,BRANCO,luxo,vw,243802.20
HEQ1724,2007,VERMELHO,off road,ford,206096.52
SSC3314,1992,AZUL,standart,vw,93030.23
VBS8300,2014,VERDE,off road,gwm,125674.51
KMT9804,1993,AMARELO,off road,vw,196502.05
CYZ1208,2019,VERDE,standart,gm,87767.50
DRJ6426,2015,VERMELHO,standart,vw,105684.85
HQG9107,2011,AZUL,standart,vw,93417.88
BGN1747,1993,VERMELHO,off road,vw,184539.59
UNY5623,2024,AMARELO,luxo,ford,173125.04
ZJU8589,2001,LARANJA,off road,gwm,194322.03
CSJ4516,1996,BRANCO,luxo,cherry,195098.89
MXI4109,2008,VERDE,luxo,gwm,221865.78
BTQ9669,2025,LARANJA,off road,gm,151740.11
HCO1629,2023,AZUL,off road,gm,180693.38
RIT1292,1997,BRANCO,off road,cherry,156216.07
NMD5831,2025,LARANJA,standart,cherry,87684.33
AZN5935,1996,AZUL,luxo,gwm,133634.85
IWN2079,1999,BRANCO,standart,cherry,73755.04
SNB1276,2001,AZUL,standart,ford,130236.07
UIK4109,1998,VERMELHO,luxo,gm,200876.26
NHT6518,2017,VERDE,luxo,gm,251590.46
YVT2344,1992,VERDE,off road,gm,111793.61
OTR3490,1996,PRETO,off road,vw,206060.41
MTF0751,2005,AMARELO,standart,cherry,74892.53
FXQ3099,2022,LARANJA,luxo,fiat,130687.25
GKN4449,2021,VERDE,luxo,gwm,128502.65
EVY8658,2025,VERMELHO,off road,gm,99769.26
GDT3805,2007,VERDE,off road,gwm,109418.82
ENX4675,2021,AMARELO,luxo,gm,204560.80
KUP4021,2017,BRANCO,luxo,gm,235494.53
RAZ9697,2024,AMARELO,off road,fiat,158253.95
PDF9884,1993,AZUL,off road,fiat,207418.34
WVU7218,2021,VERMELHO,off road,ford,153887.03
QEI2224,2008,AZUL,standart,cherry,119095.52
XNU0789,2016,VERDE,luxo,gwm,238900.72
PWL8145,2021,BRANCO,luxo,gwm,162705.71
IDH8673,2024,VERDE,standart,gm,133868.66
FRX7759,1996,AMARELO,luxo,cherry,179835.90
UGS1896,2025,VERMELHO,luxo,ford,231018.92
NBM9042,1997,AMARELO,standart,vw,134297.77
DFK0873,2017,PRETO,luxo,gm,253252.44
UDX3620,2005,VERDE,standart,fiat,87894.48
XGI6613,2011,AMARELO,off road,cherry,175844.91
NJT9434,1996,VERDE,luxo,ford,217138.49
VLZ8935,2020,PRETO,luxo,fiat,215248.95
NUW3937,2017,BRANCO,luxo,cherry,142907.99
YJT1351,2017,PRETO,luxo,gm,164972.21
WUN3619,2023,BRANCO,standart,gwm,101184.32
JFM5945,2016,VERMELHO,standart,ford,126977.33
IUI4841,2020,VERDE,luxo,ford,237263.24
IZS1886,2011,VERMELHO,standart,ford,117303.58
PRK1804,1996,VERMELHO,standart,gm,139454.91
USN8605,2016,VERMELHO,standart,cherry,129558.58
DDP5764,1996,AMARELO,standart,ford,72584.43
RZU2827,2020,AZUL,off road,fiat,189557.39
DJA0274,2010,BRANCO,luxo,gwm,126914.77
ULN0966,2002,PRETO,luxo,cherry,212371.86
KQG4425,2001,LARANJA,standart,vw,149470.95
EOY7808,1999,AZUL,off road,ford,135734.49
SNX8056,2002,BRANCO,off road,ford,149460.01
WVD9703,1993,AMARELO,standart,fiat,131571.19
BNZ6771,1990,VERMELHO,off road,vw,99790.01
LHI4354,2017,LARANJA,standart,gm,110874.26
WWJ3872,2014,VERMELHO,luxo,vw,244395.97
HPD0871,2004,LARANJA,off road,cherry,116976.92
KCN6895,1994,PRETO,luxo,ford,201579.15
IKI8361,2009,PRETO,luxo,gm,204575.75
PMF6849,2018,BRANCO,off road,cherry,160143.55
NAK1150,2015,AMARELO,luxo,ford,235664.91
SJN3385,2020,VERDE,standart,gm,148857.75
DBF7244,2023,VERDE,standart,fiat,125876.41
VER8641,1990,VERDE,luxo,cherry,194852.11
INZ4660,2001,AZUL,off road,ford,116558.57
QZU8660,1990,PRETO,luxo,gm,154038.91
MTF4407,2013,AMARELO,off road,cherry,176658.78
QGR3930,2025,VERMELHO,luxo,vw,136877.59
TGV1686,2000,PRETO,off road,gm,112116.80
KNP3841,2025,VERMELHO,standart,gwm,110369.90
ERH1047,1997,BRANCO,standart,gwm,142715.30
JPN7975,2020,AZUL,luxo,cherry,226422.80
TBZ4770,2002,VERDE,luxo,vw,161429.97
NKB7476,2023,AZUL,standart,gm,143852.19
XOQ3994,1996,AMARELO,off road,fiat,135743.50
CAA4357,1991,VERDE,off road,fiat,136978.39
PGA3016,2019,BRANCO,luxo,cherry,195313.51
EOL4645,2007,LARANJA,standart,ford,99543.54
VSS3393,2003,VERMELHO,luxo,cherry,195084.44
DHI1780,1991,BRANCO,luxo,fiat,199440.13
KAU8104,2024,VERMELHO,off road,gm,174784.45
WAJ6714,2016,VERDE,off road,ford,115994.09
PHN6832,2001,VERDE,luxo,ford,203694.36
OGH9237,2005,BRANCO,luxo,vw,138745.45
WQX3560,1998,VERDE,luxo,fiat,119858.45
UDR0366,1990,BRANCO,off road,gwm,183728.65
CES3114,1999,LARANJA,off road,cherry,208757.21
JQY7628,2017,VERMELHO,off road,fiat,137629.37
RSY9037,2020,VERMELHO,off road,cherry,133964.29
HMJ3663,1995,BRANCO,standart,cherry,75435.49
JMF6934,2010,VERMELHO,standart,cherry,75513.11
JYZ4236,2024,LARANJA,off road,cherry,104810.91
HBZ7951,2024,VERMELHO,standart,ford,127348.47
DCE5209,2018,VERDE,luxo,vw,151791.68
QMO4878,2024,PRETO,off road,gm,110191.43
MBB5599,1995,VERMELHO,off road,fiat,101325.06
HCA7799,2014,BRANCO,standart,gm,107619.89
IDS7917,1995,AZUL,standart,vw,140252.19
ATL3340,2023,AZUL,standart,fiat,143041.17
ENK5901,2019,BRANCO,luxo,vw,171959.26
NFL0961,2010,AMARELO,standart,cherry,81602.81
QSS5839,1996,VERMELHO,standart,gm,145131.75
XZK8030,1992,LARANJA,off road,ford,114104.31
ERE0210,2011,BRANCO,luxo,gm,241889.22
BQX9228,2022,AZUL,off road,cherry,197622.79
AUU0753,2017,AZUL,off road,vw,126323.37
FXB9057,2021,VERMELHO,off road,cherry,179073.12
BJB5818,1999,VERDE,off road,ford,105225.21
SHK1063,2001,VERMELHO,standart,cherry,139166.16
WYM5754,2013,AMARELO,luxo,fiat,225072.94
YHZ8167,2006,PRETO,off road,cherry,118593.17
FGE1238,2020,LARANJA,off road,vw,209275.57
GJA2515,2024,PRETO,off road,gwm,175422.27
YIB3364,2010,VERMELHO,luxo,vw,199269.28
SAK3746,2015,AMARELO,standart,gm,121762.41
OGO0470,1993,PRETO,luxo,fiat,240439.81
MIM8469,2016,AMARELO,standart,vw,133577.74
UMG7783,2000,AZUL,off road,gwm,158068.27
RKQ4903,2024,VERDE,luxo,vw,190068.52
VED9486,2003,VERMELHO,off road,ford,135801.84
ECO2403,2022,PRETO,standart,gm,113482.24
ZGE8592,2010,VERDE,standart,gwm,143124.35
TRJ2126,2023,VERMELHO,off road,ford,197716.84
MJO9587,1998,VERMELHO,off road,ford,100217.91
QGX6692,2002,BRANCO,luxo,cherry,137232.31
WWY9757,2015,VERDE,off road,fiat,209054.08
DAE8766,2001,VERMELHO,off road,ford,98219.21
YWX3964,2013,AZUL,luxo,vw,210018.02
HEB6993,1992,PRETO,standart,gm,90228.57
RPT9360,2014,VERMELHO,standart,ford,82905.68
QLS5300,2013,VERMELHO,standart,cherry,93766.68
CJJ2676,2021,PRETO,luxo,ford,221435.83
WTA9704,2013,VERMELHO,standart,vw,123144.93
KVA7082,2022,PRETO,off road,gm,167686.82
SXU0026,1990,AMARELO,standart,gwm,137065.86
OMB8212,2002,AZUL,standart,gwm,88929.07
WBJ3510,2023,VERMELHO,luxo,ford,121235.07
UNH9439,1998,PRETO,standart,ford,144660.12
APA5281,2005,AMARELO,off road,fiat,109726.40
ZYS7274,2023,BRANCO,off road,fiat,112283.61
KJW9898,1991,PRETO,luxo,fiat,164448.21
IAB4582,1997,LARANJA,off road,gwm,153670.18
FNY0474,2017,AMARELO,standart,fiat,122051.25
IKO5015,2002,VERDE,luxo,fiat,223306.79
HQS0054,2006,PRETO,luxo,ford,238389.07
GYH9702,1990,BRANCO,luxo,ford,122712.98
XSK8118,2004,BRANCO,standart,vw,88902.59
IKL3402,2002,LARANJA,standart,gwm,136738.71
RXN6542,2005,VERMELHO,off road,gwm,129747.80
DOG3996,2009,AMARELO,standart,cherry,96686.10
OHP0875,1992,BRANCO,standart,gwm,123177.19
DUS1895,2011,PRETO,off road,gwm,191309.07
UDZ5337,2018,LARANJA,standart,ford,83766.28
YCZ5570,2024,BRANCO,off road,fiat,133395.28
WWG2976,1999,AMARELO,luxo,gm,217317.16
FZT4853,1996,VERMELHO,luxo,cherry,173263.74
UKN8797,2006,BRANCO,standart,fiat,127406.24
CDP0519,2023,AMARELO,luxo,fiat,241851.99
VKL1533,1993,VERMELHO,off road,ford,133341.51
QSB1849,2000,AZUL,standart,fiat,79916.71
WLT5556,2000,BRANCO,luxo,fiat,254254.41
ZMB7771,1995,LARANJA,off road,fiat,186409.82
NVX4669,1998,VERDE,luxo,gm,133186.15
YIO4573,2016,AZUL,standart,ford,128738.93
RFG5627,2010,BRANCO,standart,cherry,93409.58
DGK0209,2018,AZUL,off road,gwm,123501.31
ICC6045,2009,AZUL,standart,cherry,127650.20
ZHJ2829,1994,VERDE,luxo,ford,169799.89
CCE3984,2001,AMARELO,luxo,cherry,252230.05
HHH4909,2001,LARANJA,standart,fiat,136137.84
MEI8700,1997,PRETO,off road,gwm,199400.64
KGR4838,2016,BRANCO,standart,gwm,105662.37
CND3345,2004,BRANCO,luxo,gwm,244276.66
DDN9606,2016,PRETO,luxo,fiat,153735.25
UHQ8331,1991,PRETO,off road,ford,181637.61
DSR5814,2005,VERDE,luxo,cherry,248545.61
YVQ7777,1997,PRETO,off road,fiat,201485.67
MDQ8259,1997,AZUL,luxo,ford,121066.64
XPM6092,1993,VERDE,luxo,gwm,191958.59
CQK1153,2007,VERDE,standart,gwm,111815.09
YDH8340,1999,VERMELHO,luxo,cherry,140605.91
IRF2510,2017,VERMELHO,luxo,gwm,249994.17
MTL9301,2024,AMARELO,off road,fiat,170035.84
BUS5960,1995,AMARELO,luxo,cherry,170166.48
EMO6015,2000,VERMELHO,luxo,gwm,124303.02
LTW1669,2005,PRETO,luxo,fiat,129951.25
RJJ9291,2015,PRETO,standart,gm,87200.70
SEJ4321,2020,AZUL,off road,cherry,130378.38
FZL4842,1995,AZUL,off road,gwm,163214.46
GBZ8614,2013,AMARELO,luxo,fiat,128653.23
KNM1545,1993,AMARELO,off road,gm,149905.15
MLQ5524,2015,VERMELHO,standart,ford,88590.35
DRV9503,1994,VERDE,luxo,gm,237132.76
PKL9664,2000,LARANJA,luxo,fiat,220586.01
GPJ3400,2022,VERMELHO,off road,fiat,182666.78
DJM2362,2007,VERDE,standart,ford,129756.42
UJS9947,2001,BRANCO,luxo,vw,230187.99
DZC0742,2017,LARANJA,standart,ford,135047.75
ZFF8486,2023,AMARELO,off road,fiat,181884.16
EIX8813,2002,AZUL,luxo,gwm,157567.04
IMW8426,2017,AMARELO,luxo,fiat,140349.28
SAK0557,2015,AZUL,standart,cherry,117406.57
JUQ0433,2025,LARANJA,off road,cherry,134837.24
EBD0300,2006,LARANJA,luxo,gwm,212660.18
XQA2828,2018,BRANCO,luxo,cherry,136790.89
TPZ1947,2018,PRETO,luxo,gm,181129.42
JPV5226,2025,PRETO,standart,vw,85735.80
HDO8581,2005,AMARELO,standart,gwm,129792.92
NHD1028,2013,VERDE,off road,vw,120528.54
MHB3720,2003,AMARELO,standart,cherry,87319.01
BCT6453,2022,AMARELO,luxo,cherry,191016.41
JMK6763,2017,LARANJA,standart,gwm,86675.58
KVO9637,1998,BRANCO,luxo,fiat,219603.72
IGF4558,2007,AZUL,standart,cherry,110782.96
IAR6789,1992,AMARELO,luxo,gm,157572.94
CYW6896,1991,VERDE,standart,vw,70691.37
XHC6645,2003,VERDE,off road,gwm,151124.38
UTJ2474,2012,AZUL,standart,cherry,92731.25
FGZ7201,2002,LARANJA,off road,fiat,138644.33
GWR4505,2004,AMARELO,off road,vw,153016.57
FNW0939,2010,BRANCO,off road,cherry,126780.37
IXA6010,2006,VERMELHO,luxo,ford,228805.18
SIM0099,2013,LARANJA,luxo,cherry,128631.63
ELB4431,1991,BRANCO,luxo,cherry,155348.65
RTX7267,2022,BRANCO,standart,gm,114355.57
KBN0046,1991,LARANJA,luxo,ford,155369.36
XSH6054,2023,VERDE,off road,cherry,208470.28
QZU8457,2023,BRANCO,standart,ford,70663.43
SKL4070,2006,AZUL,luxo,gm,244841.76
RPF3625,2011,AMARELO,off road,cherry,201269.31
OVU3461,2000,VERMELHO,standart,fiat,122770.93
GKB3028,1991,VERMELHO,standart,ford,140104.48
BTK1700,2007,VERMELHO,luxo,cherry,206506.76
IYL9870,1991,VERMELHO,luxo,vw,247615.29
ONT5936,1996,VERDE,standart,cherry,94772.24
YFV1885,2020,PRETO,standart,cherry,109863.70
MFS3676,2014,AZUL,off road,cherry,160138.49
BLT7813,2022,LARANJA,standart,gm,116820.14
TYS0872,2010,AZUL,luxo,vw,122088.36
SCT5556,2005,AZUL,standart,gm,99859.04
JYI6719,2000,BRANCO,off road,fiat,121772.61
FIG6918,1991,PRETO,luxo,gm,252873.85
FJD9231,2014,PRETO,off road,gwm,187609.69
DLI5256,2019,VERDE,standart,cherry,99006.34
SDT7347,2023,LARANJA,off road,vw,134069.72
PSB1099,2000,VERMELHO,luxo,gwm,127721.40
CQO0411,2007,VERDE,standart,gwm,84595.38
RMK5935,2017,AZUL,standart,ford,106724.22
HUD0011,1991,AMARELO,luxo,gm,194742.02
BSD3855,1994,PRETO,off road,gm,115608.42
FLD4673,1993,LARANJA,luxo,ford,131235.20
QTB2108,2024,VERMELHO,luxo,ford,167125.39
ERH9553,2011,AMARELO,off road,cherry,192267.68
OGA4371,2013,BRANCO,luxo,vw,211993.54
AVV3036,2012,VERDE,luxo,gm,249509.03
CZD4392,1991,AZUL,luxo,gm,177309.13
UVE3966,2007,LARANJA,luxo,gm,159882.69
DYX6325,2020,AZUL,standart,fiat,72329.59
EQE7637,2003,BRANCO,standart,cherry,88757.85
LKA7148,2020,VERMELHO,off road,ford,174952.33
YYB6382,2016,VERDE,luxo,cherry,142167.29
DWW8792,2019,PRETO,off road,vw,202925.91
YAM1082,2025,AMARELO,luxo,cherry,223016.14
LVU9923,2009,PRETO,off road,gm,188406.18
NJN7758,2015,AZUL,luxo,fiat,136269.46
VRW8129,2003,AZUL,luxo,vw,141485.04
XRT7737,2023,AMARELO,standart,gwm,127385.80
ITI3082,2003,VERDE,luxo,cherry,248371.85
LKT2335,1995,AZUL,off road,gwm,171171.64
EMK5381,2008,VERDE,luxo,gwm,237550.23
TOG2868,1995,LARANJA,off road,cherry,115385.42
DLH4001,2006,BRANCO,luxo,fiat,145435.04
HMJ4947,1995,VERDE,off road,gwm,129363.89
LXA6078,2022,AMARELO,off road,gwm,118598.24
EED8188,1994,BRANCO,standart,ford,114154.49
LJP0265,2022,VERMELHO,off road,fiat,148570.07
LXV3516,1990,AMARELO,off road,gwm,184657.64
WTT5605,1991,VERDE,standart,fiat,126054.03
LKV2503,1994,PRETO,luxo,vw,136622.47
BAV3013,2011,BRANCO,luxo,fiat,197020.47
VWK4226,1998,AMARELO,off road,vw,166927.61
DRK6422,1994,PRETO,standart,ford,87409.59
HGK4300,2004,BRANCO,standart,cherry,76062.60
EMV4666,2005,AZUL,standart,cherry,138781.96
OPK1355,1997,AZUL,off road,gm,144459.80
WCS9281,2023,VERDE,luxo,gwm,230485.00
PSS7859,2015,AZUL,luxo,gm,171206.20
SPV8097,1992,PRETO,off road,vw,163792.95
RZV4833,1994,VERDE,off road,cherry,124719.98
NVG8789,2004,LARANJA,luxo,cherry,200829.07
ERQ1415,1998,VERMELHO,luxo,fiat,157843.86
YBH0322,1994,BRANCO,off road,vw,131984.32
FPX1826,2023,VERDE,luxo,cherry,145546.64
DKZ4004,2013,PRETO,luxo,gm,211613.06
IQB4901,2014,PRETO,off road,fiat,98050.56
UUR4264,2023,LARANJA,luxo,gwm,191539.18
MDK5257,2024,AMARELO,off road,fiat,99638.94
ICZ3252,2008,AMARELO,luxo,cherry,235129.85
FIL2861,2025,VERDE,off road,gm,188844.25
SFG2514,2015,AZUL,off road,fiat,128316.29
PAI9095,2011,BRANCO,luxo,gm,226074.30
SRX0010,2006,AZUL,luxo,gwm,147471.56
YCA0221,2000,PRETO,standart,gm,93455.62
HOR2141,1991,VERDE,luxo,gwm,130700.15
MNK5982,2001,LARANJA,standart,vw,108843.02
NIC7214,2023,LARANJA,luxo,gwm,154820.58
HPS0299,1997,BRANCO,luxo,vw,237958.76
YNU0620,1994,AZUL,luxo,gm,249757.64
HCF0370,1991,BRANCO,luxo,fiat,170587.54
ZPS8827,2009,VERMELHO,standart,vw,126409.63
PQJ6505,2001,AMARELO,off road,gwm,185515.51
XFR3202,1993,VERMELHO,off road,vw,209658.86
MXW7448,2021,PRETO,standart,gm,148335.91
JIU2638,2001,VERDE,luxo,gwm,208015.30
SAS8880,2010,LARANJA,standart,gwm,136816.10
SJO5876,2023,BRANCO,standart,ford,147030.73
UNR0569,2001,AMARELO,luxo,vw,212902.83
FBE7140,2000,VERDE,standart,gwm,103866.18
JYB3656,2010,PRETO,off road,gm,155680.89
KRJ9193,2002,VERMELHO,off road,vw,129099.03
BTT6717,2014,VERMELHO,luxo,cherry,247669.60
QWH6334,2011,PRETO,standart,gwm,81385.85
PLS3035,2014,AZUL,luxo,cherry,141156.43
ZZY5867,2024,PRETO,standart,ford,100257.36
CQN1329,2005,AMARELO,luxo,fiat,146217.01
HGX1422,1995,LARANJA,off road,cherry,128433.33
JHG3079,2003,VERDE,standart,ford,87922.23
KUC2085,1998,VERDE,standart,fiat,119539.89
PJI6915,2019,VERMELHO,standart,cherry,134670.71
OHH5672,2005,AMARELO,luxo,vw,247625.54
RLA3738,1999,BRANCO,luxo,ford,247356.30
ONQ7300,2019,PRETO,luxo,fiat,226173.07
TJI8067,1995,PRETO,luxo,ford,187102.46
CJA0244,1994,AZUL,standart,vw,95489.01
LYT5893,1996,VERMELHO,standart,cherry,71153.60
QLD8712,2013,AMARELO,luxo,vw,126130.16
AVM9122,2012,LARANJA,standart,gwm,138529.05
YPU7208,1991,AMARELO,off road,ford,162457.80
JGU9116,2004,VERMELHO,off road,gm,127169.07
QYN5155,1990,PRETO,off road,vw,173348.22
AGI1540,2021,AZUL,luxo,vw,246125.97
ATR7056,1998,VERDE,standart,vw,74153.97
QKE6290,2003,VERDE,off road,cherry,163352.15
XEY1222,2008,VERMELHO,standart,vw,78174.08
XDM0815,2019,VERDE,standart,ford,148348.36
JLZ8631,2011,LARANJA,standart,vw,146976.99
HPW7791,1996,BRANCO,luxo,fiat,125454.56
SSK8056,1994,AZUL,luxo,cherry,142829.47
WEN8650,1990,AMARELO,off road,cherry,201659.49
EWT5804,2003,PRETO,off road,gm,163075.80
RNS0859,2016,BRANCO,off road,ford,117856.19
HJS8240,2024,BRANCO,luxo,vw,246923.14
EJZ6033,2016,LARANJA,standart,gm,90859.60
VJX9584,1996,AZUL,luxo,gm,165526.57
SQL8401,2017,PRETO,off road,gm,128126.32
IFR1575,2006,VERDE,luxo,cherry,164208.96
BTL5917,2020,PRETO,standart,gwm,123031.47
GEX0373,2003,LARANJA,standart,gm,87810.45
RRG5054,2011,BRANCO,off road,gm,183400.58
LCO5241,2001,VERDE,off road,cherry,130723.60
MFJ8718,1991,PRETO,luxo,gm,218442.46
XKJ4654,2012,VERDE,luxo,gwm,250389.63
JVY0162,1993,AMARELO,off road,gwm,155775.64
EPN9218,2012,AZUL,luxo,vw,140096.51
NMD2547,1998,LARANJA,standart,gm,74227.32
ZGY2019,2000,VERMELHO,luxo,ford,141046.81
ZWH7547,1992,BRANCO,standart,gwm,80873.88
BII1667,2023,BRANCO,off road,vw,108636.85
AST4206,1993,LARANJA,luxo,cherry,228668.01
AMR5083,1994,AMARELO,luxo,ford,248035.07
RCE2559,1999,VERMELHO,standart,fiat,99618.82
IHH4764,2023,LARANJA,off road,cherry,118650.04
OHS2578,2009,LARANJA,off road,vw,108308.60
FVI3169,2009,VERMELHO,standart,fiat,80548.73
GFR5584,2013,VERDE,off road,cherry,203689.49
UEK6049,2016,PRETO,luxo,vw,142416.63
YCT4982,2022,VERMELHO,standart,gm,85976.24
MCN3137,1995,BRANCO,off road,gm,190272.10
LXD5335,2018,BRANCO,luxo,cherry,137398.89
COU4711,1993,PRETO,luxo,gm,173917.47
RFC4160,2009,LARANJA,luxo,vw,129478.49
LHS4250,2017,VERDE,luxo,gm,159510.77
YBL2988,2022,PRETO,standart,fiat,136647.56
KEN4982,1991,PRETO,luxo,gwm,175772.28
MYV9388,1999,VERDE,luxo,vw,165691.22
ZSJ0332,2004,AMARELO,luxo,fiat,203627.32
HNV2329,1991,AZUL,luxo,ford,224742.76
VNL2662,2005,AZUL,luxo,fiat,205574.06
JKH9845,2000,AMARELO,luxo,cherry,160952.03
JIY4808,2009,PRETO,off road,cherry,187159.80
PCZ2780,2010,AZUL,off road,fiat,121534.16
YKA3236,2025,AZUL,off road,cherry,125790.76
RMG2857,2013,AZUL,luxo,vw,201003.93
CAQ9989,2010,VERMELHO,off road,gwm,158427.84
SPA2963,1991,VERDE,luxo,ford,143417.66
QUJ3659,2009,AMARELO,luxo,fiat,228607.59
WPO0471,2021,PRETO,luxo,fiat,146230.91
IPQ5671,2010,AMARELO,standart,vw,118779.38
OYF3808,2000,VERDE,standart,ford,95943.66
JRW1309,2011,AZUL,off road,ford,135006.27
JRZ4993,2015,BRANCO,luxo,cherry,230753.50
IJP3255,2011,BRANCO,luxo,ford,188187.67
NNB7028,2005,VERDE,luxo,fiat,125908.14
TSF2681,2021,BRANCO,luxo,ford,212607.47
CDC4956,2006,AZUL,luxo,vw,248749.71
MZS8607,1995,VERDE,luxo,ford,218217.85
PNN8309,1991,BRANCO,standart,ford,122364.92
HJM9140,2020,BRANCO,luxo,vw,231880.40
IAX2172,2007,VERMELHO,standart,gm,148218.95
RAZ9244,2002,AMARELO,standart,vw,89625.29
ZBQ5290,1999,AZUL,luxo,vw,131783.49
YZG4818,2005,VERDE,off road,gwm,102211.62
AIM1915,1998,BRANCO,off road,vw,121447.34
ZOH6797,2018,BRANCO,off road,gwm,186188.98
JWW5531,1991,AMARELO,off road,cherry,189650.71
VQO2475,2023,LARANJA,luxo,gwm,213183.37
SWO9712,2013,VERDE,off road,cherry,209033.24
EGA3776,2023,AMARELO,standart,cherry,116435.61
GPJ6355,2021,VERMELHO,off road,gwm,128787.87
XVG3849,1993,VERMELHO,off road,cherry,121540.45
NAH7354,1998,VERMELHO,luxo,ford,163712.03
TEZ8025,1990,VERMELHO,off road,vw,165848.34
IXM6512,2022,VERMELHO,standart,fiat,108102.27
QEB1494,1998,VERDE,standart,ford,126590.10
JWI5236,2009,AMARELO,off road,gm,206251.87
DDL1900,2006,LARANJA,luxo,vw,139273.50
FTH0495,2012,LARANJA,standart,gwm,93440.75
JCO1136,1995,VERDE,luxo,cherry,209932.50
BVW9839,2003,LARANJA,luxo,ford,150177.24
MBD4672,1990,LARANJA,standart,fiat,98298.51
HMI5890,2019,AZUL,standart,cherry,146483.65
XZZ0822,1995,BRANCO,off road,cherry,138209.17
DNF4397,1995,PRETO,off road,fiat,142991.93
XPW0636,2015,PRETO,off road,gm,181912.76
MZM5259,2019,VERMELHO,standart,ford,118084.26
KBH1065,1999,AZUL,standart,cherry,149510.68
QIF1922,2001,VERDE,off road,vw,200945.00
ETO2603,2016,LARANJA,off road,fiat,126110.14
PWU6992,1996,LARANJA,off road,fiat,161475.47
AIR4381,2017,AZUL,luxo,gm,216857.17
AED6307,1997,VERDE,standart,ford,82448.49
FBX9753,2016,LARANJA,luxo,vw,246692.09
JTE2839,2016,BRANCO,off road,gm,161907.14
HVQ8152,2001,AZUL,luxo,ford,157678.98
JMS1033,2000,AMARELO,off road,ford,114948.59
NJX1892,2001,VERMELHO,off road,gwm,99317.11
SME2216,2020,AMARELO,standart,gm,136212.69
FVM4832,2011,VERDE,luxo,vw,239571.61
QQH8701,2015,VERMELHO,off road,gwm,120697.94
RVI4254,1992,PRETO,off road,gm,174950.51
OVU2048,1995,VERDE,off road,ford,170995.99
IHU0462,2002,AMARELO,luxo,cherry,128672.59
EVV8570,1998,AMARELO,luxo,cherry,234919.36
LCI8167,1994,AZUL,off road,gwm,150577.37
CDI1386,2021,BRANCO,off road,fiat,107334.41
QEW2175,2015,AZUL,off road,ford,178652.30
VNL1055,2002,AMARELO,off road,gm,149924.13
KLM5509,1997,VERDE,luxo,vw,138694.69
GEE6837,2024,BRANCO,off road,fiat,167932.78
EVK5359,1994,LARANJA,off road,gwm,112262.94
RLW7756,1998,AMARELO,standart,vw,89050.86
JIB6222,1992,VERDE,standart,ford,75891.95
FBX4738,2006,PRETO,luxo,gwm,150001.53
GFD5822,1991,BRANCO,standart,gwm,140615.69
ELC8738,2021,AMARELO,standart,gwm,89693.82
ZUM6650,2010,VERDE,off road,vw,193619.47
TPU3205,2021,BRANCO,off road,ford,130342.85
NOI2156,2002,LARANJA,luxo,gwm,228123.21
XFH4453,2014,AZUL,luxo,gm,224542.45
RPN4083,2015,LARANJA,off road,gm,120524.70
AKP2225,1997,PRETO,luxo,fiat,188551.27
MOU1790,2015,VERDE,off road,ford,146855.44
AWI0523,2001,VERMELHO,off road,cherry,107082.68
GZP3446,2020,BRANCO,luxo,cherry,249183.54
URV5534,2008,VERDE,standart,gm,85431.76
BGP0457,2006,AZUL,standart,gm,130619.82
LED2267,2024,LARANJA,off road,gwm,143206.68
IPB4513,2023,AZUL,luxo,vw,183152.98
EGB9364,2013,PRETO,off road,ford,170806.96
LPU2227,2016,AZUL,off road,cherry,153971.11
WSY2881,2012,PRETO,standart,fiat,149091.89
PTD5652,2012,BRANCO,luxo,vw,150485.71
AZR8750,2004,LARANJA,standart,fiat,89570.07
KBJ3287,2007,AZUL,standart,gm,88804.86
QPL5382,2011,AMARELO,standart,gwm,123134.73
CDC4770,2017,AMARELO,luxo,ford,188512.93
STF3274,2023,VERDE,luxo,ford,216178.64
LEJ5215,1993,AZUL,off road,fiat,178880.02
IFE7786,1997,VERMELHO,off road,gm,149607.81
RAO6207,2002,VERDE,standart,gwm,70222.16
SWU0101,1997,VERDE,luxo,ford,160609.06
JQR0217,2009,AMARELO,off road,fiat,124236.20
PMH1324,2007,PRETO,luxo,vw,210021.97
ILH9106,1997,BRANCO,standart,gm,138117.02
MNQ9073,2017,PRETO,standart,fiat,111393.42
CKY4821,2008,VERDE,standart,cherry,115859.16
EPH6558,2008,VERDE,standart,gm,125525.85
RCG7921,2003,VERMELHO,standart,ford,91336.98
WBD8768,2014,PRETO,off road,ford,111121.79
TDF0338,2017,AMARELO,luxo,ford,150448.47
WOF0691,2008,VERDE,luxo,gm,125583.85
BWD7321,2013,LARANJA,luxo,fiat,242941.17
KBZ7496,2017,VERMELHO,off road,cherry,151005.80
YJO2118,2021,VERMELHO,off road,gwm,177254.61
NWL0066,1991,PRETO,luxo,vw,235769.56
TXQ2277,1999,VERMELHO,standart,ford,116152.68
LFV0703,2017,BRANCO,off road,vw,114641.54
VQD9653,2000,VERDE,off road,gm,133150.09
VAU2466,1994,AZUL,off road,vw,131143.03
UQR2179,2003,VERMELHO,off road,ford,125629.15
IQL3038,2025,AZUL,luxo,cherry,139942.62
UEX7766,2009,AMARELO,off road,gwm,199355.27
PDS7069,2006,BRANCO,luxo,vw,178562.03
VAD7204,2023,LARANJA,standart,cherry,111482.46
LCX8719,2001,VERMELHO,standart,fiat,88202.69
YXZ3379,2025,AZUL,off road,gm,194865.77
AAT4575,1994,PRETO,off road,gm,117639.64
SDC5275,2014,VERDE,luxo,fiat,188893.64
DFW1776,1998,LARANJA,luxo,vw,120607.90
VWF8263,2000,VERDE,luxo,ford,165316.01
LYE9878,2005,VERDE,off road,cherry,201656.41
AKE7707,2015,VERMELHO,luxo,fiat,232378.19
WWV9759,2000,AMARELO,standart,gwm,73047.06
VIR5087,2017,AZUL,standart,vw,83707.12
XUX7569,1997,VERMELHO,standart,cherry,77313.16
SBQ3402,2013,AMARELO,luxo,vw,232773.56
FME9758,2023,VERMELHO,luxo,gm,254023.05
AIC1547,2018,BRANCO,luxo,cherry,144895.92
XQZ5650,2017,PRETO,luxo,gm,175038.79
IKJ7762,1999,VERMELHO,standart,ford,111178.56
EDY9566,1999,AMARELO,luxo,gwm,233435.03
JVD9708,1997,AZUL,luxo,gwm,199049.90
RVS5486,1992,BRANCO,luxo,gm,199192.93
ZOR6604,2017,LARANJA,off road,vw,155908.84
WBR1285,2017,AMARELO,off road,vw,99503.00
NCI4949,2016,AMARELO,standart,vw,135941.60
YZG7049,1994,VERMELHO,off road,ford,193211.41
TYE2165,2013,BRANCO,standart,gwm,104593.08
YPH3642,2008,PRETO,off road,fiat,99607.88
CMS7420,2014,PRETO,off road,vw,113508.11
NDS0893,1997,VERMELHO,luxo,fiat,172594.05
OYM7418,2018,LARANJA,standart,cherry,92785.35
EMP2517,2013,AZUL,off road,ford,156554.80
ENU7960,1991,VERDE,standart,ford,77272.85
NSU7665,2018,PRETO,off road,ford,101343.10
GYP2077,2024,VERMELHO,standart,vw,95154.60
OMM3042,2010,VERMELHO,luxo,vw,153485.63
AMG7666,2019,LARANJA,luxo,gm,210127.07
XYE9172,2003,LARANJA,standart,cherry,121422.64
REE5152,2010,BRANCO,off road,ford,156514.06
AIH7772,1991,VERDE,off road,ford,167847.87
THH2245,2003,AZUL,standart,ford,105950.19
GKQ1665,2007,VERMELHO,luxo,cherry,194076.74
NCD2887,1997,VERDE,luxo,ford,138265.57
NOG9475,2024,LARANJA,off road,fiat,158877.16
TVV5520,2002,AMARELO,luxo,gm,249886.50
ONR3449,2010,VERMELHO,standart,cherry,88549.58
JVM5576,2003,VERDE,standart,gwm,82867.38
VQE3320,2000,VERMELHO,standart,cherry,107907.95
JSF2640,2012,PRETO,standart,fiat,146011.78
LCY7343,2008,BRANCO,luxo,gm,164270.37
ZKW1979,2009,VERDE,off road,gm,129125.53
QNM0782,1999,BRANCO,off road,gwm,124372.25
DIB2424,2006,LARANJA,luxo,ford,173083.83
PDZ6245,2017,LARANJA,off road,ford,145896.49
YTK0876,1996,VERDE,standart,cherry,84815.52
GJU2905,2005,LARANJA,standart,gwm,145375.06
MMS4315,2000,BRANCO,standart,vw,95609.22
UHO7873,2003,VERMELHO,standart,vw,104091.89
WOF9301,2021,VERMELHO,luxo,gm,241378.95
SYL9551,2004,LARANJA,luxo,gwm,232559.97
IAW9934,2005,AMARELO,luxo,fiat,130410.38
EYF3755,1990,VERDE,standart,vw,82594.03
NOD8311,2000,VERDE,off road,fiat,203612.41
HZJ4683,2005,VERDE,luxo,vw,219659.63
GUL5880,2014,VERDE,luxo,gwm,208121.62
GSX0638,1991,VERMELHO,standart,cherry,85817.18
OIR6752,1996,PRETO,standart,ford,113473.92
HNV8599,1994,PRETO,luxo,cherry,166126.83
UQM1124,2002,VERMELHO,luxo,gwm,194632.96
VZC8804,2005,LARANJA,standart,fiat,121117.42
APF8003,2012,VERMELHO,luxo,fiat,213569.67
KAE7423,1993,BRANCO,standart,fiat,110230.70
AZT2187,2007,PRETO,luxo,vw,183629.79
ESR5789,2023,BRANCO,off road,ford,113394.12
FOQ8260,2011,AMARELO,standart,gm,136657.66
WAW5314,1999,BRANCO,off road,vw,128402.33
QJH4843,2007,VERDE,off road,fiat,146711.86
FZY3958,2019,VERDE,luxo,cherry,154195.21
KRT0011,2004,AMARELO,standart,ford,78292.75
DSQ7201,2022,PRETO,luxo,gwm,192697.49
OID6389,2015,VERMELHO,off road,ford,113983.84
JUT1699,2008,VERMELHO,off road,cherry,192517.98
TOA8302,1999,VERDE,luxo,gwm,215712.12
NFP1104,1995,VERMELHO,luxo,gm,201736.66
POZ5400,2023,AMARELO,standart,gm,123692.54
DMD4295,2008,BRANCO,off road,ford,194257.82
NYG7529,2010,VERMELHO,luxo,fiat,199486.80
LWY7234,2020,BRANCO,luxo,fiat,151907.91
RWI4024,1992,PRETO,standart,gwm,142266.90
EAE7097,1998,LARANJA,standart,cherry,147346.18
TTV5479,2004,BRANCO,off road,gm,179840.35
MGT0847,1995,VERDE,standart,fiat,106200.42
GUL3979,2012,AMARELO,off road,cherry,126652.63
KMC2350,1993,VERMELHO,off road,gwm,192750.31
QJX8184,2008,BRANCO,off road,fiat,185000.77
ABD3903,2004,VERDE,standart,fiat,96017.06
XRB8057,1993,AMARELO,luxo,fiat,125529.42
YFU6643,1998,VERMELHO,luxo,gwm,138385.10
OGC8731,1998,PRETO,standart,fiat,88710.98
TKD6750,2006,LARANJA,off road,gwm,102754.85
KXJ5145,2022,LARANJA,standart,fiat,111925.25
YSK4769,2021,AMARELO,off road,fiat,184430.61
BHC2098,1997,BRANCO,luxo,gwm,174481.52
RPH4247,2018,PRETO,standart,gwm,106374.38
TKU8248,2019,VERMELHO,off road,ford,204732.60
YAD9688,1992,VERMELHO,luxo,gm,147232.30
TQX4755,1999,VERDE,standart,gwm,108069.39
VIJ7690,2014,AZUL,luxo,cherry,166793.79
BIN3026,1992,VERMELHO,off road,ford,146386.58
MEY3959,2007,AMARELO,standart,vw,95068.39
OKY6867,2000,VERMELHO,off road,ford,154778.64
HCS6040,2023,BRANCO,off road,gm,198839.64
ZTX8600,2011,LARANJA,standart,gm,70069.36
LCR9040,1998,AZUL,luxo,gm,149685.99
WEA2250,1994,PRETO,luxo,vw,121083.69
KCG2404,1999,VERMELHO,off road,gwm,161957.34
HYG1419,2009,PRETO,standart,fiat,104852.02
UIW8918,2013,VERMELHO,luxo,gm,227257.57
DBD7107,1990,VERMELHO,off road,ford,170750.42
EMC6034,1991,AMARELO,luxo,ford,151652.47
DXV5101,2001,AMARELO,standart,vw,120956.03
CGC7632,2006,VERDE,standart,gm,79019.37
NLA5275,1997,BRANCO,off road,fiat,202803.91
RLI1864,2017,AZUL,luxo,vw,130582.12
VFR3156,1996,LARANJA,off road,ford,193228.06
NMO5765,2005,AMARELO,luxo,vw,211162.85
NBJ2574,1991,BRANCO,luxo,gm,197983.47
SGZ4593,2019,AZUL,standart,ford,95455.51
MFX3096,2017,LARANJA,standart,fiat,75137.26
NBH0832,2011,BRANCO,standart,vw,141710.03
PVX1391,2011,PRETO,standart,cherry,127173.48
BFX2935,1993,PRETO,off road,ford,185508.93
CKM6001,2002,AMARELO,luxo,cherry,230480.67
SJT7627,2007,BRANCO,off road,fiat,171225.93
GSI3247,1997,AMARELO,standart,gwm,118369.87
WKO6710,1999,VERMELHO,luxo,gwm,246060.13
PZX9308,1992,LARANJA,off road,cherry,135121.71
JQC5844,2007,LARANJA,standart,cherry,141445.42
LGE4003,2002,BRANCO,off road,vw,188380.16
BEC5053,2008,VERDE,off road,ford,187342.54
KVS5636,2019,VERDE,off road,vw,128723.79
GVI8108,2011,VERMELHO,off road,gm,130706.47
GTT7200,2006,VERMELHO,off road,gwm,147306.84
UAW8750,2019,LARANJA,off road,vw,208321.86
FDV3979,1995,VERDE,off road,vw,189618.89
QKZ6965,2017,PRETO,luxo,ford,165248.05
REW1087,2025,VERDE,off road,gwm,126988.59
TES7498,1998,VERMELHO,standart,fiat,74233.22
WTB4816,2000,VERDE,standart,ford,110486.22
PHX9586,1991,VERDE,off road,fiat,137978.35
BWO4330,2017,BRANCO,off road,ford,152346.30
TKT0039,2005,VERDE,luxo,gm,123305.85
VRT2936,1994,VERDE,luxo,fiat,169250.05
HNC7256,2000,VERDE,standart,vw,91279.31
FTB8735,2021,VERMELHO,off road,vw,200889.14
SEH9756,1999,AZUL,luxo,fiat,140306.35
HBE5816,2013,VERDE,off road,ford,124925.76
XGI6257,2015,AMARELO,standart,fiat,88841.71
DUN9802,2005,AZUL,off road,vw,173958.46
EKP1041,2001,PRETO,standart,gm,111245.49
KGD9462,2001,LARANJA,luxo,vw,198914.10
EIZ7092,1997,LARANJA,luxo,gm,205473.83
PHU8925,2019,PRETO,off road,gm,104873.23
YGV5426,2017,VERMELHO,standart,gm,113887.78
HBN5980,2007,VERDE,off road,gm,135315.24
NSB3136,2022,LARANJA,luxo,fiat,135706.13
WWI6681,2023,BRANCO,luxo,gm,173600.47
IHN6715,2023,VERMELHO,luxo,cherry,131897.28
CEN6647,1998,PRETO,luxo,ford,122950.71
ILM1040,2004,VERDE,standart,ford,74417.25
SNW1891,2015,LARANJA,off road,gm,153162.37
LFG6714,2002,BRANCO,off road,cherry,205879.53
BXE2642,1998,AZUL,off road,fiat,150851.72
YOJ6278,2014,BRANCO,off road,cherry,196418.60
LDO6290,2007,AZUL,off road,fiat,110954.88
VFM5681,1992,AZUL,standart,gwm,135951.86
HGK0301,2004,VERMELHO,luxo,vw,162034.10
BQO1938,2022,BRANCO,standart,ford,115540.29
FPU6925,2022,AZUL,luxo,gwm,180008.98
NDX3410,2021,VERDE,off road,cherry,161658.64
BJW3609,2011,AZUL,standart,fiat,110807.54
CJF9113,1991,LARANJA,standart,gm,127217.97
NBZ3679,1994,AZUL,luxo,fiat,209760.98
HJJ4675,2003,AZUL,off road,gm,115070.58
RDS9259,2016,BRANCO,standart,cherry,103251.62
IQU5216,2007,VERMELHO,off road,gwm,136208.04
COK1204,1999,LARANJA,off road,gm,194311.60
ZLG6426,2017,PRETO,off road,vw,140023.12
VWE2150,2022,BRANCO,standart,cherry,95095.06
KGV4720,2002,PRETO,off road,fiat,111994.40
LUY6107,2009,PRETO,luxo,gwm,181741.84
EFX3680,2007,AMARELO,off road,cherry,205013.39
VKE5923,1991,AZUL,luxo,gm,198357.27
TKD4146,1997,VERMELHO,off road,gwm,125502.45
POY7603,2013,AMARELO,standart,cherry,133410.31
JUW0399,1995,BRANCO,off road,ford,183881.38
TOF9083,2020,PRETO,off road,gm,125804.01
ZOV6273,2003,PRETO,off road,fiat,177615.85
WXQ4576,2000,PRETO,off road,gm,203147.76
FYB9013,2015,VERMELHO,off road,ford,107562.67
BLQ8537,2012,BRANCO,standart,vw,129156.07
ZHK3836,1998,VERDE,standart,vw,122966.30
TNX2085,2007,VERMELHO,standart,gwm,80877.37
EDQ4705,2000,VERMELHO,off road,gwm,125293.01
KWP1898,2014,AMARELO,standart,ford,124893.17
BNU3539,1994,AZUL,luxo,ford,231495.09
LDM6937,2019,AZUL,off road,vw,103941.89
FBI0226,2011,AZUL,standart,fiat,82007.91
JMV3374,1993,LARANJA,standart,cherry,91223.56
IEY3543,2001,PRETO,off road,vw,98424.84
XRJ3444,2021,VERMELHO,standart,vw,138122.00
XVG0141,2012,AMARELO,standart,ford,128680.53
KEA9701,1995,LARANJA,luxo,fiat,141100.16
WZC4076,2009,AMARELO,standart,ford,85351.45
YFO5889,2003,VERDE,off road,fiat,174572.75
HYF6805,1993,AMARELO,luxo,fiat,187214.88
GLH5701,2023,LARANJA,standart,cherry,108957.74
DVA3272,2000,VERDE,luxo,gm,223204.94
QEL4187,2005,AZUL,luxo,cherry,166686.04
DMU4082,2023,BRANCO,luxo,fiat,127512.37
USA7600,1992,PRETO,off road,vw,104556.42
QGD7891,1991,AZUL,luxo,gwm,238808.23
XKT8993,2024,AZUL,standart,gm,84506.56
TCA2492,1997,PRETO,luxo,cherry,207817.07
CPX3856,2000,VERDE,standart,ford,97366.84
QNX3495,2014,LARANJA,standart,ford,80534.07
OSG4307,2006,BRANCO,off road,gm,189439.67
WIV0623,2022,PRETO,off road,vw,146962.66
ALB4925,2022,BRANCO,luxo,cherry,247091.73
JHM8047,2021,LARANJA,luxo,gwm,168517.86
SER7876,2007,VERMELHO,off road,ford,152178.06
SUT0582,1998,BRANCO,standart,cherry,117885.47
PKV0210,1995,LARANJA,off road,vw,208570.26
TWM5657,1990,AMARELO,standart,gwm,103150.94
VKK5048,2009,AZUL,luxo,cherry,192025.65
UON2082,2005,BRANCO,standart,gm,72542.12
ESG0717,1998,LARANJA,luxo,fiat,247090.42
WWS3765,2024,AZUL,luxo,vw,186039.22
RHL9206,1993,BRANCO,standart,fiat,109592.88
JSB1458,2019,AZUL,luxo,gwm,221972.80
RBK2094,2015,BRANCO,luxo,gm,166464.15
SZT0596,2009,BRANCO,luxo,vw,238849.60
AMN4468,2003,PRETO,luxo,gm,195940.58
KPR6569,2006,LARANJA,off road,gm,101651.23
KAO7301,2011,AZUL,standart,gm,133172.87
UPB2492,2000,AMARELO,luxo,vw,200712.64
ZKK9007,2009,PRETO,luxo,ford,209948.67
RUC1325,2003,VERMELHO,luxo,cherry,189000.61
BIL1109,2006,AZUL,standart,gwm,139800.84
TOA5073,1999,BRANCO,standart,cherry,128691.09
YVX2530,2017,VERMELHO,off road,cherry,128934.95
DJG3460,2016,AZUL,standart,gm,128666.13
RJU5413,2003,AZUL,standart,vw,102111.10
MXT8347,2010,VERDE,standart,vw,80024.03
NJV5948,2001,AZUL,luxo,fiat,253411.85
CFF8759,2014,LARANJA,off road,cherry,163614.87
STR7755,2007,VERDE,standart,fiat,147717.32
CQF0052,2013,VERDE,luxo,cherry,157802.28
LZL3260,2009,PRETO,standart,gm,120108.32
CQU3297,2016,BRANCO,luxo,fiat,191247.65
JMZ9905,1997,PRETO,luxo,vw,137142.05
DTC7688,1997,AZUL,standart,gwm,103020.51
BEK1990,2021,LARANJA,standart,ford,132606.86
KPH4558,2010,VERMELHO,luxo,cherry,209924.77
CKR1218,2015,AMARELO,luxo,cherry,245965.70
TWD0085,2007,AZUL,off road,ford,167611.48
CLP7036,2010,PRETO,off road,fiat,120415.11
AWD0253,2018,VERDE,luxo,gwm,244273.31
HYK7532,2003,VERDE,luxo,gwm,131077.26
JBV9546,1995,VERMELHO,standart,cherry,119266.02
SST0007,2021,BRANCO,luxo,gwm,128725.09
TIL2144,2010,AMARELO,luxo,gwm,134555.84
RIK6173,2006,VERDE,luxo,fiat,157791.78
KZO3578,1995,VERMELHO,off road,ford,128761.10
KRO7918,2004,AZUL,standart,ford,97350.28
MBW1048,2008,VERMELHO,off road,gwm,191499.17
WOR0487,2016,AZUL,luxo,fiat,133131.86
WRB6999,1997,PRETO,standart,gwm,137475.73
CSY4011,2015,AMARELO,off road,fiat,140713.70
MVN5147,2004,VERMELHO,luxo,ford,198770.96
FSO0717,2022,AZUL,off road,gwm,195381.15
FWB0777,2015,AZUL,luxo,cherry,214371.25
PIK8875,2007,LARANJA,luxo,fiat,248230.06
VEH1200,1996,AZUL,off road,fiat,201457.86
XKX1877,1990,VERMELHO,standart,vw,93484.30
BBW6230,2018,AZUL,standart,cherry,147908.84
ZDH6908,1993,AZUL,off road,gm,122803.47
GMS8528,2003,AMARELO,standart,vw,144323.08
VRV2886,2014,VERDE,off road,fiat,113784.50
DFH4617,2022,LARANJA,standart,cherry,117683.03
HUU3678,2012,PRETO,luxo,fiat,220717.03
ICX0564,1997,VERDE,standart,gwm,120593.79
QEA8345,2000,BRANCO,luxo,fiat,157657.25
VWY4942,2011,AZUL,off road,gwm,186553.38
WST2324,2014,VERDE,standart,fiat,123086.90
MJU6027,2024,BRANCO,standart,cherry,127512.08
NDY3578,2015,LARANJA,luxo,gm,177735.94
VGT2129,2003,VERDE,off road,cherry,134684.63
JIU0002,2018,AMARELO,off road,cherry,108523.76
BIJ0866,2015,PRETO,off road,cherry,115975.98
WYN7990,1996,AZUL,luxo,gm,188908.28
VNU9508,2021,AMARELO,standart,ford,98162.47
ELS8318,2001,AZUL,standart,fiat,127271.37
GRH7675,1997,BRANCO,luxo,gwm,149564.91
ZTE8427,2014,LARANJA,standart,fiat,85452.57
SQP3511,1994,VERMELHO,luxo,vw,123214.98
HYX8913,1992,BRANCO,standart,fiat,122350.86
UXV7369,2021,VERMELHO,standart,gwm,122859.84
TDE2508,2014,LARANJA,off road,cherry,123533.41
DKB6127,2007,PRETO,luxo,gwm,221467.16
YFZ2148,2015,AZUL,off road,gm,146415.92
KGP7504,2020,LARANJA,off road,vw,181315.07
LHL8796,2014,PRETO,standart,vw,107112.64
OJF4610,1993,AZUL,luxo,cherry,138487.36
RJK9013,2008,VERMELHO,standart,gwm,109855.94
GED3543,2005,AZUL,off road,ford,128355.54
EXU1521,2010,VERMELHO,luxo,vw,125549.35
JTI8374,2004,VERDE,off road,gm,175697.25
OSR4801,2000,BRANCO,standart,fiat,145915.87
TOY9703,2003,BRANCO,luxo,cherry,192565.82
SZL0448,1993,AMARELO,luxo,fiat,129074.20
RMH9031,2024,AMARELO,off road,gm,144520.91
YDF7385,2012,LARANJA,off road,vw,146700.56
YYW4586,2011,BRANCO,standart,vw,136212.78
XRD4532,2000,VERMELHO,standart,ford,89767.45
EZJ1376,1998,BRANCO,off road,gm,154561.97
MHN2623,1993,BRANCO,off road,gwm,197603.62
TAH0494,1999,AMARELO,luxo,ford,236003.98
TVS2713,1992,VERMELHO,standart,vw,96680.02
KMT2990,1995,LARANJA,off road,cherry,174950.93
BHC5112,1993,PRETO,luxo,gwm,208687.76
PKO9554,2019,PRETO,standart,cherry,98629.20
YAK2090,2010,LARANJA,luxo,fiat,133078.50
BVE9106,2011,AMARELO,luxo,gm,194666.53
AII4826,2011,VERDE,standart,cherry,136314.75
LRG3205,2011,PRETO,standart,ford,128854.65
POL2569,2014,BRANCO,luxo,gm,147774.60
BUV6221,2015,LARANJA,standart,gwm,146773.63
ITD7436,2006,BRANCO,standart,fiat,71823.90
HME8940,1998,VERDE,luxo,vw,214070.95
BEN1525,2020,AZUL,off road,cherry,206571.52
EDU3891,1991,VERDE,standart,cherry,85318.13
SDG6026,2021,AMARELO,luxo,cherry,222574.49
TGG7514,2012,BRANCO,standart,fiat,115470.58
JHV0595,2015,VERDE,standart,gwm,90908.03
XNF3194,1997,BRANCO,standart,ford,114103.77
LUR7216,2024,BRANCO,standart,gm,109310.90
DDL1879,1993,VERMELHO,off road,vw,192356.42
LAZ3351,1994,PRETO,luxo,ford,245077.44
BEI4554,2019,AMARELO,standart,vw,118839.04
XTN5244,2013,BRANCO,off road,cherry,182905.67
GBQ4636,2012,PRETO,off road,cherry,176199.09
EFA8809,2018,LARANJA,off road,ford,186699.12
YEL5069,1996,PRETO,standart,cherry,99616.91
NMP8286,1996,VERDE,luxo,fiat,202676.42
TTZ0818,1995,VERMELHO,luxo,gm,234459.77
MRE7571,2005,AZUL,luxo,gm,141494.98
OGY2606,1991,AMARELO,luxo,vw,167439.47
PLR5976,2023,LARANJA,standart,ford,90742.37
PAJ3256,2021,BRANCO,off road,gm,147127.98
AIE0254,1993,PRETO,luxo,fiat,124893.89
RER0203,2014,AMARELO,luxo,ford,199420.68
LOW6368,2014,VERMELHO,standart,cherry,75524.94
OSE5995,2011,PRETO,off road,fiat,146664.69
NSY2106,2021,AMARELO,off road,gm,148868.51
FVY6116,2020,AZUL,off road,ford,133226.30
PEC6139,2015,VERDE,standart,cherry,125549.47
ATI1693,2021,LARANJA,off road,ford,131543.24
OJT6373,2018,PRETO,luxo,cherry,168926.77
VCU7499,2014,BRANCO,off road,gm,128350.64
JKI8673,2014,BRANCO,luxo,ford,198293.12
JQZ6577,2003,VERDE,luxo,gm,196931.06
TGR8081,1995,PRETO,off road,vw,136627.92
KCS8291,2021,PRETO,off road,gm,141677.55
RJH7021,2011,AZUL,off road,fiat,139023.55
HYX6315,2020,VERMELHO,off road,fiat,139379.24
ICV6816,2001,PRETO,standart,cherry,123400.07
KAF5747,2002,PRETO,off road,vw,174740.18
QBD5308,2006,PRETO,luxo,fiat,231954.26
LNQ4626,1996,PRETO,standart,vw,127151.43
TEV4232,2015,VERMELHO,off road,vw,207499.88
YEV2082,2004,VERMELHO,luxo,cherry,155102.34
OKW7147,2005,VERMELHO,luxo,vw,227161.14
KXD3631,2019,AMARELO,luxo,ford,130063.25
AQD3201,2015,AMARELO,standart,vw,118502.36
WDY4123,1994,PRETO,off road,gwm,145754.64
VDD4507,2018,VERDE,standart,gm,77057.06
YWQ1260,2016,LARANJA,off road,fiat,150088.36
BFU4308,1998,VERMELHO,standart,cherry,119825.05
QDU7784,2018,LARANJA,off road,fiat,199616.01
KHI9566,2020,BRANCO,luxo,vw,249889.60
DLU1575,1999,LARANJA,off road,fiat,191249.74
ZOU3979,2007,VERDE,luxo,ford,163274.31
BBV8824,2014,LARANJA,off road,gwm,158944.22
SBL0408,2025,AMARELO,standart,cherry,128824.74
YIC3951,2014,LARANJA,luxo,gwm,231760.42
QJO3301,2005,VERMELHO,standart,vw,96862.76
CWI3258,2001,BRANCO,luxo,ford,217631.51
WIM1793,2015,VERMELHO,luxo,gm,138560.69
WCQ0980,1999,AZUL,luxo,gm,143976.82
WJL9409,1991,VERDE,luxo,ford,213157.13
WWM8368,1999,VERDE,luxo,ford,154988.52
PAZ1551,2018,VERMELHO,off road,gwm,199773.74
BXD4504,2015,AMARELO,standart,vw,98577.07
EXR9024,2011,VERDE,off road,ford,137744.88
WVK9087,2004,VERDE,luxo,vw,193500.22
JVD2654,2023,AMARELO,luxo,cherry,156795.13
WQZ6450,2024,PRETO,off road,vw,165997.00
BNB6437,2016,BRANCO,luxo,ford,162367.94
MMQ8828,2001,AZUL,off road,gwm,106303.92
FBB5225,2003,PRETO,standart,gm,140379.92
LDV8247,2020,AMARELO,standart,fiat,134109.91
PHJ5061,2001,VERDE,luxo,fiat,135332.39
NVE3886,2023,VERDE,off road,gwm,190163.76
YHY3296,2016,VERDE,standart,gwm,74495.73
RMW5712,2003,VERMELHO,off road,fiat,99112.50
AAI7017,1992,VERDE,off road,gwm,194605.40
GFQ2384,2017,LARANJA,standart,ford,86163.24
IXX0641,2010,AZUL,luxo,ford,250879.03
XZU2265,2008,AZUL,luxo,fiat,135728.68
RPI8712,1996,PRETO,luxo,fiat,124785.83
EQR9182,1994,VERDE,standart,gm,126326.86
OZT9265,2007,AZUL,off road,vw,118125.86
AAZ8589,1992,AZUL,luxo,gwm,187224.79
HOA6079,1994,LARANJA,standart,gm,98734.83
IHP7860,2023,VERDE,luxo,gwm,226148.81
GJO5602,2020,AZUL,luxo,ford,128483.43
RQJ9629,2013,AMARELO,off road,fiat,204615.26
ULW5564,1997,BRANCO,luxo,cherry,173785.64
XDJ4564,2021,AMARELO,off road,gm,202447.38
YTS2044,1993,AMARELO,off road,gwm,150851.64
YXH8248,1996,PRETO,off road,cherry,112693.04
BCU3564,1997,BRANCO,off road,gm,164523.97
GIW6542,2017,PRETO,standart,fiat,91447.88
UVL0902,2004,PRETO,luxo,vw,130195.60
SJP9969,2007,VERMELHO,standart,cherry,137522.29
FOB8690,2007,BRANCO,luxo,cherry,120051.24
GKV6360,1993,LARANJA,off road,cherry,173595.74
NUR6763,2005,VERMELHO,off road,gwm,186476.32
ETQ8526,1999,AZUL,off road,cherry,161258.53
WCM3952,1995,LARANJA,standart,gm,131080.29
OIQ1061,2021,PRETO,off road,vw,183979.00
FGD6264,2003,VERMELHO,standart,fiat,138012.89
VNW0005,2014,VERDE,off road,fiat,202753.04
ZDO0557,2007,VERMELHO,luxo,cherry,184791.90
GBR0335,1999,BRANCO,luxo,fiat,217900.49
YSX8185,1993,PRETO,standart,vw,144046.26
MLJ5711,2014,AMARELO,luxo,cherry,245210.26
FBI4143,2002,BRANCO,standart,gm,144658.61
IOT2479,2022,BRANCO,standart,fiat,112495.80
PCQ0769,1994,LARANJA,standart,ford,101129.23
LYN3255,1992,LARANJA,off road,fiat,192045.50
WTD0272,2019,BRANCO,standart,fiat,96945.52
AZQ5264,1992,VERMELHO,luxo,fiat,220264.34
HGE6209,2025,LARANJA,standart,gwm,144925.75
YVL2713,2021,VERMELHO,luxo,gwm,157618.18
TAZ3163,2009,LARANJA,standart,fiat,73510.59
VGR7874,2019,AMARELO,off road,fiat,174086.06
UOV0973,2001,LARANJA,standart,ford,109326.95
ZBG8005,2024,VERMELHO,off road,gwm,197538.88
QCB4061,2013,BRANCO,off road,vw,115530.01
HWQ1714,1994,AMARELO,luxo,cherry,174504.04
LKN6700,2009,PRETO,off road,vw,165323.84
RQZ1626,2021,LARANJA,off road,ford,150754.01
SIA2598,1992,PRETO,luxo,gwm,183058.73
YTB7157,2000,VERMELHO,standart,cherry,136021.93
ILJ9718,2016,VERMELHO,luxo,cherry,121273.83
ZUL7421,2007,BRANCO,standart,ford,74826.25
LLA0871,2008,VERDE,standart,fiat,117549.46
CSL8220,2016,VERDE,off road,gm,174990.17
SSI8710,1994,VERMELHO,standart,gm,144843.01
PAP7025,2006,VERMELHO,standart,vw,91782.43
ARZ9427,2006,BRANCO,off road,ford,141851.11
LGT6062,2019,LARANJA,luxo,fiat,164765.16
IGZ3111,1997,VERMELHO,luxo,vw,178001.25
YPK4462,2025,VERMELHO,off road,ford,119779.33
YOT6320,2002,VERDE,off road,fiat,209390.08
AED6435,2013,VERDE,off road,cherry,166346.46
REK1368,2021,AZUL,luxo,fiat,250580.76
WIG3213,1992,VERMELHO,luxo,ford,137968.38
KLQ7620,2005,VERDE,luxo,ford,181686.91
WOI4933,2012,AMARELO,luxo,vw,156695.69
JMZ5226,2016,VERMELHO,luxo,ford,178227.84
KGP9063,1991,PRETO,off road,fiat,136480.25
FFG4250,2014,BRANCO,luxo,ford,228654.56
XRG1151,1991,AMARELO,luxo,gm,146041.55
EEK7806,1997,VERMELHO,standart,fiat,86448.18
SAD0667,2005,PRETO,standart,fiat,145527.07
MZH7165,2001,VERMELHO,off road,cherry,160215.88
PAD9231,1991,AMARELO,luxo,fiat,161969.79
DQX9817,2016,PRETO,standart,gwm,124933.20
DIS2071,2022,VERDE,off road,ford,137773.91
DEM7289,1991,PRETO,standart,cherry,82527.61
ZHJ6693,2017,BRANCO,luxo,ford,184721.02
WDL2034,1992,VERMELHO,standart,fiat,109763.93
PQL2827,2005,PRETO,luxo,cherry,184050.30
NSB1663,2023,AZUL,standart,gm,116638.15
ZHG6995,2021,VERMELHO,luxo,cherry,137333.84
MCF7600,2024,BRANCO,standart,fiat,72098.51
TZM9947,2018,VERMELHO,standart,cherry,72722.27
WBZ7359,2021,AZUL,luxo,gm,147904.87
KAV4844,1992,VERMELHO,off road,cherry,182191.68
TUP4430,1994,BRANCO,off road,fiat,122055.12
XRV0538,2004,AMARELO,luxo,fiat,211265.93
GJA2157,2018,LARANJA,off road,gwm,166984.37
VCL2631,2019,AZUL,off road,vw,111847.74
PRA6680,2022,PRETO,standart,fiat,124999.05
XDY5345,2019,VERDE,standart,gm,108614.83
DYI4094,1998,BRANCO,off road,fiat,121700.28
KSL8188,1997,LARANJA,off road,gm,148222.60
FDA4412,1995,LARANJA,luxo,fiat,250284.20
ALN0648,1991,AMARELO,standart,ford,133468.10
DCT1913,1993,VERMELHO,luxo,gm,234810.03
BSD3395,2000,BRANCO,luxo,ford,172867.67
LUJ0044,2016,AZUL,standart,gwm,98305.43
MDZ6826,2010,BRANCO,standart,fiat,107295.64
MGN2856,2006,AZUL,luxo,gwm,158359.53
QGG0809,1996,LARANJA,off road,ford,140402.69
WJA6952,2024,PRETO,off road,cherry,127001.83
PQN5059,2014,AMARELO,luxo,gm,251050.32
WZU8118,2014,PRETO,standart,gm,82143.56
MVS6940,1990,LARANJA,standart,gwm,102923.46
HWX6806,2022,VERDE,standart,gwm,79285.80
ZTL3811,1996,BRANCO,off road,fiat,198849.71
FDJ4961,2000,AMARELO,standart,fiat,108666.17
NHB0892,2001,VERMELHO,standart,gwm,80502.58
MVK0492,2006,BRANCO,off road,ford,191335.16
FXY1514,1997,VERDE,off road,fiat,208301.32
INR6919,2003,BRANCO,luxo,cherry,141839.49
GAQ5161,2000,AZUL,standart,cherry,129091.13
DCI1186,2021,AMARELO,off road,fiat,170578.89
PWB7978,2020,AMARELO,standart,vw,134856.33
ACN9034,1995,VERMELHO,off road,ford,158622.79
NPI0713,1990,VERDE,standart,vw,140382.42
TRA7458,2008,VERMELHO,luxo,gm,196857.14
JDP9402,2014,AMARELO,standart,vw,75931.02
LUK7006,2015,BRANCO,standart,gm,94253.85
HHF5857,1992,VERMELHO,luxo,fiat,220355.32
ZVK3145,2009,VERDE,off road,ford,116627.15
WFC1983,2021,BRANCO,luxo,gm,167744.97
CUG0647,2002,VERDE,off road,fiat,144399.49
NML6200,1998,AMARELO,luxo,ford,250926.01
LVJ4181,2016,VERMELHO,standart,gwm,86936.76
FKH7586,2017,VERDE,luxo,ford,135214.29
UHU0685,2025,AZUL,luxo,cherry,121368.97
VOU8057,2006,VERDE,standart,cherry,90025.33
UIM4599,2003,LARANJA,standart,gwm,149301.12
TJZ8383,2017,VERDE,luxo,cherry,225598.44
WSF3673,1998,VERDE,off road,ford,160933.93
EJL6640,2023,BRANCO,off road,fiat,205197.26
CXG3104,2018,VERDE,off road,cherry,128341.67
WBU6530,2017,VERDE,standart,ford,120052.26
QXM0535,2007,LARANJA,luxo,gm,150020.26
KTV1674,2002,PRETO,standart,cherry,103791.86
PYG9781,1995,LARANJA,standart,gm,132001.86
AXA2441,2021,LARANJA,off road,fiat,138542.93
PYV7876,2007,AZUL,off road,ford,148331.08
UAX4998,2000,VERMELHO,luxo,ford,254971.65
TLY9436,2010,VERMELHO,off road,gwm,199554.16
YYX0582,2017,VERDE,standart,cherry,89144.09
CBR5118,2023,PRETO,luxo,ford,229268.17
MML1016,1997,BRANCO,luxo,vw,181623.38
WOD2670,1990,AMARELO,off road,gm,177899.52
LXV6204,1991,VERDE,off road,gm,178661.30
USN0697,2006,LARANJA,luxo,ford,236684.83
PWD5058,2010,VERMELHO,luxo,gwm,224212.62
MIM5460,1998,AZUL,luxo,gm,204081.64
ZZW8703,2004,VERMELHO,luxo,gm,223061.65
MYG8134,2025,VERDE,luxo,cherry,180723.96
YZA5482,1999,LARANJA,luxo,ford,233477.90
MFN7420,1992,PRETO,off road,cherry,132467.84
EYA3942,2022,BRANCO,standart,cherry,79105.95
DIU3915,2019,VERDE,standart,fiat,145122.98
NYR1977,2017,BRANCO,standart,gm,94999.40
GPE2564,2020,PRETO,luxo,vw,125622.95
ERM8890,2014,VERMELHO,off road,gm,200204.05
QWD0896,2009,AMARELO,luxo,gm,169392.37
SCZ6216,2009,VERMELHO,off road,ford,117263.59
EUX9227,2021,BRANCO,luxo,gm,186121.44
NYH6166,2015,AZUL,standart,vw,110719.07
HTX1709,1995,AMARELO,off road,gm,208450.34
UQV8899,2015,AMARELO,off road,cherry,147150.76
BIH2372,1991,VERMELHO,luxo,gm,142186.19
GHF1270,2005,VERDE,standart,gwm,89142.93
ZGN7055,2005,BRANCO,standart,fiat,119834.63
GHY1831,2020,AZUL,standart,gm,143859.04
KGD5972,2011,AZUL,standart,fiat,86130.20
DNC3562,1995,BRANCO,luxo,cherry,196394.72
QBF2225,1994,AMARELO,luxo,gm,195399.71
TEK4517,2011,AMARELO,luxo,fiat,213216.18
GNR9025,1993,VERDE,luxo,gwm,228080.50
MJT5185,1992,VERMELHO,luxo,fiat,121411.69
GMI1269,2020,AZUL,standart,gwm,74911.89
OTW7486,2015,VERDE,standart,gm,117537.59
OIU0162,2021,AMARELO,off road,cherry,172929.30
HTI4096,2017,VERDE,off road,fiat,198036.42
AFH7626,2017,BRANCO,luxo,vw,166540.11
NTR2279,2007,LARANJA,luxo,fiat,244126.76
HBW9427,2005,PRETO,standart,fiat,81264.75
IAS9498,2025,BRANCO,off road,vw,209432.81
NNZ9861,2003,BRANCO,off road,cherry,112938.49
EYT5188,2012,VERMELHO,off road,cherry,106809.69
JXB1312,2016,VERMELHO,luxo,ford,127876.92
OMS5640,2019,AMARELO,off road,fiat,109635.84
CCS8298,2016,LARANJA,standart,fiat,131310.23
DUG7006,2010,VERDE,off road,ford,202096.86
JLM7927,2006,AMARELO,luxo,cherry,208452.00
NRB3536,2007,AZUL,off road,gwm,128236.38
TND5106,1999,BRANCO,standart,gm,75251.64
GBI4815,2022,AZUL,off road,cherry,128965.44
AIN7400,2025,AZUL,luxo,gm,153156.29
MYW5663,2009,VERDE,luxo,gm,204979.43
BRW3300,2013,PRETO,standart,cherry,102849.36
KGW3458,2017,PRETO,off road,gm,196464.00
TZD4070,2010,LARANJA,standart,ford,129512.42
PWS9584,1992,AZUL,off road,fiat,183215.11
OXK3949,2019,PRETO,off road,fiat,117461.08
UTG7333,2003,VERMELHO,off road,ford,124116.77
CCG1029,1993,PRETO,off road,gwm,180396.26
KTV1108,2015,BRANCO,standart,ford,93771.90
MXQ2106,1994,AZUL,standart,gwm,128695.55
PND7832,2021,AMARELO,luxo,ford,160189.96
SEB7371,2011,AMARELO,off road,cherry,188425.78
LKO7002,2023,VERMELHO,standart,fiat,148704.04
CMW9226,1990,VERDE,off road,cherry,131903.88
UOK5421,2007,LARANJA,standart,vw,97403.38
RQI5328,2007,LARANJA,standart,vw,81862.56
MHF3702,1991,VERDE,off road,ford,101118.03
HFM9535,2021,LARANJA,off road,fiat,161095.63
XDW1384,2013,VERDE,off road,vw,202766.03
JDK2032,2019,BRANCO,off road,gm,183346.27
VJU7292,1998,LARANJA,standart,cherry,79397.34
HDE4923,2018,AMARELO,off road,gm,171095.03
QOZ0078,2010,BRANCO,standart,vw,101814.11
HMI6117,2020,BRANCO,off road,gm,186725.49
BKD2803,2020,VERMELHO,standart,gwm,96042.84
RXR0741,1999,VERMELHO,standart,gm,98619.89
CXW8167,2012,VERMELHO,luxo,ford,220738.92
SRK9376,2023,PRETO,standart,fiat,77976.74
GMF7300,2008,VERDE,luxo,vw,197169.03
VPT0099,2005,VERMELHO,standart,vw,109477.69
RBY0126,2013,PRETO,luxo,gwm,190510.13
FMK6111,2004,PRETO,off road,gwm,108716.69
LWL0426,2022,BRANCO,off road,ford,133105.61
CYF9983,2015,AZUL,off road,gwm,133750.84
DSL3997,2024,VERMELHO,standart,vw,138321.78
XMI9925,2015,VERDE,luxo,gm,253252.86
KRV5233,2019,LARANJA,off road,fiat,160166.88
IWZ8355,2002,VERMELHO,luxo,gm,190068.34
MDY6211,1996,AZUL,standart,gwm,93339.47
UUN8006,2025,PRETO,standart,gm,72196.28
MFO4681,2024,LARANJA,standart,fiat,107749.34
AOV3886,2018,VERMELHO,luxo,gm,220533.00
OGN1663,1999,LARANJA,luxo,fiat,145336.45
GDZ1066,2011,AMARELO,luxo,fiat,129732.44
GHZ2386,2022,VERDE,off road,gm,131508.18
BIG6591,2008,VERMELHO,luxo,gm,237182.39
THW9668,2000,VERDE,luxo,vw,187715.68
SDI9223,1991,VERMELHO,luxo,fiat,226789.67
WEZ5646,2020,PRETO,standart,cherry,102510.81
NHT2599,1994,VERDE,standart,fiat,90403.61
ENZ4709,2018,AMARELO,standart,gwm,82825.31
GND0409,2024,VERDE,off road,gwm,208648.54
IOB8724,1998,AMARELO,luxo,fiat,121741.30
BXZ4457,2009,AMARELO,luxo,cherry,254814.22
RPC5896,2010,VERDE,luxo,gm,189395.55
LGT7068,2022,AMARELO,luxo,gm,170059.53
YAW8905,2000,BRANCO,standart,vw,89735.96
YNO7851,1997,VERDE,standart,vw,129396.39
IFF4052,1996,BRANCO,standart,vw,116110.89
MTM0029,2007,PRETO,off road,ford,165759.02
AGG0694,2017,VERDE,standart,cherry,128570.87
TAI5603,2023,VERDE,luxo,ford,122241.62
QAX0228,2009,VERDE,off road,gm,102728.68
PUW9870,2014,VERDE,off road,fiat,181565.26
HIQ2583,2019,VERDE,luxo,cherry,190239.28
RZM0572,2022,LARANJA,standart,ford,88460.76
KJI0644,1993,PRETO,luxo,fiat,211462.77
GPY6913,2011,LARANJA,standart,fiat,126682.09
YKZ7576,2017,AMARELO,standart,cherry,106017.99
LBC3840,1998,VERMELHO,luxo,cherry,142330.39
HKT0225,2019,VERDE,standart,cherry,132781.77
UDH7273,2005,BRANCO,off road,gm,187205.62
OES0488,2008,BRANCO,standart,cherry,119858.20
FSA3246,2011,VERMELHO,off road,gwm,205725.06
PZQ9194,1996,AMARELO,luxo,gm,123323.38
LNM3102,2022,LARANJA,off road,vw,160293.42
DYH0343,2020,LARANJA,off road,vw,152197.35
SXH9827,2023,AZUL,luxo,cherry,175292.96
IMV8771,2007,PRETO,off road,gwm,144801.72
GVR7159,2010,BRANCO,off road,gwm,134122.62
VJF8745,1993,PRETO,off road,ford,116111.34
GPU6050,2023,VERMELHO,standart,cherry,100105.92
IFV7294,2024,VERDE,standart,cherry,110349.20
ZIQ1872,2020,AZUL,luxo,fiat,173342.01
GYN1874,2011,AZUL,standart,fiat,133733.36
BPB7134,1997,VERDE,luxo,gm,189066.64
SIJ3874,2019,AZUL,luxo,cherry,212211.18
AYO3283,2018,LARANJA,standart,gm,119547.61
NLF8857,1996,VERDE,standart,ford,140836.42
UQH9339,2025,VERDE,luxo,fiat,235222.25
FII9494,2013,BRANCO,luxo,gwm,222400.51
IVN6752,2005,AZUL,standart,gm,79078.02
XMV8887,2005,AMARELO,off road,vw,171306.98
SKE7443,2006,VERMELHO,luxo,gwm,254842.75
JYD5700,2007,PRETO,luxo,cherry,210335.83
FVC8327,1994,AMARELO,standart,fiat,110407.17
OII4391,2000,BRANCO,luxo,gwm,246452.49
FMX3212,2001,VERDE,standart,gwm,97874.65
VDV0343,2020,VERMELHO,off road,ford,196916.94
JGG5594,2002,PRETO,luxo,fiat,170838.23
RTQ0981,2003,PRETO,luxo,gwm,123906.03
ZGE1220,2014,LARANJA,standart,fiat,133104.60
EYZ8687,1999,AMARELO,off road,fiat,156292.09
STA7325,2023,VERMELHO,luxo,ford,233286.58
MWY9680,1995,AMARELO,luxo,ford,199193.11
CPG0424,1997,AMARELO,luxo,vw,157477.41
ZEG0058,2010,LARANJA,standart,vw,75544.46
PBQ3463,2012,AMARELO,off road,ford,112223.58
KUD9674,2014,AMARELO,off road,ford,156992.18
GNC0166,2006,VERDE,off road,gm,157226.84
XMD4762,2004,VERDE,off road,ford,113680.60
GGC0016,1995,PRETO,off road,fiat,194246.71
NTS5125,1993,LARANJA,off road,vw,186924.25
DTS7920,2001,LARANJA,luxo,ford,167504.74
LSU1076,2003,PRETO,off road,gwm,158577.63
BRB3923,2022,AMARELO,standart,fiat,81026.43
AEV0182,2022,VERMELHO,luxo,gm,210088.40
IHZ8265,2006,AMARELO,luxo,vw,232369.74
ENX3532,2018,VERDE,off road,cherry,173817.17
WRB9451,2018,BRANCO,off road,gwm,196498.11
EGH8211,2007,AMARELO,off road,cherry,113579.75
NAP7783,2005,AZUL,luxo,fiat,135303.26
EWQ2763,2008,BRANCO,luxo,fiat,131371.85
GXS5256,2018,BRANCO,standart,gm,75169.31
PKT6997,2000,BRANCO,luxo,gwm,254598.29
HNQ6193,1994,VERDE,off road,vw,207316.91
AAL4731,1990,AMARELO,standart,fiat,133753.29
IIA4793,1997,VERDE,off road,gwm,120981.81
JPG6792,2001,LARANJA,standart,vw,75726.53
DJZ2928,2013,BRANCO,off road,ford,149419.57
NGL0967,1997,AMARELO,standart,cherry,143622.64
OSX2064,1992,VERDE,off road,cherry,125505.92
IJE6904,1997,PRETO,standart,gm,86930.12
JFK3248,2003,LARANJA,off road,gm,183565.81
WVP4141,2001,VERMELHO,off road,gwm,104196.51
EWJ7458,2015,BRANCO,standart,ford,93477.80
FXV0180,1995,VERDE,luxo,vw,183206.37
QPC0973,2011,VERDE,standart,fiat,99373.45
IAU3933,2014,BRANCO,off road,ford,173688.75
BKQ5094,1992,LARANJA,luxo,ford,124773.92
ANF2428,1999,VERDE,off road,gwm,125486.33
JGL0424,2006,AMARELO,luxo,gm,202061.41
PSE4681,2002,AZUL,standart,cherry,141512.84
YMZ8227,2008,BRANCO,off road,gm,153562.74
OWU6132,2018,VERMELHO,standart,gwm,144974.85
NDA9809,2019,VERMELHO,luxo,fiat,204364.31
ZXH9733,2004,VERDE,luxo,cherry,234816.60
FLJ3556,2011,AZUL,off road,gm,168671.52
WGG8224,2018,AZUL,standart,ford,83135.08
NBU9820,1991,AZUL,off road,fiat,103964.97
IYA2054,2015,BRANCO,off road,gm,103412.66
SML6661,2011,VERDE,standart,fiat,145701.08
LEV1383,1994,LARANJA,standart,fiat,99062.63
CNG0238,2009,BRANCO,standart,cherry,93418.25
RNA0165,2009,AZUL,off road,fiat,205742.97
MYZ0709,2021,PRETO,luxo,vw,178495.89
DYZ5362,2008,PRETO,luxo,ford,138418.38
FZV4991,1998,VERMELHO,standart,vw,87727.22
EUD9290,2007,AZUL,standart,ford,102145.53
HGG1219,2007,VERDE,luxo,fiat,174117.53
TXF3740,2025,LARANJA,standart,ford,124493.79
EFG4551,2022,VERDE,off road,ford,107272.61
GON3506,2019,BRANCO,standart,gm,81762.91
IFG4467,1992,AMARELO,standart,ford,122979.80
EVQ9713,2002,AMARELO,off road,gwm,208100.19
DKV4546,2025,VERMELHO,luxo,fiat,120892.16
IDS0715,2008,PRETO,off road,gm,161856.25
ANQ7576,2014,PRETO,standart,fiat,80874.14
GXB2241,1998,AMARELO,off road,fiat,191874.73
LXI3646,1990,AZUL,luxo,gwm,130928.06
PHI1413,2019,AZUL,standart,gm,79651.39
AAH9145,2011,AMARELO,standart,gm,116565.10
WTC3803,2025,VERMELHO,luxo,gwm,241020.59
AVL6377,1991,BRANCO,luxo,fiat,252380.91
JJH8545,2002,BRANCO,standart,gwm,130234.43
BVD3022,2007,LARANJA,standart,ford,79517.82
BRI6564,2013,LARANJA,luxo,cherry,170117.31
FMT9861,1994,VERDE,off road,gwm,142536.87
OCV6467,1991,PRETO,standart,gwm,119716.24
EGO4626,2018,PRETO,standart,gwm,115784.34
LFL4752,2001,PRETO,luxo,cherry,191008.03
DQD4998,2025,LARANJA,luxo,gwm,142442.39
WCN3505,2025,BRANCO,luxo,gm,205576.38
XJA7792,2004,BRANCO,standart,gm,84327.05
JYY9973,2017,LARANJA,standart,gm,86084.57
SEK8064,2006,LARANJA,standart,fiat,113441.07
QYB5874,2015,AMARELO,standart,vw,132129.15
PGB4663,2019,PRETO,off road,cherry,102561.81
YZA1245,2006,AZUL,off road,ford,147073.77
RHZ4475,2008,PRETO,off road,cherry,148781.72
YSF3010,2002,AZUL,off road,gwm,141006.79
XFR6663,1991,VERDE,off road,cherry,191711.56
DKJ3521,2000,PRETO,standart,vw,101800.48
EOD5745,2007,PRETO,off road,cherry,195672.39
QZX0714,2010,VERDE,luxo,vw,124250.09
CBG9476,2002,VERMELHO,luxo,cherry,216110.53
WXD3296,1991,AZUL,standart,cherry,110915.83
MQC5292,2015,AMARELO,off road,cherry,102292.62
CJH7034,1997,PRETO,standart,gwm,149678.08
WSP5520,2020,AMARELO,off road,ford,204644.54
WRB1288,2024,LARANJA,luxo,gwm,142958.13
SDV1210,2018,VERMELHO,luxo,vw,152373.96
BPG2129,2023,BRANCO,off road,gwm,165790.73
IDW1826,2016,VERDE,luxo,vw,250746.70
ZGL0137,2017,PRETO,standart,fiat,73126.39
SSH4585,1992,VERMELHO,off road,fiat,126215.29
VGY4448,1996,PRETO,luxo,vw,197876.98
GMF4131,2008,AZUL,off road,gwm,151603.68
KRR6999,2021,VERMELHO,luxo,cherry,161373.06
AEG7597,2014,PRETO,off road,gm,173692.97
BDZ7965,2004,LARANJA,luxo,gwm,184725.09
MOG4381,2012,PRETO,luxo,vw,139056.14
FED2054,1999,AZUL,off road,gwm,144235.76
ACY2775,1991,BRANCO,luxo,fiat,223528.86
EZZ9083,1997,VERMELHO,standart,ford,94862.53
EEG4636,1991,VERMELHO,off road,gm,197655.34
MCE4573,2023,AMARELO,standart,gm,122962.47
NRJ5774,2008,AZUL,luxo,cherry,226854.41
AHP2948,2023,BRANCO,off road,vw,165757.95
RJA3838,2008,LARANJA,standart,cherry,74221.75
WII3222,2013,AZUL,off road,ford,173968.30
XPX5127,1993,BRANCO,off road,cherry,191448.10
TUR0929,2014,AMARELO,standart,fiat,79494.20
UGM6789,2022,VERMELHO,off road,fiat,109166.31
ZAX2073,2011,AZUL,off road,cherry,167584.28
KGI9054,2021,VERMELHO,luxo,gm,154564.48
VVI1118,2008,BRANCO,luxo,gwm,208644.38
MVV3329,1996,LARANJA,off road,cherry,104596.63
PTU4118,1991,LARANJA,off road,ford,144013.89
QVC8508,2022,AZUL,luxo,gm,149665.64
NLB7336,1996,VERMELHO,luxo,gwm,172055.24
BXV0456,2001,VERMELHO,luxo,gwm,246830.34
AHI6121,2006,AMARELO,off road,cherry,165116.12
AZA5568,1998,VERDE,off road,vw,157442.51
DWY2033,2007,LARANJA,off road,vw,159080.30
YOU0528,2000,AZUL,off road,gm,157784.87
UDO3333,2014,AMARELO,luxo,cherry,205783.19
VLQ6409,2014,VERDE,off road,gm,204139.67
EMG5656,2003,PRETO,standart,ford,87280.92
RND4609,2020,LARANJA,off road,gm,155269.74
BVT7964,2008,PRETO,standart,ford,140363.27
STB0472,2002,BRANCO,off road,ford,159253.58
UHG1298,2022,AMARELO,off road,vw,166599.27
RKF6309,2021,AMARELO,standart,cherry,110978.71
QHC5411,2006,PRETO,luxo,vw,225345.62
RXL1599,1995,PRETO,luxo,gwm,245440.43
DRF4518,2007,LARANJA,luxo,fiat,251318.26
JBD8761,2021,AZUL,off road,gwm,207373.66
HTQ2208,2025,PRETO,off road,gwm,148561.71
ESF2678,1991,BRANCO,off road,gwm,132102.64
KQR8634,1996,BRANCO,standart,ford,77308.03
KAA9819,1995,AMARELO,off road,gwm,188908.68
WPS6476,1995,PRETO,standart,vw,137385.93
ZWI9570,1995,AMARELO,off road,vw,122124.65
YQD3801,2012,LARANJA,standart,ford,91773.58
FBE2395,2015,BRANCO,luxo,vw,201899.69
YMW6259,2014,PRETO,standart,gwm,123115.98
VWD4862,2012,VERMELHO,luxo,ford,168913.54
MFX2190,1995,VERMELHO,luxo,ford,170894.20
SRI4732,2004,AZUL,luxo,vw,123385.62
TXW5185,1991,LARANJA,off road,cherry,131138.53
TRR1924,2005,AMARELO,standart,gm,102627.40
KHO5271,1996,VERMELHO,standart,vw,114965.03
IUV7442,2000,AMARELO,off road,gm,116910.98
MLW6277,1992,VERDE,off road,vw,187547.21
JXI6754,2023,BRANCO,luxo,ford,219065.30
EAM6053,1998,PRETO,luxo,gwm,133014.64
VPT6147,2015,AZUL,luxo,vw,136966.48
AID4319,1990,VERDE,off road,gm,146368.35
UUZ0360,2013,AZUL,luxo,vw,169295.82
JDJ3064,1999,AZUL,luxo,cherry,243917.86
UFQ6711,1999,AMARELO,standart,gwm,142841.99
NNP5027,2011,AMARELO,standart,ford,143224.31
WSV5941,2019,VERDE,off road,vw,175886.27
DIA2420,2006,AMARELO,standart,gm,75752.40
KAF2954,2020,VERMELHO,luxo,gm,189704.53
AEJ6981,2011,BRANCO,off road,vw,108971.25
BUX5759,2002,VERDE,off road,gm,146639.00
JGC4849,2014,AZUL,luxo,vw,229026.10
DAJ5047,2017,AZUL,standart,gwm,134620.38
WAZ3612,1995,BRANCO,standart,ford,113941.96
YCQ9913,2022,VERMELHO,standart,ford,111220.16
NCI1668,2019,BRANCO,luxo,gwm,202139.54
NFF1420,1993,AMARELO,luxo,ford,235323.06
LBF2658,2013,AMARELO,luxo,gm,129718.22
JOP1196,1994,PRETO,luxo,cherry,204510.32
AXU1417,1992,AZUL,off road,ford,194909.49
FLU2506,1999,AMARELO,off road,vw,186815.87
ZGQ8879,2009,LARANJA,standart,fiat,81139.78
RPZ9857,2019,VERMELHO,off road,ford,113157.12
STZ7130,2003,VERDE,standart,vw,138579.22
CBS3124,1990,AMARELO,off road,gwm,209957.60
NKN9043,1995,VERDE,off road,gm,162935.92
SVL9795,2025,AZUL,standart,gwm,123418.85
OKN7782,1990,AMARELO,standart,gm,145962.48
FRE9116,2021,LARANJA,off road,vw,108014.14
ZOS7595,1997,AMARELO,luxo,gwm,153289.81
ISC5407,2024,VERMELHO,standart,gm,87281.83
AXF6253,1997,AZUL,luxo,gm,250810.83
IMP8331,1992,VERDE,standart,gm,134562.41
DPE9303,2013,AMARELO,standart,vw,113095.81
COA7125,2020,LARANJA,luxo,fiat,216481.67
XWZ3040,2002,AZUL,standart,fiat,73997.25
PMG3143,1992,VERDE,luxo,gwm,247903.38
YQM3852,1993,AZUL,standart,gm,147700.08
VDX9974,2005,LARANJA,luxo,gwm,143498.59
ZSC0291,1995,VERDE,luxo,gm,174266.59
DUI3420,2010,VERMELHO,luxo,gm,214039.86
HIF2494,2021,VERDE,standart,gwm,129050.90
NNO2661,2023,PRETO,luxo,gwm,143794.04
IUQ2828,2019,VERDE,standart,ford,133196.63
JPF8838,2008,BRANCO,off road,ford,137835.93
WNO1555,1996,AZUL,off road,gwm,102406.17
FTH3912,2002,VERMELHO,standart,cherry,80114.27
ELL4946,2016,LARANJA,standart,gwm,124324.77
FAY0803,2014,VERMELHO,off road,cherry,121666.82
YRL4293,2022,LARANJA,off road,ford,203395.91
UUN1942,2002,AZUL,luxo,cherry,123225.24
HJM8737,2009,VERMELHO,luxo,vw,198797.06
QON8371,2010,AMARELO,off road,vw,157856.57
TAI8366,1991,PRETO,off road,gwm,165744.94
LRZ0872,2023,BRANCO,luxo,cherry,220103.80
QJK2562,2001,BRANCO,off road,gwm,124397.87
ABP9752,2004,AMARELO,luxo,gwm,249446.59
ETU9915,2006,AZUL,luxo,gwm,190013.83
ATU9289,2006,AZUL,luxo,cherry,172450.93
KGX3429,2002,PRETO,standart,cherry,129551.07
RBJ8312,1990,VERDE,luxo,fiat,158666.87
CND6810,2014,AZUL,off road,gwm,172965.40
GIQ3464,1994,VERMELHO,off road,fiat,165466.01
AUX4553,2003,PRETO,standart,gm,101647.47
UFG8680,2008,BRANCO,off road,vw,177015.45
MJB4110,1992,BRANCO,luxo,gwm,162270.43
SFV7266,2008,BRANCO,luxo,gm,180433.11
VGX0896,2018,PRETO,standart,fiat,71305.99
CTV6512,2000,BRANCO,standart,vw,113556.45
SAF7112,2011,PRETO,standart,cherry,116660.50
UKP0810,2023,PRETO,standart,ford,106682.88
FGV1789,1998,VERDE,luxo,gm,185308.18
DMD7068,1991,VERMELHO,luxo,gwm,184290.07
DHZ2493,2014,VERMELHO,off road,ford,172912.48
OQA4675,2020,LARANJA,luxo,fiat,238126.48
YKE8103,2005,VERMELHO,luxo,cherry,176470.73
RDR9542,2014,PRETO,standart,gwm,116426.13
PFL3588,2009,VERMELHO,off road,ford,119101.06
UZT8898,2014,LARANJA,off road,cherry,147189.47
BZR9109,2010,PRETO,luxo,vw,201216.47
RVC3071,1993,VERDE,luxo,vw,246451.77
PXL4582,1999,PRETO,luxo,gwm,237643.67
KHC2734,1994,AMARELO,off road,ford,131217.60
SBT2929,2012,AMARELO,standart,gm,98548.67
XQT4724,1991,LARANJA,luxo,vw,237625.82
TCV9262,2025,PRETO,off road,fiat,148850.04
WDO8817,2012,BRANCO,off road,gm,125756.02
ZMD6199,2005,LARANJA,luxo,gm,205278.91
EBH8714,2019,PRETO,luxo,gm,172608.96
GIC9465,2017,AZUL,standart,fiat,112148.64
ORX0486,2004,PRETO,standart,gm,116620.36
SVK3508,2003,LARANJA,standart,gm,91492.25
LYY9813,2008,LARANJA,standart,ford,111122.32
OQM1652,2003,VERMELHO,standart,fiat,126372.49
GFF0347,1997,VERDE,standart,cherry,131041.33
BMQ9881,1990,LARANJA,standart,ford,108174.69
JYL6874,2022,LARANJA,off road,vw,125220.08
YCK9554,1995,PRETO,standart,gm,108505.90
NPD9950,2012,PRETO,luxo,fiat,244219.38
BAI0552,1999,VERDE,standart,vw,106440.16
TZP3347,2019,PRETO,standart,ford,117403.70
FKC8661,2008,AZUL,off road,vw,186174.66
IDM3889,1998,AMARELO,off road,cherry,172049.18
MSJ9427,2015,LARANJA,standart,cherry,118693.06
KCX3656,2006,VERMELHO,standart,vw,123987.88
KNL8018,1991,BRANCO,luxo,fiat,169106.05
IZQ9176,1993,AZUL,luxo,gwm,248205.42
JAD2978,2009,PRETO,off road,ford,182065.58
QWZ2312,1998,AZUL,standart,gwm,75057.32
VHL1247,2001,VERDE,luxo,gwm,224435.56
QGA7591,2003,PRETO,standart,gwm,145337.38
BUY2571,2022,VERMELHO,luxo,gm,173498.74
IVI3263,1999,AZUL,luxo,cherry,242783.37
POY1878,1996,AZUL,off road,cherry,203467.51
OSX6742,2023,LARANJA,off road,fiat,149553.72
OHY8489,2020,PRETO,standart,gwm,81263.96
RDY2911,2015,AZUL,off road,cherry,203851.32
TKG6449,2002,AMARELO,off road,fiat,104389.63
BYF7998,2013,PRETO,standart,gm,108734.42
YIZ3655,1990,BRANCO,luxo,fiat,235752.04
LMY8906,2010,AZUL,off road,gm,140075.24
QPY3469,2000,LARANJA,standart,gwm,125186.07
JVS2827,2021,PRETO,luxo,ford,173787.26
NRT4083,2014,VERMELHO,standart,vw,118037.27
GYW4787,2018,AMARELO,luxo,gm,241680.31
UPA7256,1999,VERDE,off road,gwm,199579.45
CLU0889,2008,VERDE,luxo,gm,121086.32
HCN4606,1999,AMARELO,standart,fiat,124744.03
GQK3938,1999,LARANJA,standart,ford,111506.59
FYG3957,1994,LARANJA,off road,fiat,148524.07
PFC1529,1994,AMARELO,standart,vw,87680.91
KUX5240,1995,AMARELO,luxo,cherry,210913.72
LTB7134,1996,VERMELHO,standart,gwm,112109.28
VYS4037,2002,AZUL,standart,vw,140875.16
RGB1083,2021,LARANJA,off road,cherry,110995.36
ZCZ3622,2001,VERMELHO,standart,gm,136330.36
UBK1698,2016,LARANJA,luxo,gm,146481.42
YXS4621,1995,BRANCO,standart,fiat,149991.88
OMR8563,2020,LARANJA,off road,ford,182333.76
WKO4365,2007,AZUL,off road,vw,165821.14
LUO7931,2005,PRETO,off road,cherry,197810.15
SIZ9220,2025,AMARELO,standart,ford,123589.24
ICB3767,2004,AZUL,off road,cherry,114362.60
JUT1398,1996,VERMELHO,luxo,fiat,246958.82
WUL4261,2023,AZUL,luxo,vw,237001.09
PJJ1299,1992,AMARELO,off road,gwm,190796.97
RUB4348,2008,AZUL,standart,ford,86890.28
BKP7049,1994,VERDE,luxo,fiat,120655.72
NTU9379,2009,LARANJA,luxo,vw,144596.06
ONE0149,2023,AMARELO,off road,ford,115140.34
XIK6334,2007,PRETO,standart,gwm,87324.52
BZA7940,2009,BRANCO,standart,gm,99629.57
FQS3238,1999,AMARELO,standart,ford,143189.15
FLX8455,2002,VERDE,standart,fiat,117756.85
TEE2342,1992,VERDE,luxo,vw,253876.09
EOH3395,2003,PRETO,standart,vw,106005.31
MUW0722,2010,VERMELHO,off road,vw,155934.68
SCJ1735,2015,VERMELHO,off road,gwm,201549.76
XQW7939,2024,VERMELHO,luxo,fiat,198949.16
JIE7158,2001,VERDE,off road,ford,170227.37
WVI5598,2015,LARANJA,luxo,fiat,252381.16
OHN9397,2008,AMARELO,off road,cherry,206939.54
TLV6099,2015,AMARELO,off road,gm,133727.08
ZXD6288,2012,VERMELHO,luxo,gm,165861.90
UUW2402,2000,AZUL,luxo,fiat,138535.45
RAO3750,2002,LARANJA,luxo,ford,182263.43
ETL1913,2001,BRANCO,off road,ford,111789.31
FOC3044,2009,PRETO,luxo,vw,196436.76
CLP2185,2020,VERMELHO,standart,cherry,75273.16
AFX4462,2003,AZUL,off road,fiat,191404.26
VER6598,2019,VERMELHO,off road,fiat,207446.00
LFK3944,2002,PRETO,off road,gwm,110080.97
PGY6446,2014,BRANCO,off road,vw,186487.31
QFB8131,2017,BRANCO,luxo,ford,209087.43
ZUZ9250,1999,LARANJA,off road,fiat,173627.05
KMJ3860,1999,VERDE,luxo,vw,168733.24
YAS1825,2018,AZUL,standart,gm,125744.92
BLX8207,2000,AZUL,luxo,gm,126992.24
XTY7282,2010,BRANCO,off road,fiat,169127.36
QXE5266,2018,AMARELO,off road,gm,150246.30
BXG4272,1999,VERMELHO,off road,vw,185318.27
BTJ1980,2024,BRANCO,luxo,ford,185829.71
EGC2033,2009,AZUL,off road,cherry,158131.70
ITP0796,1994,BRANCO,luxo,gm,188314.69
ZJR2415,1995,PRETO,standart,gm,115261.49
ACN1143,2016,LARANJA,standart,ford,99756.70
FOQ5337,2023,VERDE,off road,ford,155796.75
TGJ6658,1993,AMARELO,off road,gwm,130006.26
UIL3091,2005,BRANCO,luxo,cherry,132043.67
YIE4415,2011,AZUL,luxo,cherry,249462.97
ITR1160,2016,BRANCO,standart,fiat,96570.32
WJD1107,2018,AZUL,luxo,gm,143034.82
PVG4672,1997,AZUL,off road,gm,136119.52
IBU7940,2014,VERMELHO,off road,ford,207060.71
MZS8605,2006,PRETO,off road,gwm,144874.56
NNG0113,2022,VERMELHO,off road,gwm,145750.03
DYH1344,2018,VERDE,off road,gm,173806.89
VUE3850,1999,AMARELO,standart,fiat,122862.09
WHO2841,2006,VERDE,standart,fiat,148295.97
YID6015,1998,BRANCO,luxo,gwm,180958.23
MUL5117,2015,LARANJA,luxo,gm,198336.40
EFA6613,1999,VERMELHO,standart,ford,143743.74
BVV5777,2022,PRETO,standart,fiat,97192.32
DJN5716,2007,LARANJA,off road,fiat,144789.63
PAB3347,2022,AZUL,standart,ford,110696.41
MMN0125,2016,PRETO,luxo,gwm,192770.28
TGT5592,2005,PRETO,off road,gm,165179.67
TWS8615,2004,VERMELHO,off road,fiat,180944.20
PMB1617,2012,PRETO,luxo,fiat,251579.44
QIW0825,2012,LARANJA,luxo,ford,185587.99
BWN0007,2025,VERDE,off road,vw,121336.11
CVP3618,1999,VERDE,off road,fiat,208275.58
GPC1750,1998,BRANCO,luxo,gwm,164772.65
GFQ2725,2024,LARANJA,standart,cherry,127877.26
PRG8343,2004,LARANJA,standart,gwm,111152.35
SVQ7665,2020,AZUL,standart,gwm,147020.04
DEQ6918,1997,PRETO,luxo,ford,156767.95
AYZ6909,2013,VERMELHO,standart,ford,147933.46
SNU5682,2007,VERMELHO,luxo,gm,183768.66
XUQ8946,2000,AMARELO,off road,fiat,177513.84
LKB5348,2014,AZUL,standart,fiat,74618.44
TAC4993,1994,AZUL,off road,vw,150714.76
PAU6871,1998,BRANCO,standart,gm,124771.42
JJF8788,1995,AMARELO,off road,vw,161802.57
MBU8007,1998,BRANCO,off road,ford,180656.25
UYG6881,1991,AMARELO,luxo,gm,210801.75
GPL7221,2001,VERDE,standart,ford,116322.80
HDZ2601,2006,LARANJA,off road,fiat,139621.77
PAF9719,1999,AMARELO,standart,vw,79158.38
IGS7264,1995,PRETO,luxo,ford,210805.60
NZP0317,2007,AMARELO,luxo,ford,152971.80
FLW6326,2013,VERDE,off road,gwm,144397.36
QHT9646,1993,AZUL,standart,cherry,138935.85
TJQ1923,2014,PRETO,off road,fiat,100002.75
XNG0898,2002,LARANJA,standart,vw,111100.03
UCP9744,2005,AMARELO,luxo,cherry,219130.34
KWP6777,2025,AZUL,luxo,gwm,180543.55
WQN1584,1991,AZUL,off road,gm,145926.88
ZOF7481,1993,AZUL,off road,fiat,100815.94
AMJ0958,2019,BRANCO,off road,cherry,205842.15
MKI5254,1992,AZUL,standart,cherry,130720.37
PMZ5537,2015,PRETO,off road,ford,103065.44
YQR5675,2012,AMARELO,luxo,fiat,124530.05
SXK5307,2006,PRETO,luxo,vw,234089.96
LLZ6758,2009,VERMELHO,standart,ford,138931.21
EBQ8320,2004,LARANJA,off road,gm,158943.13
XAF0160,1992,AMARELO,luxo,ford,131922.68
FDT6258,2008,LARANJA,standart,gwm,108604.48
OHX0714,1994,VERMELHO,luxo,gm,186707.35
NXQ9162,2014,LARANJA,luxo,gwm,220515.80
RTN3027,1996,PRETO,luxo,cherry,154675.15
LCS9921,2022,LARANJA,luxo,vw,130558.30
IUV7831,1999,PRETO,off road,cherry,183658.80
ZEH1838,2009,PRETO,standart,ford,80395.77
UWO4210,2019,PRETO,luxo,vw,238512.11
NNZ3017,1995,AMARELO,standart,gwm,79427.49
QLH7987,1998,LARANJA,luxo,gm,140465.45
GXX1388,1992,BRANCO,luxo,fiat,248251.91
KRB6525,1992,PRETO,off road,cherry,163374.62
RXH1450,2024,AMARELO,luxo,vw,194513.32
SBF0839,2003,LARANJA,off road,vw,184504.52
ONV4424,2023,PRETO,luxo,gm,192894.98
KQL4595,2009,VERDE,off road,gwm,131440.14
JHU1865,2022,BRANCO,luxo,vw,121336.52
KWP6892,2025,PRETO,luxo,vw,190551.99
MTU4198,2013,AZUL,standart,fiat,130231.47
AFR8266,2019,AMARELO,luxo,ford,160817.32
BOL4235,1990,VERMELHO,luxo,gm,194630.51
USA5664,2019,BRANCO,off road,vw,161551.91
EGX7838,2022,AMARELO,off road,gwm,136574.89
EFY7062,2013,VERMELHO,standart,vw,144248.04
INZ0121,1991,AMARELO,luxo,fiat,243996.16
CAS5377,2015,AZUL,off road,fiat,168177.59
TRX2151,2022,AMARELO,luxo,cherry,214462.36
TPB0158,2020,BRANCO,luxo,gwm,169076.55
ZPQ8636,2007,VERMELHO,off road,vw,119668.34
IFW3518,2022,BRANCO,standart,gm,145135.71
AGB7693,2015,PRETO,off road,gwm,107343.67
WDT2492,2008,LARANJA,off road,vw,126086.09
BPS4287,1994,VERDE,off road,cherry,194128.77
AUE8714,1994,BRANCO,off road,gm,156661.23
WWS5165,2011,AZUL,luxo,gm,147965.10
VEG4619,2005,VERDE,standart,ford,146755.28
UQA4081,2025,PRETO,off road,gwm,143841.56
AOY3226,2001,BRANCO,luxo,fiat,123123.93
TEU8372,1991,PRETO,luxo,cherry,122295.29
UTB7608,2002,PRETO,off road,gm,143543.44
INL7138,1999,PRETO,off road,gwm,199014.68
GRQ5892,1992,PRETO,luxo,fiat,131624.86
BXA5221,2009,AMARELO,off road,gwm,202992.22
JVB8867,1996,PRETO,standart,vw,74608.41
XVB8723,1999,AZUL,standart,cherry,147187.19
TVN2224,2025,LARANJA,standart,fiat,79193.89
APT1970,2014,VERDE,off road,ford,114884.74
KON3661,2020,AMARELO,luxo,ford,126722.48
KOE0504,2024,LARANJA,off road,fiat,106506.20
YTO9208,2016,AZUL,luxo,fiat,213819.42
NCT0544,1992,AMARELO,off road,vw,104331.76
DHK4730,1992,PRETO,standart,cherry,77727.96
YBT1111,2019,AZUL,standart,gm,83027.85
XXP9576,2003,VERDE,off road,ford,151038.00
BMZ5942,2020,PRETO,off road,ford,104061.68
TXH3758,2018,BRANCO,standart,gm,89525.21
KVA4648,1997,LARANJA,standart,vw,141367.07
FKH5408,2013,VERMELHO,luxo,vw,250240.92
ZNM9259,2004,LARANJA,luxo,ford,217411.35
ZEU1712,2025,AMARELO,standart,gm,93757.84
PXP5029,2021,PRETO,standart,fiat,97528.01
TMR0479,2013,BRANCO,luxo,gm,143694.33
WFU5980,2018,PRETO,off road,vw,159387.22
FEJ4299,2005,AMARELO,off road,gwm,140471.42
PLB3512,2001,AMARELO,off road,gm,113139.03
JPO3256,2024,LARANJA,off road,gm,109865.17
MFY8997,1999,AZUL,standart,vw,80175.72
UJK1690,2010,VERDE,standart,ford,102289.73
LDH1777,2025,BRANCO,luxo,cherry,179284.11
ZEW3647,2014,AZUL,off road,gwm,196260.79
HRC4149,2001,PRETO,standart,cherry,78845.90
BGY9370,2017,AZUL,off road,cherry,179882.31
LDY4911,2022,VERMELHO,off road,fiat,189984.16
LVE6042,2017,VERDE,standart,vw,106787.83
SDU7901,2009,AMARELO,off road,cherry,198543.35
YCG0313,2009,AZUL,standart,cherry,136871.80
CTS3252,2012,VERDE,off road,vw,113604.98
VPZ4242,1994,BRANCO,off road,gwm,190567.33
OSU4127,2025,BRANCO,standart,vw,109890.67
XWE6170,2003,PRETO,luxo,vw,125820.36
ZJQ2307,1992,AMARELO,standart,gm,108943.88
UAT9408,2005,VERMELHO,luxo,cherry,148714.32
HAM8016,2002,LARANJA,luxo,vw,231932.50
JNC4112,2018,AZUL,luxo,gwm,187549.25
FMR3555,2023,AMARELO,luxo,cherry,171457.66
MXI0434,2005,VERMELHO,standart,vw,137926.40
VVC1079,2010,VERDE,off road,vw,113117.35
MCB6768,2003,AZUL,off road,ford,120826.40
QOX4219,2008,VERDE,standart,cherry,87468.58
LWQ6453,2001,AMARELO,off road,fiat,155325.00
ZUV1326,2006,PRETO,standart,ford,81766.01
IAC0482,2010,BRANCO,off road,vw,187132.57
BXL8646,2021,LARANJA,luxo,vw,167316.55
HIT5226,2012,AZUL,standart,cherry,144033.18
FZZ3246,2009,VERDE,off road,ford,110685.53
XHG8782,2002,VERMELHO,standart,cherry,146227.11
UBK7406,2014,AMARELO,standart,cherry,76730.00
JGB5139,1997,AZUL,luxo,cherry,159847.16
FIN1908,2023,PRETO,off road,ford,184190.96
KQG1344,2017,VERDE,standart,fiat,108990.12
ERP1281,2016,VERMELHO,standart,fiat,76818.20
CNR3333,2014,BRANCO,standart,cherry,113805.29
PXM1168,2007,LARANJA,off road,ford,201050.14
TUY3974,1992,VERDE,standart,cherry,89805.28
BNL8737,1994,AMARELO,off road,vw,196148.65
DHQ1925,2005,VERMELHO,off road,ford,183642.32
KFN6306,2001,AMARELO,off road,vw,134634.95
CBJ7486,2011,BRANCO,off road,vw,163180.34
CTK4077,2023,AMARELO,luxo,fiat,167606.91
WIQ8589,1998,VERMELHO,luxo,fiat,137032.06
WRH2413,2003,LARANJA,luxo,fiat,149086.85
EQM7194,2011,AZUL,standart,vw,123823.66
XGU9947,1990,LARANJA,luxo,gwm,163241.35
XGL6326,2022,VERMELHO,off road,gwm,113008.22
FBH8486,2011,PRETO,off road,fiat,195526.03
EBU9022,2017,VERDE,standart,fiat,96465.42
YHT9759,2000,VERMELHO,luxo,cherry,200416.99
ZWZ4316,2018,VERDE,luxo,gwm,127704.72
AKW9411,2023,BRANCO,standart,gwm,94782.71
SIP3070,2013,AZUL,luxo,gm,244175.77
BCK6851,2017,AMARELO,standart,ford,85617.13
LIZ9695,2016,BRANCO,standart,ford,81584.39
ETJ1278,2012,AMARELO,standart,gwm,111389.71
REA4450,2000,AMARELO,standart,fiat,145177.08
WST3519,2023,LARANJA,off road,gm,191726.89
OPP9358,2017,LARANJA,luxo,gm,143198.56
VIM5057,1991,PRETO,off road,vw,105163.98
TUC3636,2004,AMARELO,off road,gm,144873.05
ESJ1615,2004,BRANCO,luxo,cherry,244330.56
BNJ2875,2008,VERDE,standart,gm,115676.58
SDX4393,2007,BRANCO,luxo,cherry,186381.76
QES5582,1992,AZUL,standart,gwm,127231.52
PYD7170,1992,AMARELO,luxo,gm,254654.99
WQZ3084,2005,PRETO,standart,fiat,130819.30
OWJ1365,2008,AZUL,standart,vw,110963.93
FKY4237,2021,AZUL,standart,fiat,109681.40
WBZ7718,1992,AMARELO,off road,gm,176468.07
RSK2166,1999,AMARELO,standart,gwm,111360.67
COQ7318,1992,VERMELHO,standart,vw,95293.21
NRI1682,1993,BRANCO,standart,vw,122448.24
WUW1022,1991,PRETO,off road,cherry,106510.91
DRK3217,2012,AMARELO,standart,gm,99695.99
SIH1550,2010,PRETO,off road,vw,137455.64
HFK2990,2019,AMARELO,luxo,gwm,215785.05
LVT4622,1993,BRANCO,luxo,gm,144990.21
GPV3160,2008,BRANCO,standart,cherry,103263.93
BYB3474,2005,VERDE,luxo,vw,124655.15
VXW1811,2016,VERMELHO,luxo,gm,219192.55
WYL5004,2019,PRETO,standart,cherry,147701.47
UBH3112,2022,AMARELO,off road,fiat,105161.20
WUA4537,2013,VERDE,standart,vw,72024.38
GTT5383,2016,VERMELHO,standart,fiat,88094.76
ISZ2542,2020,AZUL,luxo,fiat,151373.23
DDQ8894,2005,VERMELHO,luxo,ford,244378.96
VAZ0365,1997,VERMELHO,luxo,gwm,237750.78
HDX2658,2018,LARANJA,off road,gwm,143114.53
ABL2288,1998,AZUL,standart,cherry,71195.19
QMM1579,2016,LARANJA,off road,vw,189079.80
QWF4791,1997,AMARELO,luxo,gwm,144404.08
CLL6684,2019,LARANJA,luxo,cherry,166170.25
SOA6157,1992,PRETO,off road,gwm,129249.17
UPA0961,2002,LARANJA,luxo,cherry,138351.61
KKV5668,2022,LARANJA,standart,fiat,112640.90
MXT5954,1991,AZUL,luxo,gwm,120386.93
PSG1378,2005,LARANJA,off road,ford,152002.13
BAJ0196,1998,VERMELHO,off road,cherry,122731.26
JKD4756,1993,BRANCO,standart,gm,124238.07
XEP5680,1994,VERDE,off road,gwm,167757.89
RGI4064,2011,VERMELHO,luxo,ford,165664.82
AMN1179,2008,AMARELO,standart,gm,141648.68
WSA2183,2007,AMARELO,luxo,cherry,140829.83
CUG2949,2020,AMARELO,off road,fiat,123889.52
YKH2664,2009,VERDE,standart,cherry,119499.00
TKJ4527,2017,PRETO,standart,ford,135126.81
FND3696,2015,AMARELO,off road,gwm,136263.86
UHK7620,2020,AZUL,standart,ford,79670.82
FQN3710,2022,AZUL,standart,gwm,134210.66
NPX8504,2002,VERDE,luxo,vw,247044.12
GFB3540,2010,VERMELHO,standart,gwm,125773.32
DNF1855,2020,PRETO,luxo,gm,210243.15
OOQ8168,2019,BRANCO,luxo,vw,250895.73
HTI6261,1993,AMARELO,off road,vw,154435.86
ZYF2042,1993,AMARELO,luxo,gm,157264.59
GEI7403,2007,VERDE,off road,gwm,183073.14
HAC5006,2004,LARANJA,standart,ford,92999.80
ATE4482,2009,LARANJA,luxo,fiat,169505.83
TBD7978,1994,LARANJA,standart,ford,148567.32
SJV1089,2017,AMARELO,luxo,cherry,146428.67
AGR2330,2010,PRETO,standart,vw,73628.59
GNR2641,2002,AZUL,standart,cherry,71480.72
GFJ8735,2007,AZUL,off road,vw,144087.44
WDF3496,2002,AMARELO,off road,ford,191142.80
NOU0406,1994,VERMELHO,off road,ford,145374.76
TJK5539,2007,LARANJA,off road,gwm,165419.08
GOJ9334,2005,VERDE,standart,vw,72478.81
PQA1709,2023,AMARELO,luxo,ford,223422.37
KCR3410,2008,PRETO,standart,gm,118592.09
EZE2829,2014,AMARELO,off road,gwm,140536.77
TGV0510,1993,PRETO,luxo,gwm,172822.91
NCI2622,2003,PRETO,standart,gm,77421.42
VYT0269,1997,AMARELO,off road,gm,131658.31
SFW4262,2003,BRANCO,luxo,cherry,209198.48
NSE9095,1998,VERDE,standart,vw,87690.67
YPG4264,2011,PRETO,standart,fiat,123256.58
ODT9673,2013,AMARELO,off road,ford,110822.67
XPF2229,1992,VERMELHO,luxo,ford,219375.69
QKU7125,2025,PRETO,off road,cherry,134046.35
ZAL5901,2006,VERMELHO,luxo,gm,125294.74
YHK3914,2020,BRANCO,off road,ford,192286.48
LYT5573,2010,BRANCO,off road,gwm,178845.51
KEN3181,1998,PRETO,standart,vw,98411.87
OUI0098,2001,LARANJA,standart,ford,114214.11
VZO7397,2021,BRANCO,off road,fiat,110118.56
MKY3411,2018,VERMELHO,standart,vw,80564.90
NMP2372,1990,VERMELHO,standart,gwm,126793.61
OHB7243,2003,VERDE,standart,fiat,94168.62
DQN9842,2002,LARANJA,standart,ford,107341.78
EMU5179,2000,LARANJA,luxo,fiat,123315.77
WDW0628,2007,AMARELO,luxo,ford,231347.50
JVX8655,1997,VERMELHO,luxo,fiat,212630.95
XPL2795,2025,VERMELHO,luxo,gm,197484.73
CIQ9312,2011,AZUL,luxo,cherry,253710.44
PPB0216,2004,VERDE,off road,gm,176685.90
WMZ4839,1990,VERDE,luxo,ford,137942.47
ION8060,2013,VERDE,standart,vw,127967.58
VUO6259,1990,VERDE,off road,vw,182356.71
LNJ4669,2015,PRETO,luxo,gwm,167496.37
RQJ0736,2000,PRETO,off road,gwm,116303.15
XWO7811,2001,VERDE,standart,vw,116649.83
COA0952,1996,LARANJA,standart,gm,105321.14
BIQ7857,1998,AZUL,standart,cherry,112699.07
HSR2614,2009,VERDE,luxo,cherry,207509.85
BVR9103,1991,AMARELO,luxo,fiat,227707.80
SUX9126,1993,LARANJA,off road,ford,135149.10
MWV7621,1992,LARANJA,standart,vw,72780.40
KMJ6489,1995,AMARELO,off road,vw,111129.45
BRN0963,2014,LARANJA,luxo,cherry,212262.88
KIO1605,2010,AMARELO,off road,gm,181582.22
CLN0396,2022,LARANJA,luxo,gm,203962.25
EWN9146,2016,VERMELHO,off road,ford,109166.84
FHZ8978,2012,AZUL,standart,cherry,73914.83
LYA2351,2021,PRETO,standart,gwm,100253.97
LBS6507,2007,VERMELHO,off road,ford,167360.96
BRA9100,2010,AZUL,off road,gwm,120628.41
YVG9377,2016,PRETO,standart,gwm,145911.92
MST7042,2018,PRETO,standart,gwm,103890.05
BLZ1801,1994,AMARELO,standart,fiat,142338.71
AEY5429,2003,LARANJA,luxo,cherry,168672.42
PQM9034,1997,PRETO,standart,fiat,149102.79
XLX4858,2009,AMARELO,luxo,cherry,151897.05
ZQV3597,2023,PRETO,standart,fiat,96940.25
PAY4908,2001,AMARELO,standart,fiat,133520.55
MTB7029,2009,VERMELHO,luxo,vw,195949.09
WXS3848,1994,VERMELHO,standart,gwm,140534.00
LYK4772,2001,LARANJA,luxo,ford,146309.48
JGU6937,2019,VERDE,off road,gm,166118.35
JOE3006,2018,BRANCO,standart,gm,100343.87
SAY7407,2016,LARANJA,luxo,ford,216563.11
FGZ5067,2013,BRANCO,luxo,vw,206496.89
COT5066,1998,AMARELO,luxo,cherry,215157.47
QOO2548,2019,AZUL,standart,gwm,100968.88
ZEK5235,2001,VERDE,luxo,gwm,203720.12
HUY1695,1997,VERMELHO,off road,gm,188140.99
NOU9770,2024,AZUL,luxo,gwm,191642.44
WZQ8149,2012,AMARELO,off road,cherry,134753.39
DFT9163,2014,LARANJA,luxo,gm,197464.74
XCD4865,2014,BRANCO,luxo,vw,210691.07
QUI9786,2000,AZUL,standart,vw,103019.52
YTY4261,2021,VERDE,standart,gwm,140976.36
QXB9246,1999,VERDE,off road,fiat,136025.48
SFC1093,2018,PRETO,standart,fiat,113841.54
PVC7226,2011,AMARELO,off road,vw,196947.55
JCY0070,2006,AMARELO,standart,gm,115366.55
MSQ1703,2022,VERMELHO,standart,gm,139606.19
NGH8560,1999,VERDE,standart,ford,98188.97
RFI3998,2020,BRANCO,standart,fiat,71633.71
DAT2238,2001,VERDE,standart,vw,98318.77
RHJ9650,2012,AZUL,standart,vw,107162.34
UQK4295,1993,LARANJA,standart,gm,149832.16
CQU1930,1992,PRETO,off road,cherry,101061.17
UQO7302,1998,BRANCO,luxo,gwm,161625.74
ESM1389,2001,VERMELHO,standart,gm,84488.14
LAU4437,2011,VERMELHO,off road,gm,140640.68
EER9608,2014,VERDE,off road,fiat,156358.22
KIA1431,1990,BRANCO,standart,gm,96981.82
AYA6138,2000,LARANJA,luxo,ford,254516.28
MLL0563,2018,PRETO,standart,fiat,119203.25
TKI9935,2000,AZUL,standart,gm,133857.09
JWW2460,2021,PRETO,standart,fiat,100132.56
DYI8889,2005,VERMELHO,off road,vw,130102.62
NVP0206,2003,VERDE,off road,cherry,163966.71
FYZ1755,2024,AZUL,luxo,vw,125687.74
XLO7365,2003,VERDE,luxo,gwm,206171.50
YVT3344,2025,AZUL,standart,fiat,122996.01
GJO6262,2001,AZUL,off road,cherry,206707.85
TAE7369,2020,AMARELO,standart,ford,144721.54
NFJ6079,2009,LARANJA,luxo,vw,176117.02
UGR7749,2001,AZUL,off road,gwm,199258.68
PUL1723,2020,BRANCO,standart,gwm,98698.29
TRZ9577,2021,VERDE,luxo,fiat,141644.67
APE5023,2021,LARANJA,luxo,ford,172600.18
UMS2544,2006,AMARELO,off road,ford,180599.61
AMT0880,2023,VERDE,off road,gwm,139660.94
VOC0605,1995,PRETO,standart,ford,131180.19
ROP6262,2013,BRANCO,off road,cherry,158161.46
ISA6987,2002,LARANJA,standart,gm,107825.95
KSN9162,2006,LARANJA,off road,gm,109082.68
FSE1542,2018,VERDE,standart,gwm,103705.78
ZKT8539,2016,AZUL,off road,ford,208441.53
OQF0899,2001,LARANJA,off road,gwm,107550.62
OBW6192,2024,LARANJA,luxo,cherry,186183.07
GVS5979,2022,LARANJA,standart,gwm,71643.50
TLE4774,2013,VERMELHO,luxo,gm,194449.34
CBZ8982,2000,AMARELO,standart,gwm,82724.43
ELV9146,2018,AMARELO,standart,cherry,149598.19
XOJ6851,2016,VERMELHO,standart,gwm,124992.23
DKC6993,2021,AZUL,luxo,gm,241523.49
EJK2292,2017,VERDE,luxo,fiat,151313.83
KKL5363,2010,AZUL,luxo,gwm,236449.71
NUK5383,1990,VERDE,off road,gwm,197679.38
JEN8310,2017,LARANJA,off road,cherry,178644.59
JYV4592,2008,VERDE,standart,cherry,112103.51
ERJ2664,1996,VERDE,standart,ford,110255.55
TYS0211,2006,VERMELHO,luxo,gwm,123961.93
HTY0342,2001,BRANCO,luxo,gwm,219107.76
XAI8078,1999,AMARELO,off road,vw,162804.76
FXX0680,2012,AMARELO,off road,fiat,131085.27
CBT3956,2012,VERMELHO,luxo,ford,215251.35
QVL1726,2001,BRANCO,standart,ford,124744.46
MRU8740,2019,BRANCO,standart,cherry,114993.69
FAS4516,2001,LARANJA,luxo,cherry,161758.55
KCB9656,2011,AZUL,luxo,ford,139147.28
GJS1537,1991,VERDE,luxo,gm,246960.71
DYU1851,1992,BRANCO,luxo,cherry,248219.09
NAW7822,1995,BRANCO,standart,ford,120074.08
TTV8819,2015,VERDE,luxo,ford,241410.09
DDU8498,2022,AMARELO,off road,cherry,203555.13
CDY7644,2016,AMARELO,luxo,gm,119674.40
OHP7819,2001,AMARELO,off road,vw,182936.35
IZT2886,2025,AMARELO,luxo,gwm,188493.24
HSB0808,1997,AZUL,standart,cherry,74748.77
XEX7573,2001,AMARELO,off road,vw,125406.91
EXS9891,1999,BRANCO,luxo,cherry,165803.38
TOM2215,2000,VERDE,luxo,gwm,128212.75
QBW1514,2001,PRETO,standart,vw,81067.08
QCP1556,1993,AMARELO,off road,fiat,115460.51
NDX8445,2025,VERMELHO,off road,ford,195690.37
CNH6461,1994,VERMELHO,off road,cherry,200934.63
DDV2691,1998,LARANJA,off road,gwm,155478.41
RHT2264,2024,VERDE,standart,fiat,134202.78
CPY7045,1998,LARANJA,luxo,ford,250373.43
YCX9235,2025,BRANCO,luxo,gm,164487.12
VTI2077,2023,BRANCO,off road,ford,198392.31
AJH8836,2014,AMARELO,luxo,gwm,204339.04
WBZ8264,2009,PRETO,off road,ford,165823.11
XSN0434,2010,AMARELO,standart,fiat,71396.12
DGS9015,2016,LARANJA,off road,gwm,121479.31
SUX9949,2000,AZUL,luxo,vw,211343.79
UQC5396,2022,VERMELHO,off road,gwm,126048.34
PIL3177,2016,VERMELHO,luxo,cherry,165302.50
TRV7712,2014,AZUL,off road,ford,108016.94
HKB8952,1991,AMARELO,luxo,gm,215619.84
SJN3066,2014,PRETO,off road,vw,197054.93
ZGR5510,1993,BRANCO,off road,ford,198893.44
UMT2011,2011,AZUL,luxo,gm,188288.71
QPO1791,2021,PRETO,off road,gwm,109072.90
MVY9741,1998,PRETO,luxo,ford,201270.13
ZMS9740,2012,PRETO,luxo,vw,188309.55
YCN9195,2001,PRETO,off road,vw,176784.81
HJI8395,2013,AZUL,standart,vw,94466.07
LPG4930,2000,LARANJA,standart,vw,110594.12
OZS3628,2017,LARANJA,standart,cherry,71522.65
TWI0005,2015,BRANCO,luxo,gwm,165304.87
LFP8905,2015,PRETO,off road,gwm,172346.02
DDI1168,2018,VERDE,off road,cherry,129097.12
JKP8686,2019,LARANJA,off road,vw,150574.49
AKN1075,2011,AMARELO,luxo,ford,215324.31
NCV4198,2017,VERDE,off road,gm,166574.57
HVY8479,1996,VERMELHO,luxo,cherry,132093.61
BWR1703,2017,BRANCO,off road,cherry,198062.44
CXU5197,2005,VERMELHO,luxo,fiat,185804.15
HFU4725,2018,BRANCO,standart,ford,80361.68
WBW6858,2017,VERDE,off road,ford,118656.51
XWI2097,2020,AZUL,standart,ford,130176.84
UTM0783,2002,BRANCO,standart,cherry,117663.18
FZG6565,1994,PRETO,standart,ford,70774.03
AQR5454,2010,AMARELO,standart,fiat,115872.34
SWU4744,2022,PRETO,standart,fiat,101843.10
QGR4168,1993,PRETO,luxo,ford,169392.36
NED9853,1992,AZUL,off road,fiat,189722.19
QQO8602,2001,VERMELHO,off road,cherry,150400.69
ASE9001,2013,AZUL,standart,ford,82578.32
JCU3111,2021,VERMELHO,off road,cherry,153404.26
EQK6018,2006,BRANCO,standart,fiat,136474.89
QBQ4159,1990,AMARELO,off road,gwm,197622.03
EWP1955,2012,VERMELHO,luxo,cherry,201888.53
NIQ2445,2024,BRANCO,luxo,ford,223434.86
YTU7948,2024,AMARELO,standart,fiat,149030.42
JOZ9183,2001,LARANJA,off road,ford,113269.20
ITH4472,2021,LARANJA,luxo,cherry,173637.09
RBF1679,2013,VERDE,off road,vw,100511.62
CFT3943,2001,BRANCO,standart,gm,147048.88
XJC6623,2022,LARANJA,luxo,vw,251380.96
OKW2890,2025,AZUL,standart,gm,108335.00
OGK4771,2010,AZUL,luxo,cherry,173344.48
WFA1053,1996,AZUL,off road,vw,177461.30
YGK6583,2020,VERDE,luxo,vw,170761.17
XKN3872,2011,VERMELHO,standart,cherry,145247.85
KBY5087,2023,VERDE,luxo,ford,157703.46
RJK7422,1991,AMARELO,standart,fiat,107549.21
ZDG8910,1990,VERMELHO,off road,ford,112258.29
KJF9792,1992,AMARELO,standart,ford,136592.32
NJX4095,2025,AZUL,off road,gm,128915.26
CCP4746,2019,VERMELHO,standart,gwm,77521.81
RCM2672,2020,LARANJA,off road,gwm,144543.36
NML2163,1995,AZUL,luxo,vw,130274.70
ZWX0094,1991,LARANJA,off road,ford,174327.91
TGZ7972,2018,VERDE,off road,cherry,173392.72
DSI9242,2002,PRETO,standart,fiat,97167.84
QWX9734,2018,VERMELHO,luxo,gwm,179840.75
ZLX2777,2019,AZUL,standart,gm,84032.91
AZN0766,2022,LARANJA,standart,vw,142830.03
FHF2746,1995,LARANJA,standart,vw,145595.57
YXW2789,2003,AZUL,luxo,cherry,225733.82
YPK7953,2013,PRETO,luxo,vw,177831.34
CZW8912,2016,VERDE,standart,gwm,101680.11
CGS3201,2015,VERMELHO,off road,gm,124671.63
HEM0992,1992,AMARELO,standart,vw,87506.44
CTK3655,1995,LARANJA,luxo,ford,222186.01
RZR9059,1998,AZUL,standart,ford,144037.81
TJI4947,2020,PRETO,luxo,ford,200110.87
FXO4791,1999,PRETO,standart,fiat,129782.47
KUO7024,1995,LARANJA,luxo,cherry,252057.24
KWU7296,2020,VERMELHO,standart,fiat,93230.37
VXF4146,1996,BRANCO,standart,gm,122538.93
FND5183,1994,VERDE,off road,gwm,171906.28
HJS8880,2008,VERMELHO,off road,fiat,110467.94
ETA4259,2007,PRETO,standart,gm,112267.07
EOE2616,2021,LARANJA,standart,vw,143993.46
KOY6509,2019,VERDE,standart,cherry,125821.97
FQU4048,2004,LARANJA,luxo,vw,210176.38
JNE4092,1997,PRETO,off road,ford,149400.62
YZA4508,1996,VERDE,luxo,vw,124073.32
BHY1431,2000,VERDE,luxo,vw,152411.11
WDG3418,1998,LARANJA,off road,gwm,181584.03
XSB4153,2002,LARANJA,luxo,fiat,180876.49
OWE7737,2023,PRETO,luxo,ford,232144.79
IPL9176,2016,LARANJA,standart,gwm,148776.15
FMQ9305,2022,PRETO,standart,fiat,102750.08
RUL3215,2015,LARANJA,luxo,fiat,228020.59
KHE6988,1994,LARANJA,standart,ford,81236.09
KDU4410,2015,AMARELO,off road,gwm,137573.45
PFE1867,2023,AMARELO,off road,vw,137716.78
TVU8592,2019,LARANJA,standart,ford,124443.99
DPE7236,2000,PRETO,off road,gm,153786.42
AIW4923,1998,VERMELHO,off road,vw,194725.94
WSK9600,2012,LARANJA,luxo,vw,138196.92
LBW6820,1997,VERDE,luxo,vw,225362.02
TKY4098,2022,AZUL,luxo,ford,226050.94
GAP8555,2016,BRANCO,luxo,vw,228032.67
KTR5562,2007,VERDE,off road,gwm,191798.37
HZM9170,1998,VERMELHO,off road,cherry,187073.22
HSY6168,2007,VERDE,standart,gm,84153.14
DCW0682,2002,LARANJA,standart,ford,78324.57
MEK2604,1995,VERMELHO,standart,fiat,99721.32
ZFS5350,1993,AZUL,off road,fiat,160116.95
LHY8764,1990,PRETO,off road,cherry,165654.30
JXO7659,2019,VERMELHO,luxo,gwm,152310.73
DDN4205,1991,LARANJA,standart,gwm,102457.63
TLP1850,2021,LARANJA,standart,ford,104440.82
ZUW3955,2007,PRETO,standart,fiat,105802.67
CYO5381,2024,AZUL,off road,gm,187129.24
QVN0085,2011,PRETO,luxo,fiat,133852.42
IHG8206,1992,VERDE,standart,ford,121468.46
PEI2360,1993,AMARELO,off road,gwm,209482.02
YZO0446,2025,AZUL,luxo,fiat,244626.99
ELN5036,1990,AMARELO,standart,vw,132527.44
UOS1842,2000,BRANCO,luxo,cherry,193945.74
LVM3860,2017,AMARELO,luxo,gm,224223.93
JZB1888,1993,PRETO,luxo,vw,184780.61
XJU5359,2006,VERMELHO,off road,gm,198548.44
API9815,2008,VERMELHO,off road,vw,166850.76
GTM3221,2021,BRANCO,luxo,ford,229642.31
XDW8438,2021,PRETO,luxo,cherry,190857.76
CND6796,2009,BRANCO,standart,vw,133052.55
TDY2036,2002,PRETO,standart,gm,124471.01
YJC0425,2001,BRANCO,standart,fiat,107359.93
DFO6413,2013,VERDE,standart,vw,70774.69
HRR0835,2019,AMARELO,standart,cherry,137687.33
ERQ6893,2012,PRETO,luxo,gm,178156.86
NQK2737,1994,AZUL,standart,cherry,106142.56
VYI2309,2001,LARANJA,off road,vw,117838.38
LMY8740,2010,VERMELHO,luxo,gwm,236128.58
FPJ6251,2022,BRANCO,standart,cherry,100212.97
KMD9328,2009,PRETO,standart,gm,102139.93
SQH9727,2025,VERMELHO,standart,fiat,125300.23
SPC7109,2008,BRANCO,luxo,fiat,230277.57
YYO8089,2000,VERMELHO,luxo,cherry,180711.47
CFX3787,2007,VERDE,off road,vw,135059.50
VDQ7455,1993,AMARELO,luxo,gm,222936.23
PKK8107,2023,VERDE,standart,gm,91540.94
ONR1106,1994,VERDE,standart,cherry,111872.14
QLS7161,2012,AZUL,standart,fiat,76354.63
AGT0024,2005,AMARELO,luxo,vw,216212.60
BCS0510,2000,AZUL,off road,vw,119500.83
HPH4597,2015,AMARELO,standart,gwm,86452.91
UMA1634,2007,VERDE,off road,vw,98347.60
QMB5956,2010,PRETO,standart,vw,84490.33
YGM8375,1999,AZUL,off road,gwm,106516.18
TUY4195,2004,VERDE,off road,vw,125670.89
BOM2929,2019,VERMELHO,off road,vw,197694.74
VIX1019,1990,PRETO,luxo,gm,237759.73
DSY9666,2008,LARANJA,luxo,gm,234210.91
CAL8253,1995,VERMELHO,luxo,gwm,183004.73
RIF9955,2020,PRETO,standart,ford,97647.56
QYR2105,2016,VERMELHO,luxo,gm,141439.00
UHH8830,2013,AMARELO,off road,gwm,112751.53
FOC1624,1992,PRETO,standart,vw,113659.18
YBN8727,2010,AMARELO,off road,fiat,172897.65
WDL4106,2001,BRANCO,off road,gm,100965.45
VSN0762,2017,LARANJA,luxo,vw,158849.70
APN8587,2017,VERMELHO,luxo,gm,157754.46
OUG0446,2001,LARANJA,luxo,gm,196012.95
XCO2111,2003,AZUL,standart,vw,132277.16
UVW9591,2001,LARANJA,standart,ford,120158.81
NBL0637,2003,PRETO,off road,gm,201132.36
LRI3210,2002,AZUL,off road,fiat,198072.60
VAL9992,2025,LARANJA,luxo,gwm,243280.69
DLE7274,2010,LARANJA,off road,cherry,108704.93
ITL7881,1995,LARANJA,standart,gm,137540.31
BPK6833,2016,PRETO,off road,vw,209392.64
AUJ4409,1996,LARANJA,luxo,fiat,224318.59
VGY9161,2005,AZUL,standart,vw,149664.71
MZG7611,2001,BRANCO,off road,fiat,164696.27
MYW4424,2008,VERDE,off road,gm,111975.73
VWH8695,1995,BRANCO,luxo,gwm,145806.84
RLY0523,1998,LARANJA,standart,fiat,71158.96
RTF1298,2023,VERMELHO,standart,gm,109166.08
NRI8970,2023,AZUL,standart,gwm,140392.10
GDR2073,1992,LARANJA,standart,vw,97970.09
AGA2922,2013,AMARELO,luxo,gm,146425.12
UFH0877,1995,VERDE,luxo,gwm,136684.10
DPM9216,2004,PRETO,luxo,ford,191254.10
UFI5961,2013,PRETO,standart,gwm,139079.14
IXT4881,2003,AMARELO,luxo,fiat,188351.36
KTB7536,2008,AMARELO,luxo,gwm,148704.23
CGR0632,2019,LARANJA,off road,vw,173071.97
HLQ0035,2023,LARANJA,standart,ford,73324.64
HRP5248,2002,AMARELO,standart,gm,125405.99
VYL5998,2017,VERDE,luxo,fiat,187160.75
FPO8544,2010,VERMELHO,off road,cherry,165404.39
VKR3298,2021,AMARELO,off road,ford,139092.83
JQF5669,1999,BRANCO,luxo,gm,191035.87
IZK9598,2017,BRANCO,luxo,vw,174995.64
RWU2953,2011,AMARELO,luxo,ford,186193.12
CTY8680,2021,PRETO,luxo,cherry,223942.11
QOQ1954,1999,PRETO,standart,cherry,114812.92
ERV6408,1996,AMARELO,luxo,gwm,249869.20
CBY0439,1992,VERDE,standart,gm,101207.59
XIS5828,2014,BRANCO,standart,ford,80955.06
OUW1067,2003,LARANJA,off road,ford,180457.81
ZGV4966,1992,BRANCO,luxo,fiat,216725.44
CWL9085,2021,LARANJA,off road,gwm,189517.65
VUF9290,1996,AMARELO,standart,cherry,93153.57
OXD6375,2013,VERDE,luxo,vw,212512.76
GCJ8885,2011,BRANCO,off road,gwm,126019.17
NUU3650,2021,VERMELHO,luxo,fiat,240043.86
NFZ3601,2022,AZUL,standart,fiat,96733.41
BXA0476,2006,VERMELHO,standart,fiat,116763.60
UPE8355,1991,VERDE,standart,cherry,93164.65
DZA1008,2016,VERMELHO,luxo,fiat,186777.15
YXU9198,1998,AZUL,standart,ford,111706.81
JRH1525,2001,BRANCO,off road,vw,201253.73
DBT8833,2009,BRANCO,standart,gwm,146455.38
GMX8129,2025,AZUL,off road,gm,141631.91
HYM4027,2000,VERDE,luxo,vw,252379.31
NOD1661,1993,AMARELO,off road,ford,199939.80
PAL2624,2000,LARANJA,off road,cherry,187690.15
IAD2259,2001,PRETO,standart,vw,127291.26
FAX2980,2014,LARANJA,standart,ford,116229.88
OKA3202,1996,AMARELO,off road,ford,160233.83
SYF7221,1992,LARANJA,off road,ford,111865.99
HSU0851,2014,AZUL,luxo,fiat,241455.43
BNB5589,2014,VERDE,standart,vw,137613.15
VQK5396,2008,VERDE,off road,gwm,203079.43
FBS1078,1996,AZUL,standart,gm,146760.94
WPI3907,1993,AZUL,standart,gwm,109058.67
OHD4943,2012,AZUL,off road,gwm,145403.39
NHR8565,2018,LARANJA,luxo,gm,207824.52
KCQ8012,2003,VERMELHO,standart,ford,102001.72
YWE8853,1997,AMARELO,standart,cherry,70907.63
TYC3523,2019,AZUL,luxo,vw,215606.71
PQC9897,2017,AZUL,standart,fiat,139842.82
WZK5873,2011,AMARELO,standart,vw,104620.56
SCG1134,1993,VERDE,off road,ford,182899.20
BIQ4691,2004,VERDE,standart,gwm,106906.88
BEE5797,2019,LARANJA,luxo,vw,119842.42
FKI6097,1992,BRANCO,off road,fiat,130415.57
SDP4854,2016,VERDE,standart,cherry,131039.27
VBA8933,2014,PRETO,luxo,vw,241867.40
TET4865,1999,AZUL,standart,gm,108333.56
SZK5674,2005,VERDE,off road,ford,141773.89
YUT8773,1992,BRANCO,off road,ford,128196.23
FAL6353,2022,AMARELO,luxo,ford,192698.62
GXT2024,2023,PRETO,off road,ford,182577.89
TQF7197,2025,AZUL,off road,fiat,136604.25
YJH3045,2022,VERDE,off road,vw,141835.63
PBL0735,2011,LARANJA,luxo,fiat,148485.04
VOT0916,2023,BRANCO,luxo,ford,161600.99
SIX9117,2015,VERMELHO,off road,vw,109937.70
ZVQ6580,2011,VERDE,off road,gwm,176888.80
FXR3356,2003,BRANCO,luxo,gm,138160.05
XGL8132,2016,VERMELHO,luxo,cherry,249485.78
NRC2541,1990,VERDE,luxo,vw,166531.43
MSM5888,2010,BRANCO,standart,vw,73062.18
ZLP4260,1992,VERMELHO,standart,ford,117896.96
HSP4135,2014,VERDE,standart,fiat,111387.07
FXS7283,1994,AMARELO,off road,ford,131829.94
HXU6474,2023,LARANJA,luxo,ford,228043.96
GYC4774,2011,AMARELO,standart,gm,127501.58
JVX2736,1994,BRANCO,standart,ford,122288.64
DWL2521,2024,PRETO,standart,gwm,135111.46
GMH6629,2021,PRETO,luxo,gwm,224481.95
IQE1509,2021,BRANCO,off road,cherry,125196.73
DYY9970,2020,VERMELHO,luxo,fiat,164400.26
KCC8024,2025,PRETO,luxo,gwm,144021.28
UXQ0550,2021,PRETO,standart,cherry,104972.95
ASW8723,2000,VERMELHO,off road,gwm,155221.86
OJK5203,1998,AMARELO,luxo,gm,142597.33
PNH5741,2003,VERMELHO,off road,gm,136945.41
MWF9364,2000,VERDE,luxo,gwm,192708.48
QMK3333,2017,AZUL,standart,vw,146425.37
WYR9659,1994,VERDE,off road,cherry,182206.42
AXX8118,2006,LARANJA,luxo,cherry,167886.38
QNX1207,2016,AMARELO,luxo,gm,238496.92
QUE6195,2009,AMARELO,standart,gm,90293.06
INB6963,2011,AMARELO,luxo,fiat,226188.60
EWT5827,2008,PRETO,luxo,fiat,218121.55
GSV6826,2006,LARANJA,luxo,cherry,233062.07
VWP6423,1991,BRANCO,luxo,gm,245279.91
NJE9687,2004,AMARELO,standart,fiat,145647.62
YFS7911,2005,AZUL,standart,gwm,75854.50
SCF8635,2025,AZUL,off road,gm,176029.74
BCA1563,2008,AMARELO,off road,vw,165236.45
LBA5670,2022,VERDE,standart,fiat,143760.94
PLE9766,2023,LARANJA,luxo,cherry,218584.95
XDD4983,2025,AZUL,off road,ford,129697.75
RZP7597,2002,LARANJA,off road,vw,131614.57
QUP5919,1994,VERDE,luxo,gm,175387.06
DQG9782,2010,VERDE,off road,fiat,149261.69
BMV5984,1997,VERMELHO,luxo,vw,125539.07
IUU7916,2020,PRETO,standart,gm,88456.37
QXL1635,2005,BRANCO,luxo,gwm,187439.42
EJG3616,2008,VERMELHO,luxo,gm,124006.89
GKF0072,2001,VERMELHO,luxo,ford,168821.01
AUS8906,2019,LARANJA,off road,fiat,112180.42
NIE6328,2010,VERMELHO,off road,gm,208445.89
EGI1741,2002,PRETO,standart,gm,129044.43
UCZ9412,2008,AZUL,off road,fiat,132450.82
VHX1386,2001,AZUL,luxo,cherry,242525.63
GWU8881,2022,BRANCO,standart,vw,87819.03
VZZ5067,2009,BRANCO,off road,gm,184887.09
IQF2636,2003,LARANJA,luxo,vw,121021.41
PZM1504,2006,AMARELO,standart,vw,122004.88
JCZ8520,1991,AZUL,off road,gwm,108050.31
IIF8007,2009,AZUL,standart,fiat,116584.91
WVS6792,2023,LARANJA,luxo,gm,155684.62
CYF7285,2010,BRANCO,standart,gm,149105.18
SDX0566,2012,VERDE,off road,cherry,180821.79
KHV2978,2017,LARANJA,standart,ford,113799.22
TUU0482,1994,VERDE,standart,gwm,134048.16
GIM3762,1996,VERDE,luxo,ford,253249.48
DBV1575,1990,AMARELO,off road,vw,206024.14
HAN1710,2017,BRANCO,luxo,ford,124329.06
KXK5160,1990,LARANJA,off road,fiat,142044.48
NYE9698,2001,LARANJA,luxo,cherry,137278.63
VLC7416,1998,AZUL,off road,vw,111095.01
UKI8016,2006,AZUL,off road,vw,204725.56
MMB2472,2016,AMARELO,off road,vw,198809.75
WLZ6914,2009,PRETO,luxo,gm,203192.83
CHC8187,2011,AZUL,off road,gwm,177365.80
AST4461,2021,VERMELHO,standart,vw,130351.27
BQB7939,1998,BRANCO,standart,vw,134887.21
NBX6898,2000,VERMELHO,off road,gm,124514.14
DZQ3311,2020,VERDE,standart,cherry,72075.48
CKA5535,1999,LARANJA,standart,fiat,148088.36
LCD8669,2013,AMARELO,luxo,vw,139225.38
XRM2018,1994,AZUL,luxo,ford,161399.58
LWR5081,2012,BRANCO,off road,ford,135169.73
VBI7615,2013,AZUL,off road,vw,143583.10
FXX5593,2019,AMARELO,standart,cherry,76277.49
BHM8200,1999,PRETO,off road,vw,188005.11
AUM4144,2021,VERMELHO,off road,gwm,153927.37
OUQ4634,2014,AZUL,standart,vw,131944.15
WRG3390,2018,AMARELO,standart,fiat,133058.20
JEX1334,2007,PRETO,standart,gm,97574.92
KKC5610,1993,BRANCO,luxo,gwm,149046.00
RGL2861,1996,VERDE,standart,cherry,114574.27
FZJ8902,2022,BRANCO,standart,vw,140535.90
TEF2806,2011,VERDE,off road,fiat,133008.00
EVZ5810,1999,VERMELHO,standart,gm,91845.97
GCA3770,1998,LARANJA,standart,fiat,125501.36
ZHQ1916,2010,AZUL,off road,vw,182561.88
EZY6192,1993,AZUL,off road,gm,117894.07
PMP3491,2001,BRANCO,off road,gm,173909.00
NQC8803,2020,LARANJA,standart,vw,97752.22
SVM1323,2023,LARANJA,luxo,vw,143535.21
ZTT9695,2008,PRETO,standart,fiat,92834.86
DJQ4667,2015,AMARELO,luxo,fiat,254902.04
DJV6811,2000,PRETO,standart,gm,116241.82
YJF4883,1995,VERMELHO,luxo,gwm,201543.89
PRW8177,1997,PRETO,standart,ford,144730.83
HNN7210,1995,AMARELO,off road,gm,147419.85
YLK9322,1998,LARANJA,off road,cherry,181413.21
UFV3301,2011,AMARELO,luxo,gm,187792.44
HWR4726,2022,AZUL,luxo,vw,130953.52
VJM5570,2010,VERDE,luxo,ford,236846.48
SDI0776,2001,BRANCO,off road,gwm,174692.74
EGS2947,2009,LARANJA,luxo,fiat,178332.09
MFP0110,2014,PRETO,luxo,gm,163963.39
AZW6567,2017,LARANJA,off road,vw,137441.67
DBD9390,1995,VERDE,standart,fiat,92122.38
ZGT4819,2006,AMARELO,off road,gwm,141436.66
UQV0285,2010,VERDE,standart,ford,126625.27
NTL4286,1993,PRETO,luxo,gwm,175042.16
GZM2857,2005,AMARELO,luxo,fiat,224786.12
NJK1899,2020,AMARELO,off road,cherry,139039.13
OHC5448,2025,AMARELO,standart,cherry,144391.37
MMI3632,2013,LARANJA,standart,ford,115731.09
DXP3368,2000,VERDE,standart,gm,104621.58
PVL9251,2004,VERDE,standart,ford,80664.03
QGM0070,2017,PRETO,luxo,gm,121221.35
ZXN2277,2019,AZUL,off road,gm,160907.15
VJL4283,2008,LARANJA,off road,fiat,121616.25
EUW7352,2013,VERDE,off road,gwm,151783.02
GLT3617,2019,AZUL,standart,gm,137861.24
CNC5211,2023,VERDE,luxo,cherry,120825.77
PMY1396,2017,PRETO,luxo,gwm,145505.67
TUG2837,1995,AZUL,standart,ford,104287.94
QHX2516,1998,AZUL,off road,gm,127740.53
URK6830,2002,VERDE,off road,gwm,118348.47
XGL8648,2000,VERDE,standart,gm,75486.62
EHO1033,2009,VERDE,off road,gwm,129036.36
LXD6316,2001,VERDE,luxo,ford,159099.23
HCT4430,2015,VERMELHO,off road,ford,198784.59
SYL9660,1990,BRANCO,standart,gwm,99689.41
DVK5621,2023,BRANCO,off road,gwm,152730.19
WNO6329,1992,AZUL,luxo,ford,231436.52
KPU1998,1993,PRETO,off road,vw,174050.76
BSM3161,2021,VERMELHO,luxo,gm,211852.18
KPC4060,2004,VERMELHO,standart,gwm,70592.85
LEL5612,2014,AZUL,luxo,ford,196816.03
ZTT2113,2023,PRETO,luxo,vw,200863.53
RTI0458,2020,AMARELO,luxo,fiat,211980.37
UJF2836,2008,AZUL,standart,cherry,128038.93
PEJ2521,2001,AMARELO,off road,gm,145390.47
ENM0573,1990,PRETO,standart,gm,104708.79
OED0394,2006,AZUL,off road,cherry,107915.57
UMC0945,2002,VERMELHO,off road,cherry,151836.62
FCZ5556,1992,AMARELO,off road,gm,144700.63
VKC0218,2010,AZUL,off road,gwm,117427.28
WCC1193,2004,VERMELHO,luxo,cherry,227631.84
LCZ4126,1994,LARANJA,luxo,ford,140570.27
MWM6469,1995,BRANCO,off road,gwm,138415.20
ONP4113,2021,LARANJA,standart,vw,78023.25
KAR8198,1998,LARANJA,luxo,gm,151412.18
NRR0022,2008,BRANCO,standart,gwm,85712.97
ZAT9957,2010,BRANCO,luxo,ford,229150.26
YGY7006,2002,PRETO,standart,fiat,89163.24
DYU9331,2025,VERMELHO,off road,ford,180936.85
JEW1684,2011,LARANJA,standart,cherry,73218.00
RID4464,2006,VERMELHO,standart,fiat,110982.46
LXP2512,2002,VERMELHO,luxo,ford,127185.35
ZFF0725,2015,AMARELO,standart,ford,73106.14
SNM7496,1999,VERMELHO,luxo,vw,240627.45
CJV8674,2018,LARANJA,off road,fiat,168952.88
EUU2758,1998,BRANCO,luxo,gm,139341.38
HJZ9571,2017,BRANCO,luxo,cherry,170749.69
NTC6387,2007,BRANCO,luxo,ford,175805.00
JLX4428,1998,BRANCO,standart,vw,74440.42
HEZ7250,2002,PRETO,off road,ford,161314.16
NTL0884,2003,LARANJA,off road,ford,157165.87
CIK1575,2022,VERDE,off road,vw,195676.18
DBY7134,1995,PRETO,luxo,cherry,228691.54
EQH9959,2019,BRANCO,standart,gm,114381.52
CJL7619,1991,AMARELO,luxo,gm,247419.37
SSZ6586,2006,PRETO,luxo,vw,201399.22
DPF3564,2001,AMARELO,luxo,gwm,149443.21
HYT2428,2001,VERMELHO,off road,vw,137520.74
VAH0973,2019,VERMELHO,standart,gm,130793.22
CCJ5938,1999,LARANJA,standart,cherry,123459.72
TJH8667,2015,LARANJA,off road,vw,184768.66
DQX6984,2021,PRETO,off road,gm,189903.06
JDR2286,2022,VERMELHO,standart,gm,128067.52
QGG6951,2000,PRETO,luxo,gwm,226754.70
OWL2691,2010,VERDE,off road,vw,161770.91
PQI5237,2000,AMARELO,off road,ford,184208.19
GJB1769,2014,LARANJA,off road,gm,121337.77
CBH2598,1991,PRETO,luxo,gwm,249214.16
PKF8780,2001,AMARELO,luxo,fiat,185033.97
XVS5615,2014,PRETO,off road,gm,202592.19
LSJ3887,2020,LARANJA,luxo,ford,180528.87
ZSQ1002,1999,VERMELHO,standart,gm,89797.25
YQN0899,1994,PRETO,luxo,gwm,186230.01
FEG6115,2004,PRETO,luxo,vw,212879.58
ORG4884,2025,BRANCO,standart,vw,131202.55
LYI7826,2000,AMARELO,luxo,gm,221894.76
ZZX1139,1999,LARANJA,off road,gwm,123439.59
TGF8386,2025,AMARELO,off road,ford,189327.95
OWT6127,2022,AMARELO,off road,gwm,208854.56
CIM8447,2003,VERDE,luxo,ford,236374.19
VKE9150,2005,VERMELHO,luxo,ford,126380.99
VHJ3950,2008,AZUL,off road,cherry,183506.54
RCR0584,2021,VERDE,luxo,ford,205919.77
MKT0421,1993,BRANCO,luxo,gm,158228.34
QPQ5139,1997,LARANJA,standart,ford,146748.71
ECL1961,2020,BRANCO,off road,cherry,120123.66
OBH3050,2005,LARANJA,luxo,cherry,163939.92
BER1847,2007,PRETO,luxo,gwm,253761.78
VYF7719,2025,VERDE,luxo,gm,158026.39
XWC8539,2006,VERDE,luxo,gwm,224185.72
OBX3136,1998,LARANJA,off road,cherry,179839.04
IPZ4045,1997,VERMELHO,standart,gwm,78114.18
RXF4078,2022,LARANJA,off road,fiat,99832.93
YJV2202,1990,AMARELO,luxo,cherry,183865.47
BSI5705,2002,VERMELHO,standart,gm,74459.30
DLV6351,2018,PRETO,luxo,vw,228496.64
DLD9552,2017,BRANCO,off road,vw,161937.66
LQY6289,2022,BRANCO,standart,ford,81997.40
YRE5941,2016,AMARELO,standart,cherry,93372.35
LLB8520,2009,LARANJA,standart,vw,93387.06
PUZ0919,2021,VERMELHO,standart,gm,94760.39
XHG8155,1996,BRANCO,luxo,ford,146685.63
DQW2504,2021,BRANCO,off road,fiat,177875.14
OSQ9925,2014,VERMELHO,luxo,ford,208780.05
QOL0733,1995,LARANJA,standart,gm,131374.02
XWO8854,2004,AZUL,standart,vw,143033.32
QAH0212,2025,VERDE,standart,fiat,145544.10
WEL4438,2025,PRETO,standart,cherry,144423.31
XEN3423,2001,PRETO,standart,ford,102751.40
KMN6210,1999,VERDE,off road,vw,110844.40
UPQ3648,2018,VERMELHO,standart,cherry,134043.31
KFL6826,2010,AZUL,off road,gm,116739.92
TCO9375,2009,VERMELHO,luxo,fiat,139281.48
XYZ9810,2012,VERMELHO,standart,vw,116902.49
MAK4917,1997,BRANCO,off road,fiat,138755.57
HQD3204,2007,BRANCO,off road,cherry,101273.52
SAD9483,2003,VERDE,off road,gwm,113245.05
TPG8631,2015,LARANJA,luxo,ford,238021.93
MDB3533,1990,LARANJA,off road,vw,131406.95
XDL1642,2004,AZUL,standart,gwm,147020.83
UHS5832,2002,VERMELHO,luxo,fiat,169702.90
BEB6170,2020,LARANJA,off road,vw,195108.23
UAJ1956,2003,AZUL,standart,cherry,86687.20
OUT6129,1994,BRANCO,luxo,fiat,209676.20
BIM1404,1995,LARANJA,off road,ford,158084.01
GFR1680,1992,PRETO,off road,cherry,202570.79
TDS6857,1993,VERMELHO,luxo,gm,247012.76
YKU3236,2003,BRANCO,standart,gm,101125.58
VFR2093,2010,PRETO,luxo,gwm,254061.16
XFV2613,2016,AZUL,luxo,fiat,130394.05
ACA9499,2006,VERMELHO,standart,vw,77684.00
FUO3548,2006,PRETO,off road,vw,108845.30
AKM4628,1998,LARANJA,off road,ford,140233.08
KNM4515,2004,VERDE,luxo,gm,140084.37
REX0638,2009,VERMELHO,standart,vw,123737.39
COD9351,2017,VERDE,standart,fiat,115087.34
MYW2910,2004,AZUL,off road,ford,129214.20
VTD1769,2013,PRETO,off road,vw,179802.43
MUG3861,2024,AZUL,off road,gm,176775.53
LXM7764,1990,BRANCO,standart,gm,146348.04
LYA4311,2004,VERDE,standart,fiat,112597.00
HGT1575,2018,LARANJA,standart,cherry,81118.55
LMS0647,2012,LARANJA,off road,vw,206003.28
DQX3970,1993,BRANCO,off road,ford,160255.56
ODE6878,1998,VERDE,standart,ford,96426.98
LPI3646,1998,BRANCO,standart,ford,118785.23
PTY3867,2007,LARANJA,luxo,gwm,160250.88
IRL8037,2000,VERMELHO,luxo,vw,241210.15
GCU0566,1990,AMARELO,luxo,gm,240950.12
RWP2258,2004,PRETO,luxo,cherry,171409.64
BCU9662,1993,VERDE,off road,gm,206107.94
QLC9347,2025,VERMELHO,luxo,gwm,206972.91
YAH2641,1992,LARANJA,luxo,gm,221788.14
WOO8553,2001,BRANCO,standart,gwm,99866.72
TSB8954,2016,VERMELHO,standart,cherry,94321.18
VRW4064,1990,BRANCO,standart,ford,93518.28
OOZ3989,2008,PRETO,standart,gwm,125826.07
JNH3259,2000,AMARELO,off road,fiat,178194.87
WVM1790,2011,PRETO,standart,ford,120909.58
IFO7048,1999,VERDE,standart,ford,141431.37
HSZ1880,2014,AMARELO,standart,gwm,102467.43
QAI0321,2005,AMARELO,luxo,vw,185650.68
LKN7594,2010,VERMELHO,luxo,cherry,201682.59
PWT3507,2004,LARANJA,standart,cherry,132007.98
VSN4085,1999,AMARELO,luxo,gm,165761.40
VFF0392,2021,AMARELO,off road,ford,166710.81
AXF0193,1999,BRANCO,off road,cherry,136746.98
SRS4015,2004,LARANJA,luxo,gwm,182439.46
ZLX5430,2002,AZUL,standart,gm,143993.82
PDY2220,1992,VERMELHO,luxo,vw,245801.82
RJU7367,2010,BRANCO,off road,ford,194018.62
RTK0908,2014,VERMELHO,luxo,gm,227017.27
WJP6873,2023,AMARELO,luxo,gwm,143344.13
TPU8463,2019,PRETO,standart,gm,100929.07
MCA0386,1993,AMARELO,off road,ford,164918.20
OCF6041,2003,LARANJA,off road,vw,153676.21
MTK6798,2023,AMARELO,standart,gm,79639.79
OHZ2434,1997,VERMELHO,luxo,gwm,134198.53
UJS8731,2016,VERMELHO,standart,vw,140523.06
VVF5385,1993,LARANJA,standart,vw,109891.71
BZR4100,2017,LARANJA,off road,gm,185326.15
ETI3640,1990,PRETO,luxo,gm,162976.78
BEC3243,2011,VERDE,standart,vw,137024.64
OYG1634,2025,VERDE,off road,fiat,141075.66
KIG8545,2006,VERMELHO,standart,vw,102397.35
AON4264,1998,PRETO,luxo,gm,234743.32
SYA8336,2002,PRETO,standart,ford,143118.00
QAP9897,2014,VERMELHO,standart,fiat,112828.04
REG9577,1993,BRANCO,off road,fiat,172863.42
RTJ0457,2002,AZUL,standart,gm,89267.14
QYK6856,2016,LARANJA,off road,cherry,158047.82
AUM8313,2008,BRANCO,off road,cherry,188425.81
IBR3875,2016,AZUL,off road,vw,189175.26
RFV7861,2015,VERMELHO,luxo,gwm,177134.15
CGP0242,2012,PRETO,standart,gm,101487.48
WXX3884,1993,AZUL,off road,fiat,168703.24
PRQ5961,2004,VERMELHO,luxo,gwm,197204.04
YVG8664,2020,LARANJA,off road,cherry,108394.39
GPT5905,2008,BRANCO,off road,vw,207229.91
XPJ9262,1998,LARANJA,off road,fiat,198647.52
ZBR9062,2008,PRETO,off road,fiat,137831.35
JSC9536,1992,AMARELO,luxo,gwm,251180.67
TLM3754,2022,VERDE,off road,gwm,144870.30
PYZ9678,2002,PRETO,luxo,vw,125277.38
QIE2839,2023,BRANCO,standart,vw,119922.49
EBC6716,1997,AMARELO,off road,fiat,159009.18
KFP7891,1993,PRETO,off road,gwm,147993.52
DRQ9037,2021,BRANCO,luxo,ford,161571.77
ULX2652,1993,VERMELHO,standart,ford,125416.79
TCR7390,2002,AMARELO,off road,ford,183114.65
OLV0659,2024,PRETO,standart,fiat,83392.32
NLJ5951,1994,AMARELO,luxo,gm,152450.89
QOW2326,2021,LARANJA,luxo,fiat,129459.51
CMK3515,1990,VERDE,off road,cherry,173777.85
RXC3862,1991,LARANJA,off road,gwm,186357.26
GVD7991,2002,PRETO,off road,fiat,115503.20
LLQ1480,2017,AZUL,standart,fiat,103180.31
SXJ2791,2001,VERMELHO,standart,cherry,84322.08
OGE2392,2016,AZUL,off road,ford,193849.98
XIT3229,2006,PRETO,standart,gm,101563.77
KIM2024,1996,VERDE,off road,vw,154930.56
KSX0556,1993,BRANCO,off road,ford,123048.54
KMF9287,2003,LARANJA,off road,fiat,150291.48
QXE5769,2012,AMARELO,off road,ford,98078.01
GUS2317,2002,AMARELO,standart,ford,102084.04
QUM1202,1991,LARANJA,luxo,gm,174440.71
NVZ8211,2025,VERMELHO,luxo,cherry,124814.84
NFI6822,2009,AMARELO,luxo,ford,188508.98
ALI5152,2015,AZUL,off road,gwm,159046.12
CZX6149,2009,AZUL,off road,ford,99701.70
QYR8303,2024,VERMELHO,off road,gm,167782.72
EWN6706,2024,VERDE,luxo,gwm,181427.21
NVD0076,2016,PRETO,luxo,vw,123088.97
KCA6163,1990,VERMELHO,luxo,ford,131429.49
FDN5678,2005,AZUL,off road,gwm,137779.92
EOQ6362,2022,AZUL,luxo,vw,172185.32
MBE0575,1999,BRANCO,standart,gm,113748.94
USI0157,2022,VERMELHO,off road,gwm,156413.86
DLT1384,2016,LARANJA,off road,cherry,187854.20
DUT0560,2015,VERMELHO,off road,gm,102409.90
ZHY8633,2015,VERDE,standart,vw,89099.25
GUM4611,2017,BRANCO,luxo,fiat,193922.18
ABM2821,1999,BRANCO,standart,vw,145660.07
TAB4759,1995,VERDE,standart,ford,121063.56
GEG3306,1990,AMARELO,standart,gwm,138613.93
QCQ2874,2023,BRANCO,standart,gm,123556.49
LXB1630,2018,AZUL,off road,ford,129979.83
USS7250,2021,PRETO,luxo,ford,153529.51
DBW2406,2008,PRETO,luxo,fiat,212241.44
RHU1143,2010,AZUL,off road,gwm,132399.97
VWL6849,2000,BRANCO,off road,cherry,126107.47
ZLC5850,2009,VERMELHO,standart,vw,102468.81
LOO7314,2010,BRANCO,standart,gwm,110522.03
XBL3715,2010,BRANCO,standart,ford,96875.30
NOW2331,2012,PRETO,off road,gm,123329.38
JAT8983,2003,LARANJA,standart,vw,86303.68
AFW9413,1992,LARANJA,luxo,cherry,189935.58
COR7222,2024,LARANJA,standart,ford,146721.78
VKT3341,2017,VERMELHO,off road,gwm,194951.75
MQH7011,2006,LARANJA,standart,gwm,125476.77
JGE9530,2006,VERDE,luxo,ford,185208.62
WMJ3150,2007,LARANJA,off road,fiat,118264.04
VRO6505,1998,AMARELO,standart,vw,72344.34
SOT7292,1997,PRETO,off road,fiat,110705.21
SWI6602,2015,BRANCO,off road,fiat,156523.96
GGT3255,2006,VERMELHO,luxo,vw,213990.80
GXV2596,2014,VERMELHO,standart,cherry,118036.54
FUS4289,2021,LARANJA,off road,gwm,131472.04
XWE5747,2020,BRANCO,off road,ford,209216.09
XYF0226,1999,VERDE,off road,gwm,179608.52
SXE1123,1997,AZUL,standart,vw,123318.81
FZT7761,2008,BRANCO,luxo,ford,191908.22
PBX9158,2006,PRETO,standart,gm,116974.82
WMB8511,1993,AZUL,off road,fiat,209797.20
CFK5359,2016,AZUL,luxo,vw,124262.94
KHX7216,2015,AMARELO,luxo,fiat,223872.50
VLF2082,2011,LARANJA,off road,gwm,125253.78
SQI5269,2018,BRANCO,luxo,ford,235694.90
HKF6515,2000,VERMELHO,luxo,gm,236813.71
ZVT2580,2016,LARANJA,standart,fiat,86322.91
PQX7115,2009,VERMELHO,luxo,fiat,235229.25
LAO8535,2021,AMARELO,luxo,gwm,153997.81
OEH7147,2015,PRETO,off road,vw,115787.70
NPF1762,2016,BRANCO,luxo,ford,250006.17
WIQ8039,2018,AZUL,standart,gwm,131441.98
ORR9229,2017,VERDE,off road,ford,110587.56
ISG1300,2025,PRETO,standart,gm,99821.33
AIG9059,1994,AZUL,luxo,vw,220416.38
HQB0349,2000,BRANCO,off road,ford,203852.93
UUW6131,2015,BRANCO,off road,cherry,147282.48
DCU0720,2011,AZUL,luxo,fiat,233119.67
QMV2258,2002,AZUL,luxo,vw,123361.35
ZFK4791,2021,PRETO,off road,gwm,130616.33
ARX2035,2015,VERDE,off road,ford,152666.05
VIH7473,2015,VERMELHO,luxo,cherry,215977.83
LXU8909,1998,AZUL,off road,fiat,181155.13
HPC8719,2020,VERMELHO,luxo,ford,129626.48
CAV2699,2023,PRETO,standart,gm,149365.33
MLN2490,2006,LARANJA,standart,gwm,94876.07
EVX2481,2015,VERMELHO,luxo,gwm,252606.79
ZZZ2066,1998,VERDE,luxo,ford,198705.55
JTI3226,1991,VERMELHO,luxo,fiat,202382.04
QLT1715,1992,VERDE,standart,gwm,83229.73
RMQ2688,2017,AZUL,luxo,vw,234279.70
XRX7569,2010,BRANCO,standart,gm,75730.59
XCV4164,2011,AZUL,off road,ford,161952.81
STU8435,2008,VERMELHO,off road,vw,196216.71
HYX8669,2006,VERMELHO,off road,gm,109677.05
SLD3676,2005,BRANCO,luxo,fiat,245703.53
GPX8140,2007,LARANJA,standart,gm,107989.57
NHY4806,2020,VERMELHO,standart,gm,139506.73
SDC6187,2019,LARANJA,luxo,fiat,246938.42
OSG0840,2025,AMARELO,off road,ford,151346.73
OYG4822,2025,AZUL,standart,vw,99964.70
IEM4678,2024,AMARELO,standart,fiat,106836.89
QQV0931,2015,LARANJA,standart,gwm,141968.05
NKR8536,1998,LARANJA,off road,cherry,103664.72
QJG0125,1997,VERDE,luxo,gm,133696.75
KQY4179,2000,LARANJA,luxo,ford,155293.83
AXU2141,2005,VERDE,luxo,gwm,192293.87
KFV2853,2024,AMARELO,standart,gwm,97913.08
OUC8568,2016,VERDE,off road,ford,109500.24
WQT6365,2016,VERDE,standart,gm,134241.01
MIA6739,2005,VERDE,standart,fiat,97760.73
BTL7383,1998,LARANJA,off road,gwm,171522.45
LCW0372,2005,AZUL,standart,vw,142182.14
FNP2518,1999,VERMELHO,off road,cherry,134408.75
CNK9379,2011,PRETO,luxo,gm,246737.99
ECM8394,2021,BRANCO,standart,cherry,103470.99
AAB3710,1990,LARANJA,standart,fiat,137072.60
CUI3570,1997,VERDE,luxo,gm,170086.82
UKY0284,1994,LARANJA,standart,vw,118134.80
LRA4716,2017,VERDE,off road,fiat,208848.55
DXL2952,1999,LARANJA,off road,gm,147255.40
WBS3720,2022,BRANCO,standart,cherry,87229.76
AJJ1245,2010,AZUL,off road,cherry,189099.58
GIO6572,1990,LARANJA,standart,vw,121906.28
RKT4449,1994,LARANJA,off road,gwm,140850.84
WIS8064,2006,BRANCO,off road,ford,133953.11
KYM2283,2018,BRANCO,off road,gm,151588.05
MPU8778,2024,LARANJA,off road,gwm,206769.68
DUY9519,2009,AZUL,off road,gm,100637.40
DYX6485,2019,BRANCO,luxo,gm,174429.05
VYU6137,1994,AZUL,luxo,cherry,150042.28
XWF8235,2015,VERDE,luxo,ford,180625.95
CNK3366,1991,PRETO,off road,cherry,190708.23
KIF9474,2016,VERMELHO,off road,vw,209155.61
HOL3023,2005,BRANCO,luxo,gm,161909.96
GPO9299,2011,VERMELHO,off road,cherry,193389.35
ENT4880,2007,AMARELO,off road,ford,132235.31
VKG4903,2005,VERMELHO,standart,ford,98796.50
KYL3829,2011,AZUL,off road,gwm,133251.24
NVU1323,2020,LARANJA,off road,fiat,104858.97
PIL4309,1998,BRANCO,luxo,vw,174226.48
VMA2978,2000,AZUL,standart,cherry,142513.54
DWZ9751,2024,VERMELHO,standart,fiat,75308.56
TSE7530,2019,LARANJA,luxo,fiat,185304.37
UPA5921,2000,AZUL,luxo,vw,210982.46
OGL6487,2025,BRANCO,luxo,gwm,153029.38
EHK2256,2007,VERDE,standart,gm,74596.07
ABH0461,2019,BRANCO,off road,cherry,187253.08
TVU3858,2011,AZUL,standart,vw,141753.32
YYE2411,1990,PRETO,off road,cherry,117559.29
OLO6545,2012,AMARELO,off road,gwm,178403.43
UOV7393,2008,PRETO,standart,gwm,119563.10
JHN1641,2014,LARANJA,off road,vw,134235.88
PFN5090,2019,LARANJA,off road,gm,147062.35
BGD4825,2022,VERMELHO,off road,ford,201925.23
FIE7814,2003,AZUL,standart,fiat,91347.31
IYM1510,1999,AMARELO,off road,cherry,112418.98
UOU8278,2023,AZUL,off road,cherry,180053.42
GTD3131,2017,VERMELHO,standart,fiat,100562.77
OTC7627,2019,LARANJA,luxo,cherry,225852.10
GEA7662,2013,PRETO,standart,ford,79886.85
SFW1761,2013,AMARELO,off road,gm,165316.07
ZAQ3821,2016,VERDE,luxo,gwm,164430.81
TYN8870,2005,VERMELHO,luxo,cherry,216410.10
VWN0342,2018,LARANJA,standart,cherry,98866.47
BXE0976,2019,LARANJA,off road,fiat,202235.59
AIY0149,2011,VERDE,standart,gwm,122697.61
CVX8538,2020,PRETO,standart,fiat,129641.41
WYM1959,2014,PRETO,standart,gwm,131822.09
GKH5791,1993,AZUL,standart,gm,128794.82
OLO9916,2014,VERMELHO,off road,cherry,110164.95
ZIH0928,2013,VERDE,off road,fiat,104105.42
IEB4842,2002,VERDE,standart,cherry,116385.39
YHW2161,2022,AZUL,standart,cherry,94317.16
SSZ9836,2019,VERDE,standart,gm,79422.45
IJW3985,2000,VERDE,off road,gm,159113.51
BBE4298,2017,BRANCO,off road,cherry,189852.61
QFL7046,2022,AZUL,off road,gwm,149531.21
HJH1635,2011,PRETO,off road,gwm,155007.79
MQR9912,2025,VERDE,luxo,gwm,160486.98
BPG2070,2025,AZUL,off road,gwm,209578.19
WLX0181,2022,LARANJA,standart,ford,117039.17
FTO7823,2010,PRETO,standart,cherry,149799.93
TOL1202,2023,PRETO,standart,ford,118398.06
RGF0782,1994,AZUL,off road,fiat,155281.62
HFH1762,1995,BRANCO,standart,gm,96013.06
ZQP7442,2022,LARANJA,standart,fiat,106108.28
JLV8735,2004,BRANCO,luxo,vw,184718.56
EQU2899,2022,PRETO,standart,vw,92099.03
ATL2438,2006,VERDE,luxo,gwm,159242.22
COI4254,2019,VERMELHO,luxo,gm,182567.59
VRG8463,1994,VERMELHO,standart,cherry,105891.68
SPY4985,2023,PRETO,luxo,cherry,201289.69
IJH4859,2001,AMARELO,off road,cherry,103548.95
XNK2471,1990,LARANJA,off road,ford,204571.32
ISL6327,1999,BRANCO,luxo,gwm,140238.27
HFD1319,2019,AZUL,luxo,vw,158937.22
NRL1598,2000,AMARELO,standart,cherry,103922.60
WUG9717,2000,AZUL,luxo,vw,126210.96
TOR4764,2018,AMARELO,off road,ford,206614.94
JPY7010,2011,LARANJA,standart,gm,115521.84
OAA7245,2008,VERMELHO,standart,fiat,141691.11
LLQ5328,2003,VERMELHO,off road,vw,209496.62
PUG2613,2003,VERDE,luxo,ford,144630.83
YJV2135,2019,AZUL,luxo,gwm,178501.49
NJQ0233,1999,VERDE,luxo,gm,132886.88
PFR7124,2013,VERDE,luxo,fiat,128539.27
PBQ4283,1994,VERDE,luxo,fiat,166276.43
DKJ8496,1999,AZUL,luxo,gm,230536.57
SSA2035,2001,VERMELHO,off road,cherry,166947.49
IDO6124,2019,LARANJA,standart,cherry,94959.17
MVB6457,2004,VERMELHO,off road,vw,145893.96
MCE7835,2001,PRETO,off road,gm,183140.72
EHB8016,2017,PRETO,luxo,cherry,153606.39
JMN0344,1995,VERDE,luxo,gwm,141632.29
JIF8109,2016,LARANJA,off road,vw,98139.63
EFB2952,2000,AZUL,luxo,fiat,243444.10
LSU2806,1993,AMARELO,luxo,cherry,207894.33
RTX3786,2025,LARANJA,off road,gwm,184221.75
CKZ5735,2022,VERDE,standart,fiat,96654.54
JHQ6745,1994,PRETO,off road,ford,154154.28
VJT6270,2013,BRANCO,off road,gwm,163935.17
VLA9858,2017,PRETO,standart,ford,95421.67
BYC5943,2003,VERDE,standart,gwm,86605.53
CWK4929,2018,VERMELHO,luxo,gm,235063.97
PUJ0482,2004,VERDE,off road,vw,161018.95
XJP0231,2019,AMARELO,standart,gm,99835.02
VWU2816,1995,VERDE,luxo,gm,228258.56
VEY9559,2010,BRANCO,standart,gm,131840.93
REP7566,1992,VERDE,off road,gm,151572.26
IAE3599,2025,VERMELHO,off road,gwm,196272.15
YZW6521,2009,PRETO,standart,gm,91012.87
YKK7458,2014,PRETO,off road,gm,199177.61
JHO6464,2010,PRETO,off road,cherry,188650.32
KXQ1283,2004,AMARELO,off road,vw,106426.44
VGN9960,2018,BRANCO,off road,ford,176769.97
OKN0204,1998,LARANJA,luxo,gwm,178873.65
UYX7673,2023,AMARELO,luxo,gm,194539.28
HNE4813,1991,BRANCO,standart,gm,112007.74
EEQ5911,2025,AZUL,off road,vw,133307.01
LMJ2961,2023,AMARELO,standart,ford,118746.54
BSX9628,2007,VERMELHO,standart,gm,103551.50
WEY9131,2022,VERMELHO,standart,fiat,141082.75
WWY0001,2000,BRANCO,off road,ford,193031.89
WGV8735,1999,VERDE,standart,gwm,108700.57
GGH9660,1994,LARANJA,luxo,gwm,129922.25
ZDZ0028,2004,BRANCO,luxo,cherry,148108.67
QWL9780,2001,VERDE,standart,gm,90100.16
SYC5381,2023,AZUL,standart,cherry,141399.60
IKY1904,1994,VERMELHO,off road,ford,114873.85
RZI3583,2024,AMARELO,off road,fiat,98642.85
RTU7438,2017,VERDE,off road,vw,148145.68
JHR2422,2000,VERDE,standart,gm,100273.44
TKG7359,2025,VERDE,standart,fiat,102313.61
LMM5913,1999,AZUL,standart,gwm,107092.07
FOA6817,2024,BRANCO,standart,ford,90674.12
NQI6901,2003,AMARELO,off road,ford,143254.31
AKP8486,2025,BRANCO,luxo,cherry,137605.79
QVW4957,2008,LARANJA,luxo,fiat,243060.27
XBE8208,2011,BRANCO,off road,cherry,127012.79
NEJ9015,2014,AZUL,luxo,gwm,156207.13
OZM5118,2014,VERDE,luxo,fiat,131238.54
IZP3619,1994,LARANJA,off road,vw,164669.58
AEO2209,2004,BRANCO,standart,ford,145980.52
KQT0582,2006,LARANJA,off road,vw,158627.60
GSO3560,2022,LARANJA,standart,gwm,85358.20
DET7811,1997,VERMELHO,standart,gm,126627.38
VUF9675,2021,AMARELO,luxo,gm,249954.01
UPR0298,2003,VERMELHO,luxo,gwm,120369.92
EVY3123,2005,VERMELHO,luxo,gm,188759.28
LUI6985,2017,VERMELHO,luxo,gm,222183.05
YJJ2039,2000,AMARELO,luxo,fiat,142768.04
WZV3055,2017,PRETO,off road,fiat,186128.47
YEQ8466,1992,VERDE,standart,vw,87478.42
MOL1009,2001,BRANCO,standart,cherry,79008.26
YYN3377,2008,LARANJA,off road,cherry,154705.58
VIE2420,2010,AZUL,luxo,ford,154234.25
QDW2313,2002,AMARELO,off road,vw,209787.95
AQB6265,2012,AMARELO,luxo,gwm,234242.65
VQG7445,2018,PRETO,standart,gwm,141799.20
NKD8087,2005,BRANCO,luxo,gwm,157207.49
CRJ1614,2017,VERDE,off road,gm,143775.44
UYV1475,1999,AMARELO,standart,fiat,140246.75
TAF5092,1992,AMARELO,standart,gm,103748.99
WEB7547,2003,VERMELHO,off road,gwm,133623.02
NFI4602,1997,PRETO,off road,gwm,189920.49
RJL7874,1993,BRANCO,standart,cherry,121962.03
GRN4766,2002,VERDE,standart,gm,131606.95
TQM2132,2009,PRETO,off road,gm,186169.26
ASI4054,2009,VERDE,off road,ford,118463.61
YJW9113,2001,LARANJA,luxo,cherry,197582.38
KJU7415,1999,BRANCO,standart,gm,100054.07
DZN9048,2024,AMARELO,luxo,fiat,166454.12
HGE5056,2007,AZUL,luxo,fiat,204667.57
FTR8081,1994,AMARELO,standart,vw,136660.32
RRR6228,2020,AZUL,off road,cherry,129466.78
XUP7101,2012,BRANCO,off road,cherry,149757.69
SSK4806,1992,AZUL,standart,vw,74225.31
RRB3682,1990,AZUL,off road,gm,209879.36
KSG2029,2020,VERDE,luxo,fiat,179916.24
FAV7935,1993,AZUL,luxo,gwm,131711.45
JAZ4647,2010,LARANJA,off road,vw,110801.62
DYE1783,2018,AMARELO,luxo,ford,202367.90
OLM2618,2016,AZUL,standart,ford,118502.86
TLJ8249,1992,AZUL,off road,fiat,107823.85
YJK5990,2000,VERMELHO,standart,cherry,138539.59
PZM7516,2011,VERMELHO,luxo,fiat,201671.87
RBO0584,2005,LARANJA,standart,vw,142005.29
PEE6776,2022,VERDE,off road,cherry,137354.56
JWC1912,2020,VERDE,luxo,ford,251666.93
CXY9184,1992,VERDE,off road,gwm,119856.90
NMB4322,2008,PRETO,standart,fiat,113517.69
JNP2093,2023,VERMELHO,luxo,vw,211287.55
GEN9378,1995,VERMELHO,standart,fiat,74046.37
FFG0501,1998,AMARELO,standart,ford,135030.65
VTL4010,2012,LARANJA,off road,fiat,146464.36
JMH6825,2020,LARANJA,off road,cherry,182664.80
KMJ0334,1999,VERMELHO,luxo,vw,190519.19
WSX0397,2002,AMARELO,luxo,ford,166657.18
QHW5199,1992,VERDE,off road,fiat,115776.86
ZUJ7744,2013,BRANCO,luxo,vw,203678.47
IXF0549,2016,AZUL,standart,gwm,70242.19
FBZ6396,2025,AZUL,standart,gm,149648.83
VOJ7606,1992,AZUL,off road,vw,119029.78
SNF5464,2016,PRETO,luxo,vw,205014.80
ONF7123,1991,VERMELHO,off road,cherry,151445.26
GIZ0842,1994,AMARELO,standart,gwm,126851.27
MIR0627,2004,BRANCO,luxo,gwm,121361.03
INF8505,1995,AZUL,standart,cherry,131282.87
BDS9624,2010,PRETO,standart,gwm,108589.28
EAR6159,1998,AZUL,standart,vw,112799.31
COW6814,1993,AMARELO,off road,vw,209887.64
AKF8973,2021,VERDE,standart,gwm,147985.38
GLR2851,1993,LARANJA,off road,ford,180455.27
AKH3879,2007,BRANCO,luxo,gwm,205720.21
BJU8288,2001,LARANJA,luxo,gm,138469.39
KRT4351,2013,PRETO,off road,cherry,109479.90
TBK3095,2017,VERDE,off road,vw,185078.31
RDA7437,2013,AZUL,off road,vw,131109.36
IXY0405,2014,VERDE,off road,gwm,170230.39
FQT2909,2001,AMARELO,luxo,vw,231200.32
MVU6743,2009,LARANJA,standart,cherry,91918.80
JYU6194,1996,BRANCO,off road,gwm,183333.38
IAB8250,2015,AZUL,standart,gm,75450.54
ASL3847,2012,PRETO,off road,fiat,207426.12
HFP2667,1992,BRANCO,luxo,gwm,138642.13
MIB2853,2004,LARANJA,luxo,vw,160274.51
HIK1326,1993,BRANCO,off road,fiat,110066.58
KUK7215,2023,PRETO,standart,ford,117284.79
GLU9850,2004,VERDE,luxo,gwm,171366.75
USB6890,2022,VERDE,off road,ford,158313.36
YCE9075,1999,VERDE,luxo,cherry,202262.03
QRV8072,1991,BRANCO,off road,gm,205993.39
VHS2320,2025,VERDE,off road,cherry,156221.97
BKC1157,2017,AMARELO,off road,fiat,163151.14
VPV6459,2014,VERMELHO,luxo,ford,131575.49
OYA3545,2001,VERDE,standart,cherry,77074.28
OWR4487,2014,AMARELO,standart,gwm,142236.65
KEQ8716,2022,VERDE,luxo,gwm,175886.00
WFE2124,2025,LARANJA,off road,fiat,128040.66
GJY6921,2020,VERMELHO,off road,gm,191131.04
MWD7551,1994,PRETO,standart,ford,125418.33
SUG0042,1998,AMARELO,luxo,fiat,169160.62
XMB2910,2001,AMARELO,luxo,fiat,161150.32
LHY1171,2011,PRETO,standart,ford,97192.03
IRD3032,2015,PRETO,off road,gwm,119124.85
PGK8537,2023,PRETO,luxo,cherry,184483.87
QZI8842,2014,VERMELHO,luxo,cherry,162711.35
UST9345,2024,AZUL,off road,ford,125682.85
KDV9700,2022,AZUL,off road,fiat,140106.58
DDH4629,2015,VERDE,off road,vw,119558.25
NLS2826,2000,VERDE,standart,fiat,92216.16
SDF6194,2009,PRETO,luxo,cherry,176030.47
DRD2792,2005,VERMELHO,luxo,cherry,249256.04
LTG3774,2008,LARANJA,off road,cherry,168793.46
RKZ5933,1994,AZUL,standart,ford,76619.88
DBC7973,2001,VERDE,standart,vw,81472.11
AWJ7753,2003,BRANCO,luxo,gwm,237158.31
OZO1539,1997,PRETO,off road,gm,156346.13
KTL2786,2018,AZUL,off road,fiat,169997.47
CMW1309,2024,PRETO,luxo,cherry,237909.15
GNV2656,2023,VERMELHO,luxo,fiat,154913.04
MNW6457,1995,BRANCO,luxo,gwm,214163.11
ZBE7770,1990,VERDE,luxo,ford,236586.05
GQV0556,1990,AMARELO,standart,ford,141591.02
CDK8568,2021,VERDE,luxo,ford,153299.34
EKQ1443,2008,VERMELHO,luxo,vw,250280.21
LAK3095,1992,AMARELO,luxo,gm,157114.87
XGE9962,2012,AZUL,off road,ford,155442.21
KGL8189,1995,BRANCO,luxo,cherry,146763.76
EHG4265,2001,BRANCO,standart,ford,73819.14
TXX8289,1991,AZUL,luxo,cherry,197583.75
ZVZ6030,2011,VERMELHO,standart,vw,127800.67
YTL5164,2004,AMARELO,off road,cherry,132460.10
JIG2900,2021,AZUL,off road,ford,126541.13
QLN7821,1995,BRANCO,standart,gwm,123663.52
ZRQ6673,1998,BRANCO,off road,gm,164007.60
HCX6471,1996,VERDE,standart,gwm,82883.48
SKF7661,2000,AZUL,off road,gm,157830.99
LXG0710,2008,VERMELHO,off road,ford,106864.89
ADX2031,1996,VERDE,off road,vw,208066.04
CEU6767,2005,PRETO,standart,cherry,118151.15
EXO9347,2020,LARANJA,luxo,ford,181344.14
DHT5414,2023,PRETO,luxo,vw,161526.24
KEU2839,2022,PRETO,luxo,ford,210778.51
ZGC3642,1999,AZUL,standart,gwm,122197.06
CFN4899,2007,PRETO,off road,vw,201505.26
HJJ5515,2010,VERDE,luxo,gm,207107.87
AGM1751,2025,BRANCO,off road,gm,126302.58
SXH3036,2017,VERDE,off road,cherry,145905.69
SRT6608,2018,LARANJA,off road,ford,117526.99
VNT5973,2000,AZUL,luxo,fiat,142195.58
OSO5267,1994,PRETO,luxo,cherry,220592.02
BAX4624,2005,PRETO,standart,gwm,78017.25
PJB2570,2018,BRANCO,off road,ford,109239.41
PUB2371,2019,PRETO,luxo,ford,148979.12
EJG5245,1991,LARANJA,off road,gwm,139572.69
ZEY0686,2015,PRETO,luxo,cherry,192940.65
SHP8360,2023,VERMELHO,standart,gm,122921.38
SXW5323,1999,PRETO,off road,cherry,144547.17
SQY5739,2024,AMARELO,standart,gm,92771.15
ITV6147,2018,AZUL,luxo,gwm,130869.90
SMS7728,2020,VERMELHO,off road,ford,173085.51
ACR7329,2021,PRETO,off road,gm,127390.55
NUL5590,1995,AMARELO,luxo,gwm,233996.46
KXA8510,2005,AMARELO,standart,fiat,142216.01
UGC0395,1992,AMARELO,off road,cherry,113049.43
MBH3660,2021,BRANCO,standart,vw,146891.39
VYX0807,2015,BRANCO,luxo,gm,173693.01
CHC8046,1999,PRETO,luxo,ford,243966.51
GKL1220,1999,VERMELHO,luxo,gm,230224.39
DDW9014,1998,AMARELO,luxo,cherry,174216.94
BAX3337,2010,BRANCO,standart,ford,92799.44
PUX6391,2015,PRETO,standart,fiat,134965.94
IVC3879,2017,AZUL,luxo,gwm,213446.66
RNC2378,2022,BRANCO,standart,gm,113777.60
WXD4652,2022,AZUL,luxo,gwm,161019.64
RRN7645,1996,AMARELO,standart,ford,114316.04
WQE1843,2005,BRANCO,standart,vw,109575.70
VVG8181,2007,AZUL,standart,gwm,88611.29
UJZ8750,1998,PRETO,luxo,ford,223709.44
JEY2341,2001,PRETO,off road,gwm,122153.92
HOE2282,2007,AMARELO,standart,ford,119694.05
YYH3511,1995,AZUL,off road,gwm,140363.52
SZQ6721,1993,BRANCO,off road,gwm,168463.72
PAR2008,2010,AMARELO,standart,gwm,87882.86
ETL4542,2010,VERMELHO,standart,ford,94289.48
LHH5777,2019,AMARELO,off road,gm,190874.82
BLQ4265,2006,PRETO,off road,ford,133625.65
VCV5104,2025,VERMELHO,luxo,ford,124426.29
HJO5523,2014,AMARELO,luxo,vw,254225.76
AEB0630,1991,VERDE,luxo,gwm,196195.45
GEB5532,2006,LARANJA,standart,ford,99304.58
LZR8490,2016,AZUL,standart,gm,94181.60
JVD0689,2002,VERDE,luxo,gwm,209655.52
WKC8796,2008,VERMELHO,luxo,fiat,254609.40
EBY1346,2013,PRETO,luxo,ford,235574.91
DCX8213,2013,VERDE,luxo,gm,227123.19
KFD8880,1991,AZUL,standart,fiat,139690.63
WMJ1209,2024,LARANJA,standart,vw,141452.35
YIG3685,2013,PRETO,standart,gwm,113927.71
OXJ9359,2005,VERDE,luxo,gwm,152948.37
BYN0524,1991,AMARELO,luxo,gm,136466.13
DPJ9704,1998,PRETO,luxo,gwm,151981.30
PMN8544,2013,AMARELO,standart,vw,99141.39
USX3756,1992,AMARELO,luxo,gm,237708.09
UIP2049,1994,BRANCO,off road,ford,152953.49
IZR5604,2010,AZUL,standart,gwm,119387.98
HYQ5537,1994,AMARELO,luxo,gm,233536.75
SHZ6945,2024,PRETO,off road,cherry,174958.20
IKE5293,2007,VERMELHO,standart,gm,141400.96
DAL7017,2012,VERDE,luxo,fiat,245126.03
XGA7832,2001,AMARELO,standart,gwm,76586.16
CGX3714,2017,LARANJA,luxo,vw,150633.49
XKG3123,2020,BRANCO,standart,cherry,88212.97
ECR4472,2022,VERMELHO,luxo,ford,170164.77
DPA0887,2014,BRANCO,off road,gwm,171710.83
PVL9081,1997,VERMELHO,luxo,gm,245222.17
YZE6259,2005,AZUL,off road,gwm,202868.07
FGP7457,2017,PRETO,off road,cherry,121510.52
EZE8690,1990,BRANCO,standart,vw,147895.22
HBY9888,2008,AZUL,luxo,vw,175584.81
VUA5652,2025,PRETO,off road,cherry,128155.80
KNR5256,2007,VERDE,luxo,ford,172139.38
PQX4174,1998,LARANJA,luxo,vw,194508.31
YNU2979,1993,VERMELHO,standart,gwm,112096.37
GQM5244,2000,VERMELHO,off road,ford,132114.96
MEX1554,2008,AZUL,standart,ford,122229.90
JFN9619,1993,VERMELHO,luxo,gm,230646.53
BRH3729,2008,BRANCO,off road,gm,107370.97
YOS7956,2013,VERDE,standart,cherry,88918.61
ZNI3142,1991,BRANCO,off road,fiat,154538.12
DSN9883,1993,AMARELO,off road,fiat,205101.70
CZO3577,2025,VERDE,luxo,gwm,208657.41
LHV6887,1998,BRANCO,standart,cherry,104214.47
VRF4254,2021,PRETO,standart,cherry,120361.88
BBN2306,2010,BRANCO,standart,ford,120809.26
HJJ6351,1991,PRETO,standart,fiat,111014.80
FVA4913,2022,AZUL,luxo,fiat,149443.63
OOR7301,2019,LARANJA,off road,gm,187997.25
IFM9030,1993,VERDE,luxo,gm,183453.21
SLR9174,2002,BRANCO,luxo,fiat,175400.58
KTX7217,2017,AMARELO,luxo,vw,195530.29
OLV5033,2006,AMARELO,standart,cherry,142431.85
UWV9559,2001,AMARELO,luxo,gwm,157306.49
IDL7253,2022,LARANJA,luxo,vw,220877.67
HVN4873,2000,BRANCO,luxo,fiat,252162.83
QYS2104,2001,AZUL,off road,ford,189379.27
IUK0293,2017,VERMELHO,off road,ford,140239.37
GJG6676,2011,PRETO,off road,ford,130852.54
VPX6651,1996,VERMELHO,off road,ford,177006.40
DKM0084,2003,PRETO,off road,fiat,100816.52
LBV7942,2004,VERDE,off road,vw,152202.50
VVL6573,2003,VERDE,standart,ford,98361.42
RZQ8203,1995,BRANCO,luxo,vw,145713.51
PRJ5121,1992,AMARELO,off road,gm,160200.69
CXV5071,1995,PRETO,luxo,cherry,252875.93
UUC1213,2013,BRANCO,luxo,fiat,186609.79
FGK8673,2022,LARANJA,standart,ford,115591.24
DUD3603,2000,AZUL,luxo,ford,171124.94
RTL9032,1998,PRETO,standart,gwm,119184.11
TNY3922,2017,LARANJA,standart,vw,145158.80
XGM1238,2011,PRETO,standart,ford,81584.51
OCO8146,2003,LARANJA,standart,cherry,142242.09
GWK8218,2003,LARANJA,luxo,gm,121518.13
LRS4972,2001,AMARELO,luxo,gwm,230305.79
GJW8612,2020,VERDE,off road,gwm,152260.41
BUT3623,2010,VERMELHO,standart,vw,78612.63
GBU3521,2001,PRETO,off road,gm,202839.58
URR2334,1992,VERMELHO,luxo,fiat,244755.81
UCU6551,2014,VERDE,standart,ford,78445.53
WEZ0974,1996,BRANCO,off road,vw,107669.79
VRF0268,2017,VERDE,standart,gm,86685.70
GHI8300,1994,AMARELO,luxo,vw,145659.54
RIQ8160,1991,VERDE,off road,ford,131697.65
LKQ5843,2013,VERMELHO,standart,vw,80786.52
ADK8777,1992,BRANCO,off road,gwm,119996.92
TPV9372,2003,PRETO,luxo,gwm,149098.72
QDQ1502,2000,PRETO,off road,cherry,136123.16
VAT8823,2010,AMARELO,off road,cherry,126895.31
DMM9068,1998,AZUL,luxo,vw,210605.92
FZZ5287,2023,VERMELHO,off road,cherry,126585.12
ATJ7541,1990,VERDE,standart,fiat,123168.55
HDU3419,1994,AMARELO,standart,fiat,78465.81
DFA8487,2012,LARANJA,off road,vw,181709.32
KKH1287,1992,AMARELO,off road,gwm,184493.85
JKN3321,2012,LARANJA,off road,cherry,161085.55
FMH2257,1994,PRETO,luxo,vw,177285.18
CHG3985,2022,VERMELHO,off road,fiat,195838.40
SEX8584,1991,LARANJA,standart,gm,101827.86
FHN9841,1996,VERMELHO,luxo,gwm,152201.67
HSD0927,2017,BRANCO,standart,gm,146924.61
OFG7744,1997,VERMELHO,off road,cherry,163890.91
QZV2200,2008,VERDE,luxo,gwm,138744.89
IRJ1686,1997,VERMELHO,standart,gm,81109.34
DDW2317,2012,VERDE,off road,ford,126769.89
YCE4192,1994,PRETO,luxo,ford,141160.99
XHJ8296,2006,LARANJA,luxo,cherry,154203.24
AOZ3234,2015,AZUL,off road,fiat,183845.87
ZIP0307,1999,VERMELHO,luxo,fiat,168868.52
MJY3116,2001,LARANJA,luxo,cherry,254911.39
BIY9691,1993,BRANCO,off road,fiat,167341.30
MQE2532,2009,AMARELO,luxo,fiat,184261.66
DRB6013,1990,BRANCO,standart,gm,106157.87
ZPG6161,2003,AZUL,standart,ford,88515.87
ZLY8148,1998,AMARELO,standart,ford,117663.68
IVM1928,2016,VERDE,off road,fiat,205186.93
IPJ4329,2008,AZUL,luxo,fiat,165336.59
CRL0144,1991,AMARELO,off road,gwm,173481.00
UNO8809,2006,AZUL,luxo,vw,181019.48
OSE6929,2023,AZUL,off road,gwm,138990.41
GKP7654,1995,AZUL,luxo,vw,226536.80
TBQ8139,2012,VERDE,off road,vw,206370.27
FLY4500,2006,AMARELO,off road,cherry,201905.37
KZA7825,2013,LARANJA,luxo,cherry,218412.26
ZTI1812,2005,AMARELO,off road,ford,179249.60
FGM3300,2017,VERDE,off road,ford,155108.50
RNP0302,2011,PRETO,standart,vw,93882.18
IXR8460,2010,VERDE,off road,vw,115629.49
ZUA2024,1992,VERDE,standart,fiat,70376.59
IEN6546,1999,VERMELHO,standart,ford,112410.28
OHJ9604,1992,VERDE,luxo,gm,185598.87
HJC8394,2008,VERDE,luxo,gm,150865.88
BKB8198,2014,PRETO,off road,ford,139159.92
VHV8893,2002,BRANCO,luxo,gwm,182892.05
PPP8915,2011,BRANCO,standart,ford,140830.53
LTG8660,1998,VERDE,off road,fiat,112017.29
QAP9575,2017,AZUL,off road,gm,102557.27
MRG0655,2023,LARANJA,off road,gm,172187.27
DBN5550,2003,AMARELO,standart,gm,95560.22
RFJ2691,2004,BRANCO,luxo,vw,198128.05
VJV4002,1996,VERDE,standart,gwm,81594.48
BXE4387,1999,VERDE,off road,fiat,117107.84
TJZ0068,2020,LARANJA,luxo,ford,190541.20
NQB3878,2001,AMARELO,off road,fiat,139570.91
NBS1316,2016,VERMELHO,standart,cherry,105847.76
ZJR8375,1994,AMARELO,luxo,ford,191728.76
EXA7772,2004,VERDE,luxo,ford,192838.06
JIX7419,1997,AZUL,standart,gm,101190.20
JAX8330,2024,PRETO,standart,gwm,87342.82
JMC3483,1997,LARANJA,off road,ford,110638.60
UZK1771,2019,AZUL,luxo,gwm,122494.52
BPZ1186,2018,VERDE,standart,ford,74854.05
YKS9043,2004,PRETO,off road,gwm,198557.71
FUG3105,2016,VERMELHO,off road,fiat,170862.27
GCK7914,2008,PRETO,luxo,gm,142658.09
LAB0319,2022,VERMELHO,standart,vw,106123.78
RJJ7217,2025,VERDE,standart,fiat,79963.18
AAX9549,1991,AZUL,off road,vw,177442.74
ROJ8386,2006,PRETO,luxo,gm,119307.76
DVR4166,2014,AMARELO,standart,cherry,145163.08
AEX2310,2023,VERMELHO,luxo,gm,130712.18
GYH4804,1993,PRETO,off road,ford,165214.82
HNI8737,2011,LARANJA,off road,gm,209591.13
SWK9342,2017,AMARELO,standart,ford,82147.34
CAK1337,2020,PRETO,off road,cherry,167922.71
DWR0590,1996,VERDE,standart,vw,111889.05
TXL5620,2012,LARANJA,standart,vw,132931.43
CWE9664,1991,VERDE,off road,fiat,138234.74
THU3120,2003,AZUL,standart,fiat,112181.27
QLC9366,1990,PRETO,luxo,cherry,214043.70
CZW2716,1990,VERMELHO,standart,gwm,97437.63
WCB9271,2022,VERDE,luxo,vw,183003.61
RQC1012,2007,VERDE,luxo,cherry,170508.17
ZNP5318,1990,VERMELHO,luxo,gwm,170494.53
XSN7051,1997,VERDE,off road,gwm,136944.89
GOS0063,2007,AZUL,off road,cherry,129599.68
JAP0754,1995,PRETO,luxo,gwm,253558.97
IPG0733,1995,VERDE,off road,vw,186887.22
UHB0454,2001,VERDE,off road,cherry,192001.62
NTC7831,2013,AMARELO,standart,gm,123667.53
LAU3830,1992,AMARELO,standart,gm,140996.83
BVQ8298,2012,BRANCO,luxo,ford,152331.62
MBY8002,1992,PRETO,off road,gm,202551.59
EXG0321,2024,PRETO,off road,vw,208845.94
DHF8592,2011,VERMELHO,off road,cherry,162618.11
AJY3152,2017,VERMELHO,standart,gwm,131881.23
PQW1689,2020,LARANJA,luxo,ford,177142.97
HET2351,2024,AMARELO,off road,fiat,100232.30
DTM1217,2013,LARANJA,luxo,ford,157772.08
XFO1778,2008,VERDE,standart,cherry,75622.95
OXI2531,2015,BRANCO,luxo,gm,169282.30
YQC0757,1991,BRANCO,standart,gwm,107300.39
RCY2572,2006,VERDE,standart,ford,127101.94
FLC0086,2001,AMARELO,luxo,cherry,196414.46
KVH5791,1997,AZUL,standart,gm,89007.44
OOU5020,2017,AMARELO,luxo,ford,138267.98
DLD5446,1999,VERDE,luxo,gm,239436.46
ZCW3059,2020,BRANCO,standart,vw,146590.96
IDB8346,1995,AZUL,standart,cherry,86600.98
KOX0170,2015,LARANJA,luxo,cherry,211632.34
XVO4968,1998,BRANCO,luxo,vw,191217.19
JYV8885,2018,AZUL,luxo,ford,211077.24
OAK2820,2007,AZUL,standart,gwm,79736.67
QHE6124,1999,AZUL,off road,gwm,192817.70
MLH3498,2005,PRETO,standart,cherry,118145.96
OOH0741,2000,VERMELHO,luxo,gwm,167295.25
GBL3583,1998,VERDE,off road,vw,116061.66
ASB8446,2022,LARANJA,luxo,cherry,151846.69
PRP7799,2007,AMARELO,luxo,fiat,175210.01
FQZ9427,2018,BRANCO,luxo,gwm,185912.12
XAX7249,2000,VERMELHO,luxo,gm,243924.23
FIM9854,2017,BRANCO,luxo,fiat,192191.50
EXO0237,2005,LARANJA,luxo,ford,203280.00
BIB0142,2024,AZUL,off road,vw,116843.18
TVD9518,1990,LARANJA,standart,gwm,112268.49
XLY1678,2011,VERDE,off road,vw,113584.15
FHV3932,2001,AZUL,standart,ford,126605.54
JYB3447,1996,PRETO,luxo,gwm,253052.92
XOT6705,1999,VERDE,luxo,cherry,222877.25
EPV4433,2024,PRETO,luxo,cherry,192833.16
LRW9860,2007,VERDE,off road,vw,204951.37
AKQ6819,1990,AMARELO,off road,ford,204283.49
BCP8482,1994,AZUL,off road,gm,157581.82
AAE8635,2011,AZUL,off road,vw,161045.50
HGY6616,2022,AMARELO,off road,cherry,192969.87
CAX4200,2014,PRETO,off road,vw,155529.22
BAW0334,2022,VERMELHO,luxo,gm,120785.12
EKL6899,1993,PRETO,luxo,cherry,249748.41
YRP1903,2018,AMARELO,standart,ford,131768.22
RRT5997,2017,VERMELHO,luxo,ford,197773.75
PRY9092,2021,VERDE,off road,gwm,185198.39
ZXO0706,2003,LARANJA,off road,vw,98065.09
UKT0047,2013,LARANJA,off road,gm,142923.61
GUO0668,2000,AZUL,luxo,gm,226140.60
GGM7188,2004,AMARELO,off road,fiat,164566.37
TJW0579,2024,AMARELO,off road,vw,197533.22
EYB1650,2025,VERDE,luxo,ford,199884.24
UCJ5537,2010,AZUL,luxo,gwm,133185.84
LTV3008,2000,AZUL,off road,gm,128363.71
ROY6386,2023,AMARELO,luxo,fiat,132869.52
LMN0931,2007,AMARELO,standart,fiat,132848.59
AUO4137,2018,AZUL,standart,gm,93892.37
FIW0508,1998,VERMELHO,standart,gwm,138392.42
FUM8223,2025,LARANJA,off road,vw,109316.45
ELX8336,1999,VERDE,luxo,fiat,225756.34
KTY5061,2010,VERMELHO,luxo,vw,204373.36
ZVF2144,2000,PRETO,luxo,gm,210119.00
CRX1034,2009,BRANCO,off road,gm,100948.51
HEK6983,2001,VERDE,standart,cherry,123547.08
GNR6694,1997,BRANCO,off road,cherry,178966.23
JJM6226,2025,VERMELHO,off road,gwm,122779.32
EFF8086,2021,VERDE,off road,gwm,160379.54
WXH6570,2008,AZUL,standart,gm,143771.76
WDB6097,2001,LARANJA,off road,cherry,145899.79
XRS9934,2012,PRETO,standart,cherry,129397.95
YVY1255,2003,AZUL,off road,cherry,125602.61
SIE1708,2007,AMARELO,luxo,vw,159646.08
ZJP5882,2017,BRANCO,standart,gm,78099.53
AUV7023,2001,PRETO,off road,fiat,124470.36
LQZ3029,2013,AZUL,off road,gwm,132750.58
YWF5411,2006,PRETO,luxo,fiat,249419.34
MPW3882,2020,BRANCO,off road,ford,176951.08
BLB7412,2002,AMARELO,luxo,fiat,145167.26
JQE7689,2003,AZUL,off road,gm,101644.27
FWA3094,2013,BRANCO,luxo,gwm,154996.28
IUX4315,2011,VERMELHO,off road,vw,190020.07
ZVO5870,2011,LARANJA,off road,ford,186699.04
EJV5533,1996,LARANJA,standart,gwm,124615.33
PZV4766,2013,VERDE,standart,cherry,92739.60
QVM5912,2015,VERDE,luxo,ford,203704.30
JCO1022,2006,VERDE,luxo,gwm,161372.65
SST4270,2013,LARANJA,luxo,vw,130965.80
ZSJ2791,2016,VERDE,off road,gwm,149087.89
MJX2767,1996,VERDE,off road,gwm,175637.99
VHC6554,1990,AMARELO,off road,fiat,167649.82
KBZ1322,2012,VERMELHO,off road,gwm,186889.08
OTD3741,2009,BRANCO,standart,gwm,75688.63
DRF5088,2022,VERMELHO,standart,fiat,113927.60
TSX2422,1992,BRANCO,standart,vw,81516.41
CKY2403,2018,BRANCO,standart,ford,74808.50
NJA9009,2001,VERDE,luxo,ford,147582.54
UGL0190,2011,AZUL,luxo,ford,206879.69
ESP9884,1993,LARANJA,off road,ford,139735.48
HNG3628,2001,VERMELHO,off road,cherry,187044.73
YRY7043,1991,AMARELO,off road,gwm,158429.77
WWM8714,1999,AZUL,standart,vw,122778.18
BBQ4182,2005,AZUL,standart,cherry,78363.63
ILT2793,2002,PRETO,standart,ford,141864.89
FOM2231,2016,BRANCO,off road,ford,199629.66
BSV0172,2006,BRANCO,off road,fiat,192344.93
PNJ9264,1995,AZUL,standart,gm,135449.87
HYU5313,2004,VERDE,off road,vw,143749.28
OHX5618,1999,PRETO,luxo,gwm,120671.09
LUD6924,1997,AZUL,standart,vw,95219.19
QUO0889,2018,BRANCO,luxo,fiat,152155.34
VDM7742,1990,BRANCO,off road,ford,129628.00
ZGU2684,1993,BRANCO,luxo,cherry,189715.65
EET0898,1992,AZUL,luxo,cherry,150558.60
OSU6129,2008,PRETO,standart,fiat,72750.09
UBW9992,2004,BRANCO,off road,gm,166631.52
SSD2413,1998,VERMELHO,off road,fiat,197989.38
SVE8076,1997,PRETO,standart,gwm,139545.96
MWN5834,2018,AZUL,off road,fiat,165131.34
ONR2143,2014,BRANCO,standart,ford,117489.57
HNE5649,1990,BRANCO,standart,ford,139157.20
QPB6150,2019,PRETO,off road,vw,192305.37
NKG1016,1998,LARANJA,off road,ford,165327.05
PYF7567,2011,AMARELO,off road,gm,162887.37
CMG6678,2008,VERDE,standart,fiat,145541.21
SCD0864,2012,LARANJA,luxo,fiat,230532.63
QQA7330,1999,VERDE,standart,fiat,96133.01
OKM1595,2011,LARANJA,standart,ford,82100.91
VIO7402,1990,PRETO,off road,cherry,161212.86
AWY8253,2019,AMARELO,standart,ford,96402.47
UAJ2224,2012,BRANCO,off road,gwm,114399.17
IPP2533,2017,VERDE,off road,ford,120737.23
QZM5743,2002,PRETO,standart,fiat,109922.17
UBM7344,2017,VERDE,luxo,fiat,182113.48
IOL1260,2021,AMARELO,standart,gm,113918.14
JJC6594,2025,BRANCO,luxo,cherry,212461.22
RER4265,2018,PRETO,off road,gwm,207280.66
JQT7631,2000,AMARELO,off road,gwm,164182.31
MAW6243,2023,AZUL,luxo,fiat,227884.91
ABV0536,1998,LARANJA,off road,cherry,190519.08
SIY5996,2020,LARANJA,off road,fiat,151336.61
DHS3729,2011,VERDE,luxo,gm,181979.97
RZU1251,2020,VERDE,luxo,gwm,135262.15
IGE6704,2001,AZUL,standart,fiat,92510.72
GCC9952,2010,PRETO,off road,fiat,162901.47
KEP0850,2015,BRANCO,standart,gm,105942.76
SQH3741,2004,PRETO,standart,fiat,100117.39
KXP4182,2016,AZUL,off road,vw,98354.89
BYW1103,1999,AZUL,off road,vw,135829.07
ZKC6747,2016,AZUL,off road,vw,208235.31
CLN7346,2013,VERMELHO,off road,fiat,180463.47
ANK0102,2015,VERDE,luxo,cherry,150343.95
ZCX0499,2004,AZUL,off road,fiat,164696.41
MHT5548,2012,VERMELHO,off road,vw,179116.16
UXD1447,1991,PRETO,luxo,fiat,165413.72
PTL9183,2002,VERDE,off road,cherry,143327.71
CIP3609,1996,AMARELO,luxo,gm,168071.87
CCI1652,1995,VERDE,off road,gm,134183.38
KDV0306,2016,VERMELHO,off road,fiat,109249.64
VSW4193,2012,AZUL,luxo,gm,196904.93
JXA7154,1991,VERMELHO,off road,gm,189951.45
DCM6516,2005,BRANCO,luxo,gm,146351.78
KHD8508,2013,VERMELHO,off road,fiat,198571.17
PFA1632,1996,VERMELHO,luxo,gwm,147058.50
PGN5327,2018,AZUL,luxo,vw,235413.02
VAG8674,2002,PRETO,luxo,cherry,142127.79
UCH2351,1991,PRETO,off road,gwm,104891.69
PDI8176,2016,AMARELO,off road,fiat,125110.39
GRE9186,1996,PRETO,luxo,vw,247916.98
YPW7297,2016,BRANCO,off road,gwm,131071.94
XLM5703,1990,BRANCO,luxo,vw,219784.89
HFY1352,2001,VERDE,standart,fiat,114971.26
QPJ4577,2006,PRETO,off road,fiat,121502.62
PUB1243,2007,VERMELHO,luxo,vw,245584.00
LDQ8563,1992,VERDE,luxo,fiat,246678.09
OIZ9425,2024,AZUL,off road,cherry,106057.13
VGY9044,1996,LARANJA,luxo,ford,236387.99
XOS6537,2011,LARANJA,off road,gm,147676.21
FZO4258,2015,PRETO,luxo,ford,160400.70
ETY0966,1999,AZUL,luxo,gwm,120317.34
AZL1748,1993,AMARELO,off road,vw,196691.98
EKB2007,1990,AMARELO,standart,gm,130762.55
KDO5495,1990,LARANJA,off road,fiat,149682.73
BCT4867,2016,AMARELO,luxo,fiat,136061.93
FQC8939,1991,VERMELHO,luxo,ford,212190.32
DTV1891,2011,AMARELO,standart,ford,110624.24
SUN0023,2016,LARANJA,standart,ford,115328.04
NGK3112,2008,VERMELHO,off road,gwm,199208.09
SNK7896,1992,VERMELHO,standart,ford,128343.60
EBE4380,2023,AZUL,off road,fiat,122314.46
EWK1848,1996,PRETO,luxo,fiat,121525.92
WMD9989,1996,PRETO,luxo,cherry,128583.44
FII8522,1993,AZUL,off road,fiat,158666.91
IYQ0772,2000,AZUL,luxo,ford,217818.88
QUT2386,2017,AMARELO,standart,vw,128466.27
WSZ9053,1991,BRANCO,luxo,vw,149813.09
HLS0497,2002,VERMELHO,standart,ford,94298.96
IQD9232,2000,PRETO,standart,gm,126973.18
SSU7103,1999,BRANCO,luxo,gwm,140827.87
WLT3748,2018,BRANCO,standart,fiat,115979.71
NEA1954,2019,AMARELO,luxo,vw,165340.27
PVB5028,1990,VERDE,standart,gm,149948.46
NWB3740,1992,BRANCO,standart,ford,97641.58
IWY3603,2015,LARANJA,off road,ford,139882.42
SYK2770,2024,LARANJA,standart,gm,147927.08
TTM1129,2020,PRETO,luxo,cherry,137657.23
KED1863,2000,VERDE,standart,vw,113420.69
OTK3296,1990,VERDE,standart,cherry,145441.94
JSF3063,2022,VERDE,off road,gwm,102649.79
GAX5497,1997,BRANCO,off road,cherry,158319.22
ATU7888,1996,BRANCO,off road,cherry,174386.84
PCA8184,2022,AZUL,off road,gwm,183275.89
DVB7212,2004,AMARELO,off road,fiat,101230.72
ZKE5167,2005,LARANJA,off road,gwm,138137.66
KLP2202,2022,LARANJA,off road,gwm,182464.80
ZUJ5639,2008,AMARELO,off road,vw,150492.77
FGO9499,1998,AZUL,standart,vw,84103.25
OFK2393,1991,AMARELO,luxo,ford,142837.02
NXF6089,1991,LARANJA,standart,cherry,104871.97
JNO3916,2006,BRANCO,luxo,gwm,166803.44
OTL7842,2016,AMARELO,standart,gm,79779.85
SLL9944,1994,VERMELHO,luxo,ford,182951.83
HLE1011,2007,LARANJA,luxo,ford,216962.84
EED9143,2016,VERMELHO,standart,vw,87823.11
EHN5728,1996,VERDE,luxo,ford,204553.76
PHH4844,1996,VERMELHO,standart,cherry,138217.09
XQG2577,2000,AZUL,luxo,ford,128265.15
EQT5660,2022,LARANJA,off road,vw,148194.98
TZU0071,2003,VERMELHO,off road,gm,176173.56
KBX8602,2016,LARANJA,off road,vw,207168.09
HEU2924,2003,AZUL,off road,fiat,167912.53
EKS2335,1992,BRANCO,off road,vw,126342.46
DUQ6538,1991,VERDE,off road,gm,201509.62
GYQ1927,2009,VERDE,luxo,fiat,131709.85
ETL0226,2000,LARANJA,standart,gwm,98216.25
BYF3719,2024,PRETO,standart,gm,98477.73
ODU8861,2008,LARANJA,off road,ford,128087.13
DZK6939,2011,BRANCO,off road,gm,131052.14
ZRI6945,1990,VERMELHO,off road,vw,157913.67
NVP0813,2000,AMARELO,luxo,vw,175507.94
PYC2697,2009,PRETO,luxo,cherry,190928.57
HXE8481,2005,AZUL,luxo,gm,183618.07
UWY4472,2000,AMARELO,standart,vw,145759.62
YJI6492,2020,AZUL,luxo,gm,221294.99
YLU6183,2019,BRANCO,standart,ford,124390.98
PQW4611,2021,VERMELHO,off road,vw,129909.73
KLJ1530,1993,AMARELO,off road,gm,118854.20
JUQ8849,2003,VERMELHO,standart,cherry,94905.03
UQE1346,1990,LARANJA,luxo,cherry,244628.74
VUH7968,2009,AZUL,luxo,fiat,173394.20
YMW0684,2013,PRETO,off road,ford,103740.83
KQS9209,2011,BRANCO,standart,fiat,139532.45
RHF9175,2018,AZUL,luxo,cherry,219396.95
JSC5960,1994,BRANCO,off road,cherry,169876.20
AGA6883,2020,VERDE,off road,fiat,164747.38
FSD9383,2020,AMARELO,off road,fiat,103794.21
CYY4694,2007,VERMELHO,standart,gwm,105595.92
AYF4908,2015,AZUL,standart,vw,125450.47
LHB2361,2021,VERMELHO,luxo,fiat,183428.26
TJK9293,2000,AZUL,standart,vw,136791.43
WQO6304,2020,VERDE,off road,fiat,191086.85
SNT2480,2001,AZUL,luxo,ford,171578.45
ZUT8711,2012,AZUL,off road,ford,150487.17
DIM8816,2005,VERDE,luxo,ford,230993.78
JFS0488,1992,AMARELO,luxo,vw,139706.36
UQJ9914,1998,VERDE,luxo,gwm,229886.70
ETH9609,2015,AMARELO,luxo,ford,209815.72
JNP6918,2013,BRANCO,standart,cherry,131522.02
STY5956,2019,AZUL,off road,gm,144910.16
EUM9617,2012,VERMELHO,luxo,ford,230297.00
RAZ7055,2006,LARANJA,standart,gwm,115694.48
GEG9401,2005,LARANJA,standart,gwm,108197.34
ODL3995,2013,VERMELHO,standart,gm,88119.01
TFY1809,2018,VERMELHO,standart,cherry,127959.88
XJS1944,2019,BRANCO,off road,cherry,160408.71
KYC2578,2022,AZUL,luxo,cherry,184596.80
CLD5254,1991,PRETO,luxo,gm,190555.30
VOL6195,2015,VERDE,standart,fiat,118317.90
HVM5223,1994,LARANJA,luxo,gm,190337.64
AON8544,2019,PRETO,luxo,ford,202420.16
UAW3376,2011,BRANCO,off road,gwm,170871.46
FHF0727,2009,PRETO,off road,gwm,173244.53
CCB9151,2025,BRANCO,standart,vw,87346.61
DEJ7089,2024,BRANCO,standart,cherry,140172.09
LSW8439,2000,BRANCO,luxo,gm,202449.52
QVI6652,1995,VERMELHO,off road,gwm,200406.41
QNJ2856,2000,BRANCO,standart,fiat,126148.69
ZGM0341,2007,LARANJA,luxo,ford,239075.43
UAC6267,1995,BRANCO,luxo,fiat,143249.44
IJN3780,2003,AZUL,off road,fiat,150364.41
AAV4442,2009,AMARELO,luxo,gwm,217414.29
BDW1552,2014,AMARELO,off road,fiat,142406.64
TXI3372,1995,BRANCO,standart,ford,106544.07
OLC7714,2016,AZUL,luxo,fiat,223181.04
JGG8670,2013,VERDE,standart,vw,83986.28
ZJP3286,1991,AZUL,standart,ford,108726.93
AML3134,2005,LARANJA,luxo,gm,233715.34
EKW1981,2008,AZUL,off road,vw,98133.28
SQL9922,2001,PRETO,luxo,gwm,220464.95
EOF3727,1990,VERDE,standart,gm,79549.79
JWD8118,1992,AZUL,standart,ford,143011.83
CGI9196,2022,LARANJA,luxo,gwm,252152.62
BIH7907,2025,AMARELO,luxo,fiat,241348.72
HMI7682,2022,LARANJA,off road,fiat,105797.74
EYJ9755,2009,PRETO,off road,gwm,155751.65
TAM6297,2021,BRANCO,standart,gwm,74150.51
UPV9490,2016,AZUL,off road,vw,174952.44
KJT2475,1996,VERMELHO,standart,cherry,98017.10
RTT4615,2019,VERDE,luxo,gwm,214414.35
FLO1040,2011,VERDE,luxo,cherry,174870.90
GTR1985,2018,PRETO,off road,fiat,163383.44
KAH7558,2018,VERMELHO,luxo,fiat,192669.65
UYT1509,2016,BRANCO,luxo,fiat,153508.87
MMU6862,2010,AMARELO,luxo,gwm,210594.97
QTQ1956,1992,AZUL,off road,fiat,148136.67
LFG4339,2005,BRANCO,luxo,vw,227766.35
EWS3779,2003,AMARELO,luxo,cherry,198507.12
SGG0132,2022,BRANCO,luxo,ford,170185.29
XSS6275,2006,AZUL,off road,fiat,201653.03
WPN0690,1998,VERMELHO,luxo,cherry,181007.23
DYA4831,2019,AZUL,standart,fiat,107085.30
NOF8820,2024,VERMELHO,luxo,ford,212849.54
QIZ9556,2004,AZUL,luxo,fiat,136294.53
YGU8454,2024,PRETO,luxo,ford,214918.86
CCT6635,1997,VERDE,luxo,vw,195726.88
THW9072,2025,VERDE,luxo,gwm,175471.91
ARI0579,2020,PRETO,luxo,fiat,141651.45
YTG9571,2003,AZUL,standart,gwm,70587.94
SKK5627,1990,VERDE,luxo,gwm,134201.54
OYR7824,2020,VERMELHO,off road,gwm,107693.35
UAH5403,1997,PRETO,luxo,fiat,149870.62
CPI9058,2019,LARANJA,standart,cherry,109025.40
FUV2963,2005,BRANCO,luxo,cherry,253299.92
KDH4826,2010,AMARELO,off road,gm,189264.54
MDD2908,2023,PRETO,luxo,ford,139508.13
DKF2537,2023,AMARELO,standart,cherry,135648.83
OKJ3595,1998,LARANJA,luxo,fiat,187124.87
STM8729,2021,AMARELO,luxo,gwm,163872.21
EUU5125,2000,LARANJA,off road,gm,117454.75
WNA2949,1990,VERMELHO,luxo,cherry,226955.96
NTI4668,2021,AZUL,off road,vw,174350.08
CHE8568,2020,AZUL,standart,fiat,114065.73
LGV8488,1992,PRETO,standart,ford,96297.03
QSF5122,2004,BRANCO,luxo,gwm,121395.74
TMB0546,1998,AMARELO,standart,fiat,98733.58
ALD2325,2025,VERMELHO,standart,fiat,142495.39
ZRK6410,2025,AZUL,luxo,gm,150060.24
FHJ8383,2017,VERDE,standart,cherry,71525.93
HPC2857,1994,AMARELO,standart,cherry,109932.69
QBF5649,1999,VERMELHO,luxo,cherry,194350.86
IKF6290,1992,VERMELHO,off road,gm,142845.42
TLW9836,2016,AZUL,standart,gwm,92785.28
VLW4306,2016,AZUL,off road,gwm,125859.80
AEV0748,1996,BRANCO,off road,cherry,166071.75
SUT5863,1993,VERDE,standart,vw,77867.37
WLL2685,2005,BRANCO,standart,cherry,123023.93
SOS6589,2013,AMARELO,luxo,cherry,241728.84
UXC9627,2019,VERMELHO,off road,vw,150100.18
NDH0485,2010,AZUL,off road,fiat,158232.08
UGI4647,2004,BRANCO,luxo,fiat,243171.71
END7310,2016,VERMELHO,off road,gwm,159251.87
XQQ6739,2002,VERDE,luxo,fiat,167596.95
WNQ0038,2000,VERMELHO,luxo,cherry,230208.62
NOB3263,2019,LARANJA,off road,cherry,110186.70
PCH6795,2014,VERDE,luxo,cherry,182546.31
CFM1949,2016,VERDE,standart,fiat,92891.92
NEE9178,2004,VERMELHO,luxo,fiat,170358.45
FWB0847,2007,PRETO,luxo,fiat,123402.47
VLE1401,2015,VERDE,off road,vw,154371.56
LWN1665,2019,VERDE,standart,vw,118180.87
SEQ0673,2023,BRANCO,off road,gm,177890.23
ZAW5698,1999,PRETO,luxo,gm,211789.24
DYU7188,2002,AMARELO,luxo,ford,177883.66
PAO4237,2007,AZUL,standart,gm,117139.86
JOF5884,1997,LARANJA,standart,vw,88149.63
DCH6212,1994,BRANCO,off road,gwm,155680.13
DUC5045,1993,BRANCO,luxo,ford,136416.56
VUB7533,2006,BRANCO,off road,gwm,161365.30
EJI8370,1994,AZUL,off road,vw,156481.83
JYH0021,1997,BRANCO,off road,ford,106867.60
PGJ0875,2014,VERMELHO,luxo,gwm,211313.26
EPP0801,2014,LARANJA,luxo,cherry,145351.25
WFP6279,2019,AMARELO,standart,cherry,83715.14
IYY8645,2018,VERMELHO,off road,gm,128046.35
FRP3988,1998,BRANCO,standart,ford,143089.30
NVF0668,2013,AMARELO,standart,gm,141131.62
BYQ4788,2009,LARANJA,off road,gwm,207438.38
WQK6903,2002,AMARELO,off road,cherry,155828.28
UBC0899,2021,LARANJA,standart,ford,130411.68
XJV6642,1991,AZUL,off road,gm,150677.64
IGU8323,1990,PRETO,standart,ford,72420.03
CRE6144,2008,BRANCO,off road,gwm,197792.02
ZCX0297,2003,AZUL,off road,vw,170267.24
YXQ8727,2009,VERMELHO,luxo,vw,180307.36
BTS5650,2018,BRANCO,standart,gm,104159.29
BUZ1270,1999,LARANJA,luxo,cherry,146138.04
CWS9966,2012,VERDE,standart,gm,137927.36
YZI1443,2007,BRANCO,luxo,gwm,211927.75
OGP0829,2015,VERMELHO,off road,ford,136699.96
XGZ4723,1999,BRANCO,off road,cherry,200535.47
LOT6279,2005,AZUL,off road,vw,187982.56
KHA4034,2019,VERDE,off road,gwm,142442.54
HWW0230,2000,PRETO,standart,cherry,94594.57
OKF8801,2011,BRANCO,standart,gm,146615.35
TUF0110,2009,VERDE,off road,gwm,188968.76
HSD4525,2016,VERDE,luxo,fiat,123208.62
FFC3582,2001,PRETO,off road,gm,193318.66
URG4637,1992,PRETO,standart,fiat,78638.46
HXE4896,2000,VERDE,standart,fiat,94979.89
VYZ4868,2024,AZUL,standart,ford,123488.90
DJZ7674,2020,BRANCO,luxo,gm,190988.53
LJJ3557,2016,VERDE,off road,gwm,113698.11
BHL3015,2010,AZUL,luxo,fiat,204751.34
FAN3318,2022,AMARELO,standart,gm,93534.33
TJJ4464,2010,LARANJA,off road,gwm,110273.05
OQO2956,2024,BRANCO,standart,ford,114007.78
CPC7318,2008,PRETO,off road,gm,169439.37
WBD1653,2023,PRETO,luxo,vw,195500.52
AUD7769,2019,VERMELHO,standart,vw,78058.47
QZG6995,1998,VERMELHO,standart,cherry,80043.29
ONY8283,2018,VERDE,luxo,gm,250209.34
PVU9316,1992,AMARELO,luxo,gm,153458.61
SIS5263,2021,LARANJA,luxo,gwm,154491.54
UKB4543,2015,VERDE,off road,fiat,151101.79
TSU4011,1995,AMARELO,luxo,vw,185708.07
UNZ1098,2006,LARANJA,standart,gwm,78519.18
WLN1855,1994,AMARELO,standart,ford,113917.75
RHU4519,1994,PRETO,luxo,ford,124312.71
IGA8428,2023,AZUL,off road,vw,169730.01
ZDT7678,2008,VERDE,off road,vw,129792.50
DKO9637,2020,VERMELHO,luxo,gwm,128843.05
IFP0485,2022,VERMELHO,luxo,gwm,129142.11
JJK1828,2004,VERMELHO,luxo,gm,205297.18
KJQ0874,2009,AMARELO,standart,gm,93154.29
TOY9668,2024,AMARELO,standart,ford,146741.47
VZU4498,1991,LARANJA,standart,fiat,112121.75
NNS6876,2024,PRETO,standart,cherry,87285.76
PQL0954,1994,VERMELHO,off road,ford,186489.53
EYD2988,2007,AZUL,off road,gm,179972.76
UNL7851,2002,PRETO,off road,gwm,184110.28
WRB9777,1992,AZUL,standart,gm,114792.43
CUO5212,2007,VERDE,standart,cherry,104216.39
IPR9779,2022,BRANCO,standart,gm,125701.04
KCK3248,2011,PRETO,standart,ford,124583.11
MEL2527,1999,LARANJA,off road,vw,98999.87
YOG1039,1995,PRETO,luxo,gm,171844.92
CLH6271,1995,AZUL,standart,gwm,76167.73
SCU3425,2022,BRANCO,standart,cherry,120361.52
WBW8598,1999,BRANCO,luxo,cherry,121613.16
QPN8406,2023,PRETO,standart,cherry,86365.32
UYP4744,2016,PRETO,off road,vw,111987.32
AXI6257,2002,AZUL,off road,gwm,151661.19
YCW0615,1991,LARANJA,standart,ford,86557.32
LGW6371,2003,AZUL,standart,fiat,149991.40
MDE9384,2015,VERMELHO,off road,gm,120376.53
DHN7093,2011,AZUL,luxo,fiat,249706.66
TMK1589,2019,VERDE,luxo,gwm,212060.23
QOW5870,2008,LARANJA,off road,ford,116736.20
TRD9501,2020,AZUL,standart,gwm,141756.70
BDT4627,2001,LARANJA,luxo,gwm,159441.09
UEP4437,2007,VERMELHO,luxo,gm,247642.45
QJG8541,2011,AMARELO,standart,gwm,90788.38
EKT4611,2005,AZUL,off road,ford,167279.53
JLR4901,2022,PRETO,standart,fiat,89484.19
MWA2560,2011,BRANCO,standart,vw,104073.70
IBS8587,1995,VERMELHO,off road,fiat,178338.93
JUZ5163,2022,PRETO,off road,gwm,167431.69
DJA2469,2003,VERDE,luxo,ford,173573.34
DDG6686,1991,VERDE,standart,cherry,108426.72
RSO3251,2006,AZUL,standart,gm,142790.79
WVK1352,2020,AZUL,luxo,gwm,181609.38
VXA7280,2019,VERMELHO,standart,fiat,143269.97
SAE1962,2008,VERMELHO,luxo,vw,251086.77
BGG6324,2017,LARANJA,standart,gwm,140282.77
RPR9374,1990,VERMELHO,off road,cherry,207104.90
SND8772,1990,AZUL,luxo,vw,181568.36
RVE4050,2005,BRANCO,standart,ford,136229.04
DIS1868,2003,VERDE,off road,vw,106620.17
QLA6771,1998,VERDE,luxo,ford,165587.19
IWQ2628,2018,LARANJA,luxo,gwm,217129.19
YUW9942,2023,AZUL,standart,fiat,145336.71
WDF8910,2005,AMARELO,standart,vw,100310.07
LQP7312,1996,LARANJA,standart,cherry,117612.31
HOS2241,2010,VERDE,luxo,ford,181738.02
NIJ0389,1997,AMARELO,standart,cherry,111203.12
GCR7502,2024,AMARELO,off road,gwm,165554.10
OQA3903,1999,VERDE,luxo,fiat,240984.55
WHH9936,2006,AZUL,standart,fiat,117138.17
YJV0837,2016,PRETO,luxo,vw,190636.72
EAG7250,1993,VERMELHO,off road,ford,190994.21
VMQ7980,1990,VERMELHO,luxo,gm,158060.90
XGX9848,2023,LARANJA,off road,gm,166821.54
XQU5466,2019,BRANCO,standart,gwm,94328.68
EAA9904,2019,VERMELHO,luxo,fiat,232549.76
IUH1781,2016,AZUL,luxo,vw,136284.45
TIN0451,2000,LARANJA,luxo,vw,155866.56
YAI0763,2023,PRETO,standart,gm,93670.18
OLM7316,2000,PRETO,off road,gm,102756.92
CCE9931,1999,AMARELO,standart,vw,100778.42
LVH6730,1991,VERDE,luxo,vw,131525.56
LYH4722,2020,VERMELHO,standart,fiat,72354.56
OYV2488,2012,VERMELHO,luxo,cherry,191397.91
AAB1793,2012,BRANCO,luxo,gm,124482.58
CLX2250,2019,PRETO,off road,vw,121657.08
UJR2730,1993,VERDE,luxo,fiat,241955.37
ZUA8491,2016,VERDE,luxo,gwm,221693.38
LRG2074,2016,AZUL,luxo,fiat,163577.42
RXM5395,1993,AMARELO,off road,gwm,177109.61
QBX6224,2004,VERDE,off road,gm,201318.81
BEW5581,1992,PRETO,standart,gwm,134675.58
CLX2156,2017,PRETO,luxo,fiat,152436.19
NCA1317,2023,AZUL,off road,fiat,139136.13
LIA4404,2019,VERDE,off road,gm,175699.59
VBX4975,2000,VERDE,off road,fiat,134320.14
QSJ9041,2015,AZUL,standart,gwm,131455.89
PUG7347,2025,BRANCO,off road,vw,195278.63
TIY0999,1999,VERMELHO,luxo,gwm,126395.43
WFA9141,1990,VERDE,off road,cherry,126989.13
QNR3730,2022,AMARELO,luxo,gm,181637.23
TIM6562,2016,AMARELO,standart,cherry,146596.87
JDO6925,1993,LARANJA,luxo,vw,179844.22
FJX0037,1998,AMARELO,off road,cherry,114565.94
POH6844,1990,AZUL,off road,gwm,184546.66
QSR5160,2022,AZUL,off road,fiat,146116.37
XJZ2137,1996,PRETO,standart,fiat,131976.86
YAG6535,1997,AZUL,luxo,cherry,213058.33
FGK6541,2001,AZUL,standart,gm,79082.97
ROL2447,1995,AZUL,luxo,gm,167396.15
QVE0629,2020,PRETO,standart,ford,133596.64
TYL8021,1998,VERMELHO,standart,gm,139217.99
UDL4581,2023,AMARELO,off road,gm,203225.28
ZDY6145,2014,LARANJA,standart,ford,89870.97
UZS1529,1996,BRANCO,off road,ford,128891.47
VUU2425,1999,AZUL,off road,gm,111208.84
TLR6263,2022,VERDE,standart,fiat,109283.47
CEM4843,2020,VERDE,luxo,gm,201788.73
WOA3217,2015,VERDE,luxo,fiat,123038.21
MBZ0147,1992,VERDE,standart,gm,119270.06
UCS7030,1994,BRANCO,luxo,ford,186225.95
UDU7612,2019,LARANJA,luxo,fiat,198753.32
KAI7785,2023,PRETO,off road,gwm,172049.52
BZZ1010,1998,AZUL,standart,gwm,143064.98
BNJ3066,2014,AMARELO,off road,fiat,110687.76
QRO6404,1999,AMARELO,luxo,cherry,159035.52
UJU5570,1992,PRETO,luxo,ford,164738.11
WVS5704,2017,PRETO,off road,ford,198065.61
CZH4923,2003,VERDE,off road,cherry,174505.63
KTM8439,1996,AZUL,standart,gwm,124088.33
SCF7916,1999,VERDE,luxo,cherry,138971.95
EXG3145,2014,LARANJA,off road,fiat,132682.81
TFM1059,2024,AMARELO,off road,cherry,129835.38
TGI6346,2018,PRETO,luxo,ford,214071.15
ZPI8811,2015,BRANCO,luxo,vw,212239.18
AMM7993,1990,VERDE,standart,cherry,132295.10
SOM9405,2016,AZUL,luxo,gm,122681.94
QUW6898,2023,VERDE,standart,ford,74816.61
BDQ6260,2013,AZUL,standart,gm,92019.63
APL2035,1992,LARANJA,standart,gwm,120283.11
GKH8777,1997,AZUL,off road,cherry,98687.67
LSE1657,2005,BRANCO,luxo,ford,191351.01
SPF1407,2021,AZUL,luxo,gwm,241280.12
CHW3982,2018,BRANCO,standart,fiat,117012.84
MRD2024,2005,PRETO,off road,cherry,126771.87
KTI0442,1993,BRANCO,standart,gm,114029.47
USA1412,2010,VERMELHO,standart,vw,91550.26
NSF3527,1996,VERDE,off road,vw,200524.86
XCI4698,1999,LARANJA,standart,ford,125985.38
BHE5650,2008,AMARELO,off road,gwm,171005.33
QPY3599,2005,AZUL,luxo,gm,205805.55
BFL3580,1991,VERDE,off road,fiat,122618.15
BEX3284,2018,BRANCO,off road,vw,209115.30
WVE6543,2016,BRANCO,standart,vw,142174.62
QSS0110,2006,VERMELHO,standart,gm,142585.58
GGW6972,1990,AMARELO,luxo,ford,239407.49
HRH8830,2013,BRANCO,luxo,gm,176465.42
AJU2690,2019,AZUL,off road,cherry,157053.18
ERX1695,1990,PRETO,standart,cherry,95689.39
PDG0809,2012,VERDE,off road,cherry,181020.28
ODA6334,2003,BRANCO,off road,gwm,152047.65
LJZ2782,2011,LARANJA,luxo,cherry,194421.78
FUZ5252,2002,VERMELHO,standart,vw,113618.22
PVN8968,2020,AMARELO,luxo,gm,165277.67
LUG7264,2020,LARANJA,standart,cherry,111964.02
RXI4824,1996,VERMELHO,luxo,gwm,174013.25
EHU8353,2002,AMARELO,luxo,cherry,149098.23
GZM8526,2011,AZUL,off road,ford,208703.58
KJJ8064,2022,BRANCO,luxo,ford,252018.51
VCA2774,2021,AZUL,standart,gm,72485.93
IWK3290,2007,VERDE,standart,cherry,83445.10
NPP7922,2025,VERMELHO,luxo,ford,182607.43
SCE0811,2000,PRETO,standart,cherry,144865.78
GIE2306,2018,AMARELO,standart,gwm,102349.09
OAC4295,1999,PRETO,off road,vw,126322.76
OEG6047,2004,AZUL,standart,fiat,88169.92
NAF9651,1994,BRANCO,standart,vw,113406.03
NGG2550,1991,PRETO,off road,fiat,193280.51
OQU2690,2024,AZUL,luxo,gwm,200173.08
CHL4368,2014,BRANCO,standart,vw,124512.37
DUS5210,1990,LARANJA,standart,cherry,111952.54
MLQ1391,2003,LARANJA,off road,vw,100387.81
UCC4004,2024,VERDE,off road,vw,119809.44
ZEV4132,2011,VERDE,off road,gm,115053.03
XVV8659,2024,LARANJA,off road,ford,140500.55
TFK2700,2018,AMARELO,off road,vw,103167.71
AUY7021,1995,LARANJA,standart,gwm,88516.37
LOW4921,1996,VERMELHO,luxo,vw,243308.68
LSR8022,2023,BRANCO,standart,vw,87422.27
IQH1725,1995,AZUL,luxo,cherry,220668.62
NYL5227,2024,PRETO,luxo,ford,167795.16
RMG0371,2000,BRANCO,off road,cherry,183496.97
MOW0427,2025,AMARELO,off road,ford,208249.87
VMT4070,1997,BRANCO,off road,ford,169297.52
PMD6064,2011,AMARELO,luxo,fiat,249230.87
DBW2292,2015,VERDE,standart,gwm,111746.52
QVE2203,1995,VERMELHO,standart,gwm,136287.09
LHP6764,2013,AZUL,off road,gm,186975.30
TOB3022,1997,VERDE,standart,ford,146463.76
TMV4770,2022,AZUL,off road,ford,198920.43
WMT9731,2005,LARANJA,off road,gwm,175472.83
BID3876,2022,PRETO,luxo,vw,207872.16
NFO4891,2021,LARANJA,luxo,fiat,132225.15
OKD8102,2000,PRETO,luxo,fiat,147781.89
TZJ7874,2002,AMARELO,standart,fiat,132098.55
RSL8280,2020,VERDE,off road,fiat,113002.08
IIE1071,2025,VERMELHO,off road,cherry,172200.28
MCZ9608,2023,BRANCO,luxo,cherry,184237.92
GDS6072,2009,PRETO,standart,vw,104531.00
VON1843,2001,VERMELHO,luxo,cherry,195997.54
UVS8866,2015,VERMELHO,standart,gwm,112502.12
HDF5590,2018,PRETO,luxo,gm,207441.12
IDB6007,2013,VERMELHO,luxo,gwm,138805.85
SIQ3314,2018,LARANJA,standart,gwm,96662.26
XSJ2689,2000,VERMELHO,standart,cherry,81542.00
JYC1388,2024,VERDE,off road,gm,176514.65
CEP7940,2017,AMARELO,standart,vw,131078.86
YNF8851,2018,BRANCO,luxo,gwm,146957.83
FXW0920,1991,AZUL,standart,gwm,99837.62
IVF4411,2024,BRANCO,luxo,ford,209680.86
AOG8180,2012,BRANCO,standart,fiat,131971.93
MEZ2663,1998,VERDE,off road,gm,199298.91
QHF1478,1994,LARANJA,standart,cherry,112960.26
ZIH0916,1994,PRETO,luxo,ford,225712.61
PHZ5968,2002,VERDE,off road,ford,154279.64
IBX8433,1999,AMARELO,luxo,cherry,191537.15
JJI7086,1992,AZUL,off road,gwm,190031.54
QNO0907,2016,PRETO,standart,fiat,86543.84
DTI4291,2016,VERMELHO,off road,fiat,132891.35
ELA0022,2006,PRETO,off road,gwm,113939.85
BIM1426,2021,AZUL,luxo,fiat,138337.44
IIM2102,2022,AMARELO,standart,ford,149979.78
TXW8392,2012,PRETO,standart,vw,110470.19
AFY1916,2003,LARANJA,luxo,fiat,235174.06
ZGZ0519,1993,VERDE,standart,cherry,76040.35
QDA9773,2004,PRETO,standart,gwm,106052.29
ESF7870,2006,VERMELHO,luxo,cherry,177994.21
ECC3901,2025,AZUL,off road,gwm,173396.78
KWO5510,2000,VERDE,luxo,vw,233121.82
OES9786,2011,VERDE,standart,cherry,72691.31
OAV7814,2020,BRANCO,off road,cherry,146699.08
RHZ5603,2023,VERDE,luxo,gwm,162391.29
BMZ7062,2022,LARANJA,luxo,gwm,177659.35
TLJ9480,2012,VERMELHO,off road,ford,182431.68
DHN9170,2025,LARANJA,off road,vw,173028.47
EGX4875,2009,AMARELO,standart,vw,84951.99
AXW7012,2008,BRANCO,standart,fiat,147451.80
ZWT0197,2007,LARANJA,luxo,ford,252588.89
BNK8181,2005,AMARELO,standart,fiat,114701.41
UUU6372,1991,LARANJA,off road,vw,189461.07
SFH4413,1993,LARANJA,luxo,cherry,248488.84
UFG0273,2001,AZUL,luxo,cherry,162671.38
EJJ8182,1999,AZUL,off road,gwm,155717.64
LDV9295,2000,LARANJA,luxo,cherry,129198.54
OQJ1857,2014,VERMELHO,standart,gm,125093.85
GXD0653,2018,VERMELHO,off road,vw,153739.38
SYZ6447,2022,VERMELHO,off road,fiat,200870.36
FPW9454,1992,PRETO,off road,gm,165347.45
ULD4511,2022,VERMELHO,standart,gwm,96364.70
HAO0575,2018,AMARELO,off road,vw,184650.27
IPI7032,2024,LARANJA,luxo,fiat,225644.54
QDS8678,1991,AZUL,off road,cherry,204122.12
STX7853,2025,LARANJA,luxo,cherry,128004.23
ORU6507,2012,AMARELO,off road,ford,196299.51
NKE8702,1997,VERMELHO,off road,cherry,144379.72
YLV8463,1999,LARANJA,off road,cherry,126537.88
INE1806,1992,VERDE,standart,gwm,135689.57
AWW3369,1998,AMARELO,standart,gwm,71608.60
YWP9216,2012,PRETO,standart,cherry,101014.81
GKY2896,2009,AZUL,off road,fiat,126149.48
EEK9243,2008,VERMELHO,luxo,vw,172308.97
UJW4819,2022,VERMELHO,off road,cherry,112889.41
FFQ1533,2012,VERMELHO,luxo,vw,205330.95
IDJ5029,2016,LARANJA,luxo,gwm,231746.60
GWA6413,2018,VERMELHO,standart,ford,101262.22
QPC1285,2015,BRANCO,standart,ford,77276.36
PXH1689,1993,BRANCO,luxo,gwm,252516.11
PDU1963,2008,BRANCO,off road,gwm,149781.99
UTW6143,1993,VERMELHO,off road,gm,152794.46
MCJ6381,2000,PRETO,standart,gm,95323.21
LMA6823,2024,VERDE,luxo,vw,186492.14
UTF4528,2019,VERMELHO,luxo,gm,155498.63
ONO9214,1999,AZUL,standart,vw,104554.76
YYK3546,2003,BRANCO,standart,ford,137759.36
MSS2494,1993,AZUL,off road,gm,117442.78
EDI5429,2011,VERMELHO,luxo,vw,197126.82
FVZ2474,2022,VERDE,luxo,gwm,120373.52
WVT6431,2023,AMARELO,off road,fiat,170930.51
XXK9494,2012,VERMELHO,off road,cherry,98305.95
XRK6941,1993,LARANJA,luxo,ford,181378.41
YQM5956,1996,VERDE,luxo,fiat,214420.11
IWJ1791,1990,AMARELO,standart,gm,127732.79
JQP8218,1991,LARANJA,standart,vw,88429.91
XBJ8717,1999,BRANCO,standart,gm,138638.00
RNW4079,2023,BRANCO,luxo,fiat,251848.99
LPS4800,1991,PRETO,luxo,cherry,151530.19
DRD4021,2005,BRANCO,off road,ford,176337.51
IYJ2251,1999,PRETO,off road,vw,154051.35
ZKZ7729,2021,AZUL,off road,vw,136621.20
YDA1641,2021,LARANJA,luxo,fiat,242429.95
FXA0534,2002,BRANCO,luxo,gwm,184280.33
BXA5457,1997,PRETO,off road,ford,110299.32
FCV2304,2016,PRETO,luxo,cherry,128720.83
SJR3077,2006,LARANJA,luxo,vw,172137.11
MMA2542,2004,PRETO,off road,ford,168837.68
OZY2985,1997,VERMELHO,off road,cherry,104106.16
AAX9271,2007,AZUL,luxo,cherry,137761.63
CCD7791,2012,VERMELHO,standart,vw,121788.54
OEL4718,2023,VERMELHO,off road,cherry,192790.67
JBY4160,2014,AMARELO,standart,vw,139485.33
SON2913,1990,VERDE,luxo,fiat,177175.38
JOA6886,1990,VERMELHO,off road,gm,193727.45
RRQ2475,2005,PRETO,luxo,gwm,238959.30
YUO1349,1999,VERMELHO,luxo,gwm,235552.05
RWA7706,2014,AZUL,luxo,ford,163893.25
UQX0488,1992,PRETO,off road,vw,158361.67
XZG1723,2002,VERDE,off road,ford,121497.48
NNW1049,2017,VERMELHO,off road,fiat,133476.86
AEI2851,1998,VERDE,luxo,fiat,245362.99
GRY0793,2010,BRANCO,luxo,gm,185437.48
WML9111,2004,VERMELHO,off road,ford,208405.15
ZHI7422,2018,PRETO,luxo,fiat,221274.81
MXA5356,1995,VERDE,off road,ford,177671.17
HVX5707,2016,AMARELO,luxo,fiat,121107.27
QOH5577,1992,LARANJA,luxo,ford,191733.45
VCY8393,2015,BRANCO,standart,ford,137450.83
ZGO4920,2012,AMARELO,standart,vw,91355.06
MIX3876,2021,LARANJA,luxo,gwm,139497.73
AUL5485,2011,VERDE,off road,gm,189637.93
DUG2946,2023,AZUL,luxo,gwm,233144.07
DNT2702,2002,AMARELO,standart,cherry,132941.45
XFL1421,1990,AMARELO,luxo,gwm,174773.37
QOZ5730,1994,PRETO,standart,gwm,146453.83
HRJ6336,2013,PRETO,luxo,vw,185308.86
SNG2693,2005,AZUL,standart,fiat,90996.00
LQQ7327,1999,AZUL,luxo,gwm,234970.01
QJC1543,2010,LARANJA,luxo,fiat,220094.40
LTW1839,2009,AMARELO,off road,gm,163460.58
KPP7781,2016,AMARELO,off road,vw,118727.74
JXX8693,2015,VERMELHO,luxo,gwm,155094.62
HAJ9136,2019,VERDE,standart,ford,90970.02
LEB5036,1999,VERDE,luxo,vw,219805.81
XYU2938,2000,PRETO,off road,fiat,121176.12
LBN9071,2014,PRETO,off road,cherry,148845.34
IAJ5792,2008,LARANJA,standart,fiat,78489.36
VNI7445,1994,AMARELO,standart,fiat,149186.11
WAO4609,2025,BRANCO,standart,cherry,124471.84
JUE1675,1998,AZUL,off road,ford,187413.35
QWK9629,1993,VERMELHO,off road,cherry,151307.99
NCY8571,2022,PRETO,off road,gwm,145566.88
MKF9994,2008,VERMELHO,luxo,cherry,149378.53
XRF0763,2010,PRETO,luxo,gwm,178325.57
VBM9617,1996,LARANJA,off road,fiat,140505.93
ZQD3793,1998,VERDE,luxo,gm,142528.13
JQC4054,2022,PRETO,standart,ford,106767.50
TNV1779,2000,AZUL,luxo,gwm,211489.99
XZF2261,2008,PRETO,off road,gwm,149550.65
GBU9388,2015,AZUL,off road,gm,167080.49
BZH7273,1995,VERDE,luxo,ford,241941.99
YIT0057,2015,LARANJA,off road,vw,158673.16
LHD1862,1992,VERDE,off road,ford,157777.54
JZY6627,2002,BRANCO,luxo,gwm,248387.89
JTX1687,2000,AZUL,off road,gwm,154375.29
CKJ3589,2025,AMARELO,luxo,gwm,192633.69
PRS3746,2016,AMARELO,off road,gm,182286.38
SCC1021,2013,LARANJA,standart,vw,138511.18
RBB1320,2018,LARANJA,off road,ford,179454.46
DKE7217,2002,PRETO,standart,gwm,94866.74
PTA1338,1994,AZUL,standart,fiat,105490.99
BXK4920,1993,AZUL,off road,gm,129341.86
CBS9605,2014,AZUL,standart,vw,88215.01
TJQ2408,2015,LARANJA,standart,fiat,139099.40
ZHI5678,2010,LARANJA,standart,ford,75057.56
OFA6990,1997,VERDE,off road,fiat,108130.71
PYC4650,2003,AZUL,luxo,gm,120171.04
ZEH8216,2008,BRANCO,luxo,vw,228321.22
KGQ1141,1995,VERDE,standart,gm,102091.38
OJH5999,2001,PRETO,luxo,gwm,205964.00
QJA4019,2009,LARANJA,standart,fiat,129770.06
KGC2833,2005,AZUL,standart,fiat,83246.83
ATV8212,2023,AMARELO,luxo,fiat,136789.16
HBN8123,2000,PRETO,off road,gm,108127.43
ENL1633,1997,LARANJA,luxo,ford,171802.92
JDG3077,2012,AZUL,standart,fiat,73391.46
RNW5108,2010,VERDE,luxo,gwm,125617.71
QVW4934,1990,VERMELHO,off road,cherry,179180.50
QPA9284,1991,VERDE,standart,gwm,101918.96
MAC4567,2024,PRETO,luxo,ford,206751.10
QNV2559,2007,VERMELHO,off road,gwm,196041.75
ULD5349,2022,VERDE,off road,vw,132711.47
EYC2897,2002,AMARELO,luxo,gm,134050.35
OYF4622,2016,BRANCO,off road,fiat,205040.17
NFL8561,1992,PRETO,standart,gm,94019.75
PCA0429,1993,PRETO,luxo,ford,122788.43
BUG3755,2010,VERDE,standart,fiat,102337.15
ZMH0305,2025,BRANCO,luxo,cherry,212732.93
MXO6408,2021,BRANCO,standart,cherry,73317.98
VFD1065,2016,VERMELHO,standart,fiat,102505.18
HWP6234,2017,LARANJA,standart,gm,117922.63
ZVG5371,1991,BRANCO,off road,gwm,195049.98
WQH9029,1990,BRANCO,off road,fiat,105474.74
FYT0642,2025,VERDE,standart,gm,83219.80
HTA3625,2024,VERDE,standart,cherry,133529.85
OIF2918,2025,AMARELO,standart,vw,142565.77
LXQ4219,2004,VERDE,off road,cherry,184470.05
EKQ7014,2022,VERMELHO,luxo,gwm,241235.89
NSR9297,2014,LARANJA,standart,fiat,76319.09
JLA9457,2019,LARANJA,luxo,gm,228077.53
THR8364,1992,LARANJA,luxo,gm,234777.63
XIT6515,2012,AMARELO,standart,gwm,73824.26
UJD4657,1994,BRANCO,standart,gm,148559.06
WOW4827,1990,AZUL,off road,vw,165469.48
ZOA1953,2024,BRANCO,standart,gwm,134380.33
MWB1034,1992,BRANCO,off road,cherry,174796.41
LJR8471,1996,LARANJA,standart,gm,90424.41
AMA2087,2012,AMARELO,luxo,gm,141470.55
FUE4416,1998,VERMELHO,standart,fiat,112547.53
TMQ2590,1994,PRETO,off road,cherry,124759.12
UOF0726,1999,VERMELHO,standart,vw,118670.02
SJS4152,2015,PRETO,standart,gwm,137235.64
YBH1909,2000,VERMELHO,off road,fiat,123983.54
JRG8516,2009,AZUL,standart,vw,101485.34
YDP3871,2017,AMARELO,luxo,gwm,159197.53
XOC6867,2018,BRANCO,off road,vw,159735.12
KCV7548,2002,BRANCO,off road,ford,198418.62
YHB8098,1991,VERDE,standart,fiat,78001.87
WYN3610,2025,AMARELO,off road,gm,158381.28
PBL0450,2019,AZUL,standart,vw,111781.82
ZQG6227,2005,VERDE,luxo,gwm,121209.39
TSX8434,2014,VERMELHO,standart,vw,132474.94
REZ8444,2023,AMARELO,off road,vw,167966.74
ELB7101,2014,VERMELHO,off road,cherry,181361.55
IQO8202,2020,BRANCO,standart,fiat,129952.81
NBI3086,2000,AZUL,off road,cherry,161904.54
WWJ2895,1999,PRETO,luxo,fiat,138700.44
HWF1056,2016,AZUL,luxo,gm,136115.56
HLJ6532,2013,LARANJA,luxo,vw,214455.05
WZS7012,1990,LARANJA,luxo,gwm,209982.45
UXE1855,2010,VERDE,standart,gm,92738.63
CWB0762,2004,PRETO,luxo,gm,143563.10
APT3556,1995,AMARELO,off road,gwm,170919.18
DKZ3121,2002,LARANJA,luxo,ford,211526.19
BII2377,2003,VERMELHO,luxo,vw,151779.51
CAT7258,1993,AZUL,standart,cherry,71921.04
WGB9314,2019,VERDE,off road,cherry,99682.97
QCR7878,2005,BRANCO,off road,fiat,111691.44
PVL9244,2007,LARANJA,off road,gwm,194346.74
GGU2225,2013,VERDE,off road,vw,144082.60
NCQ0502,1997,LARANJA,off road,gm,166657.84
QUZ0103,2013,LARANJA,off road,vw,113849.95
PVQ3514,2001,AMARELO,luxo,gm,162142.96
JYQ7460,2023,PRETO,luxo,gwm,192384.06
WAK3497,2012,LARANJA,luxo,ford,158831.34
ZCM2793,1995,AMARELO,standart,cherry,138131.75
KFC0853,2010,VERDE,luxo,ford,150805.29
YIG4169,2009,LARANJA,standart,gwm,98215.74
XYE7241,2019,VERMELHO,luxo,gm,161165.13
FKO1857,1997,AMARELO,standart,ford,119476.63
JGS6852,2009,AMARELO,off road,gwm,202704.57
NSJ7734,2019,BRANCO,off road,gwm,114552.09
WFH5251,2016,LARANJA,luxo,gm,245986.75
PNL0906,2017,VERDE,standart,fiat,75022.03
YVS3372,1991,BRANCO,off road,fiat,171729.28
UBL2919,2002,VERMELHO,off road,ford,137788.12
WBF1064,2012,VERDE,standart,fiat,120248.01
ISY7949,1995,AMARELO,standart,cherry,111804.83
MWB3113,2015,BRANCO,luxo,gm,176384.92
YLK2231,2009,BRANCO,off road,fiat,152435.04
EKB8346,1996,BRANCO,standart,gwm,94743.24
XNP4088,2010,VERMELHO,standart,fiat,87748.75
CFM1093,1995,AMARELO,luxo,gwm,243597.82
DRV1283,2018,BRANCO,standart,gm,100542.24
RDR9950,1997,VERMELHO,luxo,cherry,202495.84
KRV7305,2000,AMARELO,luxo,ford,177486.48
RTH1837,2013,VERMELHO,standart,gwm,89521.97
SWP9324,2014,VERMELHO,standart,gm,76508.82
WLJ1513,2020,LARANJA,luxo,cherry,231966.44
GTS2849,2017,VERMELHO,standart,cherry,106977.96
LWM2096,1991,PRETO,standart,ford,114892.48
GRA0435,2004,AZUL,off road,cherry,190382.74
GUP9940,1995,PRETO,standart,fiat,81415.98
AQO1123,2004,PRETO,off road,ford,150668.71
UPE1217,2003,LARANJA,luxo,ford,211486.87
DJD4157,1993,BRANCO,off road,vw,205030.42
QAL1978,1998,VERMELHO,standart,vw,78730.53
LEC5844,2021,VERDE,off road,vw,165630.19
FEA4818,2003,VERMELHO,standart,vw,109834.51
ZPW8622,2011,LARANJA,standart,cherry,130131.97
ZUK4247,2006,LARANJA,standart,gm,139604.36
NEM8843,2015,VERDE,luxo,vw,157366.30
CMG7097,2009,VERMELHO,luxo,gm,211778.93
HVR1615,2008,LARANJA,off road,gm,156076.12
DTP4696,2021,VERDE,standart,fiat,102308.03
YOD3648,2022,BRANCO,off road,cherry,98965.99
MQD4044,2007,PRETO,standart,fiat,102323.05
YPN6426,2019,BRANCO,luxo,gm,202022.90
ALP0687,1999,BRANCO,off road,gwm,129945.70
NIB1294,2022,PRETO,off road,cherry,141276.21
JZI0102,2008,VERMELHO,luxo,gm,125589.71
GHB3178,2000,AMARELO,standart,vw,102702.04
HXW1229,2018,LARANJA,luxo,vw,227365.52
COR9042,2018,VERDE,off road,fiat,181344.98
UZM5953,1992,PRETO,luxo,vw,220714.40
SDG1565,2019,VERDE,standart,gwm,124718.14
LWK5928,1998,AMARELO,luxo,ford,245658.82
QED0747,2006,BRANCO,off road,ford,106018.82
RUD8939,2008,BRANCO,luxo,gwm,158022.70
DPX5251,1992,PRETO,standart,gwm,85469.22
PTZ2197,2013,AMARELO,standart,fiat,132995.45
VWL4570,2017,BRANCO,standart,fiat,132274.74
GWN9572,2007,AZUL,standart,vw,102535.62
FXQ8702,2000,BRANCO,standart,cherry,135974.85
BUG5084,2004,AMARELO,off road,gm,110239.90
YYG0161,2002,AZUL,off road,gwm,113768.19
KKG9724,2006,BRANCO,luxo,cherry,227909.06
GPM8850,2013,AZUL,off road,cherry,107561.31
LTT9064,2003,VERMELHO,standart,cherry,89823.29
PYV3045,2015,AZUL,luxo,gm,143266.02
ZKM1734,2024,LARANJA,luxo,gwm,137776.23
IVQ1764,2014,VERMELHO,luxo,cherry,154015.45
WAH8725,2013,AZUL,off road,gwm,168798.07
QXR9390,2020,AZUL,luxo,cherry,134964.18
PEC7529,2018,BRANCO,luxo,gwm,156093.39
QYB7228,2011,LARANJA,luxo,fiat,131258.03
YBP7378,2012,LARANJA,standart,gm,144373.45
JBG4548,2024,AMARELO,standart,fiat,112792.44
IXQ8827,2024,VERMELHO,off road,ford,143866.39
DRS6756,2007,AZUL,standart,gwm,108761.59
FVG4031,1997,VERMELHO,standart,gm,105638.44
CKA3681,2004,AMARELO,standart,ford,130586.78
ODA2806,1993,AMARELO,off road,gwm,140317.81
RGU4217,1992,AZUL,off road,cherry,124903.70
CFF8222,2022,AZUL,standart,ford,147229.15
EUM8482,1994,VERMELHO,luxo,fiat,130748.68
LKS4613,2014,LARANJA,off road,fiat,136030.29
UDX6422,1992,PRETO,luxo,gwm,197583.48
UNU6787,2010,LARANJA,standart,cherry,84497.27
PRV1768,1999,PRETO,standart,cherry,147234.35
CPV4325,2011,VERMELHO,luxo,cherry,146712.47
MKY4270,2003,PRETO,luxo,gm,231762.47
UDB8037,2024,VERDE,standart,ford,74255.75
BDX7697,2000,BRANCO,luxo,gwm,155004.48
VFN3702,2012,AMARELO,standart,cherry,130335.96
DMO4657,2007,AZUL,standart,gm,101538.66
FQL1725,2011,AMARELO,luxo,gm,249603.25
TSH1233,2012,LARANJA,off road,ford,149897.67
JOG1097,2021,AMARELO,luxo,fiat,119993.50
XWF8802,2010,PRETO,off road,ford,188067.19
IMP3667,2007,PRETO,luxo,gwm,155631.15
SBF1405,2000,AZUL,off road,vw,169134.96
BVJ2481,2006,LARANJA,standart,gm,119047.31
YCS2905,2022,VERDE,standart,fiat,109877.19
XKD7013,2017,AMARELO,standart,ford,70921.80
DLQ8940,2009,VERMELHO,off road,gm,188416.03
GSC5252,2019,AZUL,off road,cherry,118821.49
XRB0829,2020,PRETO,luxo,cherry,218040.16
JPO6466,2003,VERDE,off road,vw,176107.06
OXN4102,2005,VERDE,off road,cherry,148737.63
FOS2793,2025,PRETO,luxo,ford,161007.46
DMK0183,1996,AZUL,standart,cherry,136318.49
WQO6008,1997,LARANJA,off road,cherry,201273.64
IUY9798,2006,PRETO,standart,gwm,118183.85
QWF3545,2002,VERDE,off road,gwm,164459.21
QLZ5123,2010,AMARELO,luxo,ford,251072.99
NKW1196,2009,VERDE,luxo,cherry,162096.93
NDR8793,1993,BRANCO,luxo,ford,161257.49
DJD4576,2008,VERMELHO,standart,ford,117509.89
IHE7920,2020,AMARELO,luxo,vw,172321.93
QJU0112,2012,VERDE,luxo,cherry,198846.38
SWR6334,2016,VERMELHO,off road,gm,99328.73
WKG1290,1995,VERMELHO,standart,gm,116283.53
LNI6925,2025,LARANJA,luxo,vw,124466.62
YHK9291,2017,VERMELHO,luxo,fiat,233589.34
MQI8262,2019,VERDE,standart,gm,117712.54
YHR8232,1990,LARANJA,standart,ford,81030.43
RSD4043,2006,AMARELO,luxo,vw,189612.79
QAD5782,2013,BRANCO,off road,cherry,117464.58
UNW2131,2022,VERMELHO,luxo,gm,242689.90
IBL6586,2005,BRANCO,off road,cherry,140074.28
RQP5264,2016,BRANCO,off road,gwm,121596.63
IXV6603,2005,LARANJA,standart,fiat,106422.86
BMF9931,2009,VERMELHO,standart,cherry,129039.62
IBC5700,2001,AZUL,luxo,gm,251067.92
PEU7567,1996,AZUL,standart,gwm,107828.31
NSS8806,2025,AMARELO,off road,gwm,172714.75
RWQ6259,2002,VERMELHO,luxo,fiat,155785.34
LAT6555,2017,PRETO,standart,fiat,128062.15
FCP7906,2014,BRANCO,off road,fiat,194968.56
ZXI6086,2020,BRANCO,off road,ford,167036.61
HGV0678,2014,AZUL,standart,cherry,106374.33
YCE5526,1995,LARANJA,off road,ford,133385.44
WKY0738,2010,PRETO,standart,ford,104868.25
YAT1627,1992,AZUL,standart,gwm,135049.51
SRQ9949,2016,AZUL,standart,vw,122117.30
NZK4591,1996,AZUL,standart,gm,138609.71
LMO8267,1993,AMARELO,luxo,fiat,147111.68
MNG5606,1991,VERMELHO,luxo,cherry,174327.24
KMK2774,1999,BRANCO,luxo,gm,185472.67
RMU6258,2020,PRETO,luxo,vw,195418.49
WXR6426,2017,LARANJA,off road,vw,116998.94
ONB1117,2004,VERDE,standart,ford,112133.71
UQY8095,1992,PRETO,standart,ford,138415.51
CWP4746,1995,LARANJA,standart,cherry,86573.77
ZXI2288,1996,VERMELHO,off road,cherry,125183.77
WXL4102,1998,VERMELHO,luxo,ford,130178.44
NXL8985,2022,BRANCO,standart,fiat,113236.90
YPR7288,2020,AMARELO,standart,gwm,100958.53
QYS4094,2020,AZUL,standart,vw,140102.48
PYN9145,2013,VERMELHO,luxo,gwm,129802.38
FFW7591,2003,VERDE,off road,gwm,112382.33
UDK5950,1997,AMARELO,off road,ford,154523.35
GDX5705,2021,VERMELHO,off road,vw,122815.57
ZIS7969,2002,PRETO,luxo,cherry,225845.91
YXO3486,2017,VERMELHO,off road,ford,140358.45
TFH6829,2008,VERMELHO,luxo,vw,157079.82
JJV6693,2004,VERDE,luxo,ford,125760.81
PZZ8905,2003,VERDE,standart,fiat,120805.32
AMC3525,1994,AZUL,off road,cherry,152926.25
CJY3084,2008,AZUL,standart,gwm,78645.15
VGF7739,2022,AMARELO,off road,gm,199947.32
CPJ8256,2023,BRANCO,standart,gwm,118747.35
HVU4932,2018,VERMELHO,luxo,gwm,166233.72
IHU7010,2021,AZUL,luxo,gm,250567.38
HBN1749,2011,BRANCO,standart,vw,98085.45
QMN6342,2002,VERMELHO,off road,gwm,204151.36
RUA5974,2009,VERMELHO,off road,fiat,102467.20
AQT4841,2003,LARANJA,off road,vw,177712.44
CXN9950,1995,VERMELHO,standart,fiat,100900.90
NQM5086,1991,VERDE,off road,gwm,148024.14
SXK1784,1994,LARANJA,luxo,gm,220932.88
ULE8555,2003,VERMELHO,off road,gm,153849.25
LSQ0820,2023,AZUL,luxo,ford,226916.59
HNH8908,1992,BRANCO,standart,ford,93249.06
YVA7562,2016,AZUL,luxo,gm,164939.79
XZA7317,2004,AZUL,off road,gm,188650.69
VXM5271,2016,AMARELO,off road,gm,125968.89
DDL5351,2021,PRETO,luxo,ford,163296.91
GSD4554,2004,PRETO,standart,fiat,135282.56
OEC5912,2003,VERMELHO,standart,fiat,149515.50
BFZ1465,2023,LARANJA,standart,fiat,131721.18
RTE2773,2024,VERMELHO,off road,vw,202158.00
FUV7150,2008,VERDE,standart,vw,87109.14
BVJ1349,2007,PRETO,off road,vw,158506.67
NNN9678,2015,AMARELO,off road,ford,144616.70
WFJ2723,2025,LARANJA,off road,gwm,116646.07
ONZ4984,2021,VERDE,standart,vw,89755.57
FLL0894,1992,AMARELO,standart,fiat,94665.94
QMU0555,2022,AZUL,off road,fiat,178635.72
OTO5276,2015,VERDE,off road,gwm,177834.93
FAC4609,2002,VERDE,standart,ford,117552.65
ODI9753,2011,AZUL,standart,gm,133759.91
BBW3336,2023,VERDE,luxo,vw,241505.78
FRN5311,1990,AZUL,off road,cherry,115037.41
MKH4192,1994,LARANJA,standart,ford,113146.96
JRJ5374,2020,VERDE,luxo,vw,134776.12
CJU6528,2016,VERDE,off road,cherry,147051.55
QDV8267,2018,AZUL,luxo,cherry,198245.63
JWT4562,2014,AMARELO,standart,cherry,85925.60
WXT7269,2019,VERDE,off road,fiat,179190.44
HBQ1725,2001,BRANCO,standart,ford,90237.13
UUQ1667,1990,PRETO,luxo,gwm,140277.96
NIB7857,1996,VERDE,luxo,fiat,197481.63
VCU9659,1992,AMARELO,standart,fiat,83502.59
XQF2318,2023,BRANCO,standart,vw,99021.85
YUG1884,2014,VERMELHO,standart,gm,77314.74
BHB2206,2012,BRANCO,off road,ford,120871.74
YFW1884,2022,BRANCO,luxo,vw,253725.86
YVE3779,2006,AMARELO,off road,gwm,159976.16
HTZ6780,2018,VERDE,standart,vw,143504.27
VCR8762,2002,AZUL,off road,fiat,120927.15
GCT8663,2010,AZUL,luxo,gwm,218629.23
OAN0140,2023,AMARELO,standart,fiat,96310.12
AYN2475,2009,BRANCO,off road,ford,122921.21
FXE2966,2005,PRETO,luxo,ford,148996.01
QCL1199,2020,AZUL,luxo,cherry,180170.81
VBZ2879,2022,VERDE,luxo,vw,136885.00
UQD1779,2011,VERDE,standart,vw,142604.13
WHM5656,2021,LARANJA,off road,vw,182927.59
UTL0662,2021,LARANJA,luxo,gm,180985.83
IBW6145,2013,AZUL,luxo,ford,200239.47
KGD1681,2010,PRETO,luxo,vw,131601.41
ZEX6983,2021,AZUL,luxo,gm,143856.88
BOP4625,2007,VERDE,luxo,ford,131545.80
API8634,1990,AZUL,off road,gwm,144539.74
VES5954,1990,PRETO,standart,fiat,75115.81
IAV7755,2014,AZUL,off road,ford,184866.49
YOO6488,2000,VERMELHO,luxo,ford,142615.11
VOE0787,2008,LARANJA,luxo,fiat,144940.91
BFJ6697,2013,VERDE,off road,ford,136995.06
LVC5935,2006,VERMELHO,standart,ford,149888.07
OCR7429,2019,VERMELHO,off road,gm,142119.93
RMJ6265,2006,VERDE,luxo,ford,197003.68
IHD2197,1995,AZUL,off road,cherry,195157.10
GEP6720,2001,VERMELHO,standart,cherry,98691.22
NRK4450,2021,AMARELO,luxo,vw,173703.37
KLP9208,1997,AMARELO,standart,cherry,135486.95
ARG1229,2002,VERMELHO,luxo,gm,162823.15
KQS0173,1991,PRETO,luxo,gm,126518.87
SGO4093,2024,VERDE,standart,gwm,106322.19
LTM0546,2014,BRANCO,standart,gm,138566.18
FYN9910,1990,AMARELO,standart,gm,103138.24
DVT8903,2011,BRANCO,off road,gwm,200018.86
CNY0085,1990,BRANCO,standart,gwm,112094.38
GTN6600,2006,PRETO,standart,cherry,144295.76
FKO7481,1998,VERDE,luxo,gwm,155676.18
TUR5729,2013,LARANJA,standart,gm,144467.12
DAL7772,1999,VERDE,standart,gwm,113734.11
JPG2125,2000,BRANCO,off road,fiat,188326.25
IOJ4815,2004,VERDE,luxo,gwm,180159.71
UHI7182,2020,VERDE,standart,fiat,87758.14
HJF2196,2002,VERMELHO,luxo,gwm,246017.51
WQI1959,1997,AMARELO,standart,gwm,123553.36
GJJ6742,2024,VERDE,luxo,fiat,152410.34
PKS6295,1996,LARANJA,luxo,ford,242472.96
MRA1348,2000,VERDE,luxo,vw,250353.32
DZQ6735,1995,BRANCO,off road,ford,179629.85
UIM4923,1998,LARANJA,luxo,vw,193445.26
UWT4979,2005,AMARELO,standart,gm,79810.85
WGE8946,2021,LARANJA,standart,ford,118368.06
NBZ5150,2025,BRANCO,standart,gwm,133838.46
DCD8848,2011,AMARELO,luxo,ford,179458.36
MRF7103,2002,AMARELO,off road,cherry,113425.78
PPF9080,1996,VERDE,off road,gm,130745.23
XQO1440,2020,AZUL,standart,ford,78647.04
LJG9445,2023,AMARELO,luxo,gm,237944.77
SFJ9029,2011,AMARELO,luxo,fiat,143789.83
AQD9025,1990,LARANJA,luxo,fiat,241386.92
MDC6147,1997,LARANJA,luxo,ford,230537.62
MRU8143,2009,LARANJA,luxo,vw,127904.31
HUV1255,2002,PRETO,off road,gwm,159849.79
ZYZ3082,2011,VERMELHO,standart,fiat,106978.63
EMP6710,2012,AMARELO,luxo,cherry,235672.14
QUG3750,2001,VERDE,standart,ford,88949.38
THU7443,2020,AMARELO,off road,gm,117277.27
ASU0675,2011,LARANJA,luxo,vw,195947.98
IPQ1435,2006,AMARELO,standart,gwm,141691.97
QFU5344,1996,AZUL,luxo,gwm,121860.92
ALM2541,1997,AZUL,luxo,fiat,237492.31
QGM3692,2002,AMARELO,standart,gwm,91169.83
ZPG3942,2010,AZUL,standart,gwm,116170.11
FHL5897,2008,AZUL,luxo,fiat,165579.56
LEE8378,2011,AZUL,standart,gm,91308.33
PKO3898,2016,VERDE,off road,gwm,120061.85
GMR5454,2000,AMARELO,standart,fiat,93878.72
DVW5565,2005,BRANCO,luxo,vw,126536.96
LBD3745,2019,VERDE,standart,gm,94266.70
OOY3570,2025,AMARELO,luxo,cherry,139269.27
FLB0697,2013,AMARELO,standart,gwm,87474.49
HHQ9914,2012,AMARELO,standart,ford,108272.60
BBY3226,2012,VERMELHO,off road,fiat,120860.18
HEK9131,2014,AZUL,off road,ford,172891.82
MPM3042,2012,VERDE,off road,ford,149080.49
XHU6560,1999,PRETO,luxo,gwm,131025.79
GQE0608,1994,LARANJA,luxo,ford,226029.43
FFI8158,2017,PRETO,standart,vw,107612.18
EXS0724,2023,PRETO,off road,gm,190919.72
OSP2225,2018,AZUL,off road,fiat,102359.13
YBS2513,2015,AZUL,off road,cherry,197095.94
DSE6134,2008,LARANJA,luxo,vw,158349.06
VBE7069,1990,LARANJA,standart,vw,139647.86
EYX6451,2003,VERMELHO,off road,cherry,193402.78
VXM5130,2000,VERMELHO,standart,vw,139659.70
YWZ5809,2022,VERMELHO,luxo,vw,193716.27
OSA8173,2003,AMARELO,luxo,ford,156883.90
GBN6235,2002,PRETO,standart,ford,117900.91
MKB1885,2021,LARANJA,off road,gwm,111382.35
CPQ2815,2012,LARANJA,luxo,vw,211245.78
IRM1751,1995,BRANCO,luxo,gm,178803.05
VCI1393,1990,VERMELHO,off road,gwm,113043.66
HKP2892,1992,AMARELO,luxo,gm,197774.94
RTB8656,1998,AMARELO,standart,fiat,84568.06
GYH0428,2019,LARANJA,standart,cherry,79684.26
BVA5408,2010,AZUL,luxo,vw,183153.87
THA4557,1998,BRANCO,off road,ford,155249.14
CUD9288,2019,AZUL,off road,fiat,167686.90
TTT7764,2000,BRANCO,luxo,cherry,251276.33
VYG7925,2004,VERMELHO,standart,cherry,86145.75
MHM4373,2013,LARANJA,luxo,gm,236362.59
TBZ0139,1991,LARANJA,luxo,gm,182829.01
XXF5351,2021,AMARELO,off road,gwm,100541.51
HPA8605,2005,VERDE,luxo,ford,247707.57
RYS1423,1999,BRANCO,luxo,gwm,212309.28
YEY8019,1999,AZUL,standart,gwm,103147.96
QJA4077,2008,LARANJA,off road,ford,202466.25
LAB8505,1994,LARANJA,standart,gwm,86718.81
VEB5956,2021,VERMELHO,standart,ford,108380.01
ZEX5639,2019,BRANCO,off road,cherry,109526.84
JKP4500,2025,VERMELHO,luxo,cherry,172591.24
QQV8203,1995,AMARELO,luxo,gm,206082.38
TKP9490,2004,LARANJA,standart,ford,97964.08
FLF8019,2011,PRETO,luxo,gm,177525.01
RFE9016,2001,VERMELHO,luxo,cherry,213272.44
CRR9767,2007,VERMELHO,standart,gm,123507.66
EYN6055,2002,AMARELO,off road,gm,143373.50
SCZ7716,2019,VERDE,standart,gm,108640.43
ARQ0057,2015,AMARELO,standart,gm,81990.78
GOC6708,2014,AZUL,standart,cherry,123131.84
RHG6373,2009,VERMELHO,luxo,ford,239756.93
ECE9386,2006,AMARELO,standart,gwm,145561.25
RJO0954,2014,AZUL,standart,gwm,137177.83
YNQ9099,2010,AMARELO,luxo,gm,159354.67
VVQ8237,2007,AMARELO,luxo,vw,135255.95
OPU2342,1998,BRANCO,luxo,fiat,159359.84
PEW4254,2005,AMARELO,off road,cherry,182252.72
VTH3844,2010,BRANCO,luxo,vw,192022.70
UPZ9685,2008,PRETO,luxo,gwm,185691.25
LJJ6108,2014,VERMELHO,luxo,fiat,178953.44
VJM0283,2001,VERMELHO,standart,cherry,94529.85
ZJB9006,2006,BRANCO,off road,vw,187026.26
TYZ7076,2015,LARANJA,luxo,gwm,169321.60
SGH3104,2025,BRANCO,off road,ford,146974.20
VZD9097,2018,PRETO,standart,gwm,145829.23
AKD9173,2012,VERMELHO,off road,ford,102945.75
JFO0770,2005,VERDE,standart,fiat,70998.12
ATJ3482,1994,VERMELHO,standart,fiat,143755.80
HJX3777,2022,BRANCO,off road,gwm,140610.21
VTX8715,2007,AZUL,standart,cherry,101541.70
CLG1946,2004,BRANCO,off road,vw,126437.74
WCS1571,2018,VERMELHO,luxo,gwm,172235.72
UZY4176,2000,AMARELO,standart,gwm,138772.11
NSD2321,1995,VERMELHO,standart,fiat,108393.03
ZCX8138,1992,LARANJA,off road,gm,104093.44
LLR2727,2007,LARANJA,off road,gwm,206715.36
TRP9570,2021,PRETO,luxo,gwm,235555.70
QRP4173,2019,VERMELHO,off road,cherry,122632.16
TRY7391,2016,PRETO,off road,gwm,178900.66
RZI1714,1991,AZUL,off road,fiat,151303.11
ANC8537,1994,BRANCO,standart,gwm,97430.09
XXW9187,2021,BRANCO,standart,ford,147160.20
PKZ5275,1993,VERMELHO,standart,ford,148125.58
XJF2469,2021,BRANCO,standart,ford,115405.80
BAZ0278,2007,AMARELO,standart,gm,140935.71
UCZ4062,2013,VERMELHO,standart,ford,133697.30
FLB5328,2002,AMARELO,standart,fiat,138080.45
FIK3776,1995,PRETO,luxo,gwm,193780.58
BJP1756,2001,AZUL,standart,fiat,131266.03
YRC1926,2006,AZUL,off road,gwm,185248.13
GZC7572,2002,VERDE,standart,vw,136011.62
DEL6343,2022,BRANCO,standart,vw,143489.21
XSN7554,2000,AZUL,off road,fiat,130815.53
AFB8472,2010,VERMELHO,standart,cherry,90678.51
NGH5660,2025,AMARELO,luxo,ford,183765.84
IZX4735,2016,AZUL,off road,ford,107343.34
GXK8367,2021,LARANJA,off road,gwm,168032.29
JPE5491,2002,LARANJA,luxo,gwm,242502.08
KCZ9187,2007,BRANCO,luxo,fiat,172075.60
ERQ7152,2021,BRANCO,standart,gm,133745.06
PQC5133,2001,VERDE,standart,fiat,101997.67
VYV6966,1999,PRETO,off road,vw,107797.65
NKB0866,1998,LARANJA,luxo,cherry,124902.78
MII5170,2013,PRETO,off road,fiat,177636.15
EGC7080,1992,AZUL,luxo,vw,208348.05
AMC9541,2022,VERDE,luxo,cherry,150647.17
HNA5479,2004,LARANJA,off road,vw,195380.78
ILB9585,2007,AMARELO,standart,fiat,82139.49
OAM4397,2011,BRANCO,luxo,fiat,207840.22
BQS9907,2012,LARANJA,off road,vw,146490.59
ISW9057,1990,AMARELO,standart,gwm,131290.41
OBK1483,2021,VERMELHO,standart,gwm,121853.58
DRQ1709,2010,AMARELO,luxo,ford,166736.04
YCU2071,1994,LARANJA,luxo,vw,127646.34
ILC6607,1993,PRETO,off road,vw,194225.66
NVX1071,1996,BRANCO,luxo,cherry,253756.78
KZG2154,2001,PRETO,standart,fiat,115596.92
WYM2553,1994,LARANJA,luxo,gwm,165620.24
LGX3029,1992,PRETO,luxo,gwm,179264.05
CNC4301,1996,VERMELHO,standart,gwm,118050.69
RNS0710,2018,VERDE,off road,fiat,101659.56
MXS2564,1996,PRETO,luxo,fiat,249239.78
LZE5848,2020,VERMELHO,luxo,cherry,206930.19
JZL0794,2014,AZUL,off road,ford,186087.06
TCI9321,2021,PRETO,standart,cherry,134233.74
ZAV3027,1993,VERDE,standart,gwm,107136.96
ZSP4335,1990,VERMELHO,luxo,gm,191202.98
NNL1946,1996,PRETO,off road,cherry,103071.37
REZ5833,2010,VERDE,off road,gm,200885.06
GEZ6757,1990,AMARELO,standart,gm,70649.47
RRP3842,2000,VERDE,off road,vw,100795.81
UJR0309,2008,BRANCO,standart,gwm,142997.26
PMM8385,2015,PRETO,luxo,cherry,167115.86
LKP4539,2010,PRETO,off road,vw,101723.50
CLX2653,1996,LARANJA,off road,cherry,133824.16
WSI6085,2005,AZUL,luxo,gwm,120495.64
ETV5100,2018,BRANCO,standart,cherry,134678.89
QGV7798,2023,AMARELO,standart,gm,74001.28
IQB4123,2023,AMARELO,standart,ford,78401.08
SNA7476,1999,PRETO,off road,gm,194791.60
OZY1912,1999,AMARELO,standart,gwm,87665.94
VPP1275,2004,VERMELHO,standart,gwm,87530.02
HGZ1180,2015,BRANCO,standart,ford,94894.63
IAC2287,2007,PRETO,standart,gwm,129113.72
ARD0422,1999,PRETO,off road,cherry,134109.66
QBC3233,2006,AZUL,off road,ford,150912.72
CRH8257,2024,LARANJA,luxo,gm,233827.53
QGA0711,1992,AMARELO,off road,fiat,127824.84
EEN8150,1993,AMARELO,off road,cherry,99798.34
THG8271,2006,BRANCO,standart,ford,81184.43
QUX3821,2014,AMARELO,luxo,ford,138387.58
XCM5117,1990,AMARELO,standart,fiat,138061.20
TSF3357,2017,PRETO,standart,gwm,137541.58
ALW0095,2012,AZUL,off road,ford,162844.52
NUC8035,2017,LARANJA,off road,fiat,128070.28
OMQ4563,2003,VERMELHO,standart,fiat,143701.59
DAR7952,1999,BRANCO,off road,fiat,135771.17
LEL3664,1995,VERMELHO,luxo,cherry,134655.96
TID8700,2023,VERDE,standart,gm,122806.30
EMT4192,1997,AZUL,luxo,vw,241966.88
KKP3047,2004,PRETO,standart,vw,116484.14
TEB3581,1994,VERMELHO,standart,fiat,125015.33
CRH0128,1993,PRETO,luxo,gwm,201406.89
JKR6217,2016,AMARELO,off road,vw,143221.74
XPA5229,2017,BRANCO,standart,gm,144369.63
MPY1017,1991,AZUL,standart,vw,147915.05
OOA9961,2022,LARANJA,off road,cherry,208228.16
TCB2794,1997,AMARELO,standart,fiat,107118.59
EKG9644,1994,LARANJA,standart,gwm,101866.86
FGM0804,1991,LARANJA,luxo,fiat,175047.18
WTD8837,1994,VERDE,off road,gwm,188640.83
UTR9293,2009,BRANCO,luxo,gm,248701.26
EEK3459,2004,LARANJA,off road,ford,201342.51
VVA8404,2007,PRETO,off road,gm,151959.37
EXB6898,2007,PRETO,luxo,gwm,209729.95
SST7983,2017,LARANJA,standart,cherry,75471.06
CBA9202,2014,VERDE,standart,vw,97372.58
ZML6143,2005,VERMELHO,standart,fiat,135160.02
FSK5122,2019,VERDE,off road,fiat,118828.09
JWS2031,2025,VERMELHO,luxo,cherry,210455.75
NFD6874,2007,LARANJA,standart,gm,124177.86
AXY1757,2025,AZUL,off road,fiat,120983.58
BBP7030,2016,LARANJA,standart,ford,93187.07
RXT3840,2005,AMARELO,luxo,cherry,216751.04
CQY0591,2006,LARANJA,off road,gwm,98823.67
PAV9480,2011,VERMELHO,standart,ford,99840.20
QZQ9348,1998,VERMELHO,luxo,fiat,134033.47
CBP8868,2005,BRANCO,standart,cherry,92102.66
LUP1367,2000,PRETO,off road,vw,101072.61
YNL3693,1999,AZUL,luxo,vw,170612.70
UMC7651,1996,PRETO,luxo,cherry,131994.56
EIS5121,2009,LARANJA,standart,gwm,131773.08
INU9530,2012,VERDE,off road,gwm,116207.52
KJT9434,2011,LARANJA,off road,gm,204840.83
KHI6955,2010,VERDE,standart,gwm,73337.88
KPL7837,2025,BRANCO,luxo,cherry,242770.59
PWL4065,1994,AZUL,luxo,fiat,248723.47
AFR1871,2011,PRETO,off road,ford,164745.63
COW7800,2023,AZUL,luxo,cherry,188108.70
GQO5571,2002,AZUL,off road,ford,138929.96
RKU7513,2015,VERDE,off road,vw,130709.55
YPM0943,2009,VERDE,luxo,fiat,150372.93
KQL8757,2020,VERMELHO,luxo,gwm,162032.80
DRI9341,2023,AMARELO,luxo,fiat,224588.93
JLM0879,1999,LARANJA,off road,fiat,206824.93
MJC1678,2005,AZUL,off road,gwm,140016.75
CZD0658,2008,PRETO,standart,fiat,120617.39
RPA0825,2005,AMARELO,luxo,ford,220964.56
QQV5266,2011,VERMELHO,standart,gwm,147155.48
MUB8546,2022,VERDE,off road,gwm,124945.59
AMM6208,2014,LARANJA,luxo,cherry,179332.76
QCJ0438,1994,AZUL,luxo,ford,198262.79
BHP6438,1994,VERMELHO,luxo,cherry,223703.94
QYO5332,2014,BRANCO,standart,vw,145431.28
YCE1218,2021,LARANJA,luxo,ford,130684.72
YJQ2102,2017,AZUL,luxo,cherry,141353.82
JUM6813,1996,VERMELHO,off road,ford,119131.72
OQP4654,2017,VERMELHO,standart,gwm,71699.44
YCV5179,2006,PRETO,off road,fiat,195531.00
GMZ4700,2019,BRANCO,standart,vw,74964.44
SQF0526,2025,PRETO,standart,gwm,140926.63
BVG0524,2022,VERDE,standart,gwm,131978.55
REP6196,2004,PRETO,luxo,gwm,221545.76
OAN4189,1999,BRANCO,standart,gwm,80320.56
UUK0880,2010,VERMELHO,off road,ford,116719.08
DVJ8556,1996,AZUL,standart,gwm,111410.14
AJL2965,2014,LARANJA,off road,vw,147888.43
HDI4688,1990,VERDE,luxo,vw,128307.49
ERD4269,1992,AZUL,standart,gwm,106403.44
RDZ8847,2001,PRETO,luxo,gm,217730.00
NTC3128,1992,VERMELHO,standart,gm,96083.44
MID1295,2004,VERMELHO,luxo,gwm,157494.47
ZDF0385,2003,LARANJA,luxo,cherry,133453.44
AFW2136,1994,PRETO,standart,fiat,86113.00
ZKM0379,2019,VERMELHO,luxo,gwm,125010.25
TSQ4212,2017,PRETO,standart,vw,70385.15
YEH2026,2003,BRANCO,standart,fiat,94504.66
ASQ3433,2017,VERDE,standart,fiat,135052.83
WOP5548,2024,AMARELO,standart,ford,125989.95
HMK4895,2001,BRANCO,standart,cherry,82081.26
CUA7623,2018,BRANCO,luxo,fiat,254295.85
WXM0411,2006,AZUL,standart,fiat,77515.03
JBX0893,2024,LARANJA,off road,gwm,108393.44
HGT5597,2007,VERMELHO,off road,fiat,163381.31
USZ5131,2019,PRETO,luxo,fiat,249982.81
NSD0693,2014,VERMELHO,off road,ford,205960.10
WTN4639,1990,VERDE,off road,fiat,166182.96
TCW9344,1997,PRETO,standart,gwm,107040.65
CHN7704,2012,LARANJA,luxo,vw,188321.14
SBZ2257,2005,BRANCO,off road,gm,113029.45
EKE3193,2010,AZUL,off road,ford,204262.90
DGN1051,2010,VERMELHO,standart,fiat,84157.22
HXN3238,1993,VERMELHO,standart,vw,94829.06
LTO2811,2011,VERDE,standart,gwm,94079.33
UMF8239,2023,AZUL,standart,ford,75293.51
XDD1892,2013,PRETO,luxo,gwm,242626.41
GDY6987,1997,VERDE,luxo,vw,181553.39
CES0179,1999,LARANJA,standart,cherry,76659.29
QZR9997,1998,VERMELHO,standart,ford,99604.58
QCT9681,1997,AZUL,luxo,gm,153912.87
AIJ4082,1992,BRANCO,standart,gm,148192.82
SLB0312,2010,VERMELHO,luxo,gm,224708.52
ERC0907,2017,AZUL,standart,vw,108096.30
PZB7293,2019,AZUL,standart,ford,106485.23
EGS3462,2019,BRANCO,luxo,gwm,177276.66
MKE9021,2002,BRANCO,standart,fiat,102520.41
WTW8759,2024,BRANCO,standart,ford,113357.98
LSG9171,2004,AMARELO,off road,gm,174539.84
ZWU6517,2005,AMARELO,off road,cherry,178318.68
COD6102,2024,PRETO,off road,ford,123560.78
PVR1537,2023,VERMELHO,off road,fiat,154877.57
WFM7727,2021,PRETO,standart,cherry,118563.47
ZPZ4256,1994,AMARELO,luxo,fiat,190051.67
CDM5369,2020,BRANCO,luxo,gwm,231237.36
DJS6904,2001,PRETO,off road,vw,141155.88
BSM5602,2006,VERDE,luxo,cherry,233635.24
EQV4759,2006,VERMELHO,standart,gwm,95369.03
UIA0254,2024,VERDE,off road,vw,115684.84
WKZ4047,2002,LARANJA,luxo,gm,129884.84
XVO9532,2005,BRANCO,standart,gm,88414.13
IEV1487,2021,BRANCO,off road,gm,141837.37
XZC1809,2001,AMARELO,luxo,cherry,184129.47
WOB4572,2002,VERMELHO,luxo,ford,135065.69
NPR0401,2017,VERMELHO,luxo,fiat,239755.75
RHS6173,2017,LARANJA,standart,vw,136241.05
JLH5820,2023,AZUL,luxo,cherry,231214.31
KNG1221,2003,LARANJA,off road,gwm,104250.71
HUT2262,1992,AZUL,standart,ford,137040.61
LWU3722,2014,LARANJA,off road,gwm,201562.61
DKZ2719,2001,BRANCO,off road,fiat,197567.73
RWC3010,1994,VERDE,standart,gm,93507.76
QZW6866,2019,AZUL,luxo,gm,198800.40
DUG4942,2013,PRETO,off road,gwm,114159.28
NBB6170,2010,AZUL,off road,fiat,147958.74
FKK0928,2013,PRETO,luxo,cherry,186003.40
EYF6223,2006,VERDE,standart,cherry,105584.93
CHI0423,2009,BRANCO,luxo,ford,158004.92
VZL9888,1993,AMARELO,luxo,vw,141743.29
KNI7866,2010,LARANJA,luxo,fiat,226238.72
ALM5449,2004,PRETO,standart,vw,112732.08
LER7665,2005,VERMELHO,luxo,vw,149243.85
FQD5731,2017,VERMELHO,off road,fiat,162961.39
MSB9215,2018,VERDE,off road,cherry,159289.90
CCA8267,2002,PRETO,off road,gm,140711.00
KHW9405,2007,PRETO,luxo,gwm,146506.28
IBT1307,2005,AZUL,luxo,gwm,140464.17
BRC1105,2003,VERMELHO,standart,gwm,106775.58
PES5590,2013,AZUL,off road,cherry,179443.42
IKB2204,2014,VERMELHO,off road,gwm,150831.70
IUQ1041,2005,VERMELHO,standart,cherry,71132.74
PKG9681,1994,AMARELO,luxo,gm,170890.83
IFK3132,2015,AZUL,standart,gwm,125668.47
GJB1234,1996,AZUL,standart,gwm,121909.55
AAS8558,2006,PRETO,luxo,ford,181080.72
VRD7941,2025,PRETO,off road,ford,148361.06
FLT9582,2005,PRETO,off road,vw,183228.63
XWD6853,2016,VERMELHO,off road,ford,109570.88
RRF1342,2014,LARANJA,standart,gm,127144.74
GFR0724,2022,VERMELHO,off road,gm,172920.06
VEU9107,2004,PRETO,luxo,fiat,121746.50
TZP6621,2025,AMARELO,luxo,cherry,169402.41
WSV9825,1993,AZUL,luxo,fiat,186577.65
UKX6198,2013,VERMELHO,standart,gm,98452.22
ZTO3730,2015,AMARELO,luxo,gm,139077.71
TUU7555,2008,VERDE,off road,cherry,150816.51
UDW3686,2001,LARANJA,standart,fiat,122614.81
RPN7447,2013,AMARELO,luxo,gwm,193361.00
SAK3493,2001,AZUL,standart,vw,72403.66
SUY1060,1997,AZUL,luxo,cherry,237255.20
LIS0383,2025,BRANCO,off road,fiat,114403.39
ZGN9010,1995,PRETO,off road,ford,180861.92
UFN5749,1993,AMARELO,standart,gm,110991.13
FAP9101,1998,AMARELO,standart,ford,125527.90
UGZ0066,2005,LARANJA,off road,ford,166798.72
ZTT7160,2009,VERDE,luxo,fiat,134530.19
YZO3026,2024,AZUL,standart,vw,140245.56
BYL3518,2023,VERDE,off road,ford,186173.50
LHO9171,2001,VERMELHO,luxo,cherry,187321.78
TBX0248,2008,AZUL,luxo,gm,214398.01
DAM5498,1992,AZUL,off road,gwm,173150.03
IKA2824,2020,VERMELHO,off road,cherry,107498.50
PES2445,2001,AZUL,luxo,vw,145265.94
YHT2245,2006,LARANJA,standart,gwm,135761.11
LXH3758,2005,AMARELO,off road,cherry,123640.66
JNR0657,2021,VERDE,luxo,gwm,232714.80
IDR3592,1990,VERMELHO,luxo,fiat,231837.74
WSX5141,2020,VERDE,luxo,cherry,184830.57
GDS8035,2018,PRETO,luxo,ford,233521.87
LMJ5725,2004,BRANCO,off road,fiat,118782.01
EJW1233,2023,AMARELO,standart,fiat,127603.62
TWF3294,2020,AMARELO,standart,cherry,98225.63
OME8444,2020,VERDE,off road,gm,184813.25
SMT5348,2017,BRANCO,standart,fiat,125200.21
YAT5575,2024,PRETO,luxo,vw,232253.90
EBV8377,2008,LARANJA,luxo,ford,165278.09
XSO7121,2006,AMARELO,off road,gm,153849.04
KEM6160,2025,AZUL,standart,fiat,104503.98
VXR3274,2010,LARANJA,luxo,vw,222762.93
DCI0672,2005,LARANJA,off road,cherry,191936.30
LFX3965,1997,AZUL,off road,ford,138587.58
XHD3597,2019,VERDE,off road,gm,153446.37
HLY7324,2021,LARANJA,luxo,ford,214363.77
GLV6673,2012,VERDE,standart,gm,80163.62
SWK2425,2002,VERMELHO,off road,fiat,166581.02
YUR2185,2021,VERMELHO,standart,cherry,128726.34
ZRO4833,2016,AMARELO,off road,gm,139618.81
RRK8314,1999,VERMELHO,standart,fiat,111156.15
IKH0452,2010,PRETO,standart,ford,78309.93
HML4115,1992,VERMELHO,standart,gwm,142859.36
EJT5376,2015,PRETO,off road,gwm,167693.70
GPS6285,1996,BRANCO,standart,vw,98281.48
SMY2381,2013,BRANCO,standart,gwm,93552.77
FZL6541,1999,AMARELO,off road,vw,156337.14
CBU5586,2015,PRETO,off road,ford,136931.55
HXP7019,2017,LARANJA,luxo,vw,139884.10
VFI4804,1995,VERDE,luxo,gwm,134180.28
OLZ1884,1995,AZUL,standart,cherry,137270.42
NGR6751,2005,LARANJA,standart,gm,126035.51
HJE6971,2006,LARANJA,luxo,vw,208053.38
RPU9678,2016,VERDE,luxo,gm,130921.23
GRC8085,1998,VERMELHO,off road,fiat,99179.31
JTH9158,2023,AZUL,standart,cherry,78939.89
UJN0162,2014,AZUL,off road,gwm,197140.15
XOT5615,2016,VERDE,luxo,gm,217538.99
QSE0959,2003,LARANJA,off road,fiat,127704.56
LEF9523,2021,AMARELO,luxo,cherry,183768.32
GLO5513,1990,LARANJA,luxo,gwm,243282.24
BRA3728,2007,AMARELO,off road,gwm,144219.63
NFP1957,2011,LARANJA,standart,gwm,131200.04
KDQ3448,2001,BRANCO,standart,gm,148757.25
OBF3627,2024,VERDE,off road,vw,124791.53
YAU1208,2014,VERDE,off road,fiat,138514.72
GUZ7794,1990,AZUL,off road,vw,191131.97
CAS1526,2003,VERMELHO,off road,cherry,152337.83
SKR5110,2020,BRANCO,off road,cherry,154471.56
RHQ0212,2015,AZUL,off road,fiat,201352.81
ZJW9861,2022,LARANJA,off road,ford,187583.22
HVM6354,2025,BRANCO,off road,vw,203975.26
NOW1063,2005,PRETO,standart,cherry,111395.57
FSB4321,2025,AZUL,off road,cherry,140545.53
ZAA1212,2014,LARANJA,luxo,vw,135109.43
ZVQ9603,1996,VERDE,standart,fiat,113881.34
JRC2592,2021,LARANJA,standart,fiat,100122.25
LJX2703,2025,AZUL,off road,gwm,184391.53
SEQ1178,2008,LARANJA,standart,gm,133151.46
OLS0064,2012,VERMELHO,standart,cherry,85520.48
VUN8068,2024,PRETO,off road,cherry,191896.47
FVR9677,2014,PRETO,off road,vw,161151.38
XND0371,1995,VERDE,off road,gwm,179662.29
YMP7620,2023,VERMELHO,standart,ford,128988.03
TND7143,2016,PRETO,off road,gwm,205636.26
PRF1921,1990,AMARELO,off road,ford,103077.41
PIN7981,1993,BRANCO,off road,fiat,114967.86
OYS5003,1990,VERDE,standart,fiat,74851.02
TED3647,2016,PRETO,luxo,gm,180636.30
RVN1438,1994,LARANJA,off road,fiat,112494.64
ZTP5838,1990,BRANCO,luxo,cherry,204132.91
SUC0068,2006,AZUL,standart,fiat,86074.61
YAV9703,2008,AZUL,luxo,cherry,133837.73
KTB5117,2024,VERMELHO,off road,ford,195349.81
YEE0962,2007,AZUL,standart,vw,73780.41
AEG8430,1996,AZUL,off road,fiat,110634.67
PQV6281,2010,LARANJA,standart,ford,84483.73
IBQ8727,2020,VERDE,standart,ford,99334.45
AMD9907,2007,VERMELHO,standart,gm,99325.68
MJM9789,2016,VERDE,standart,vw,94098.94
LFU5057,2008,BRANCO,luxo,ford,193284.88
EKF8119,2014,BRANCO,standart,ford,144628.12
MTK0481,2008,AZUL,standart,cherry,116451.81
TMN6948,2005,AZUL,standart,fiat,109581.06
AON2846,1999,VERDE,standart,ford,74832.89
ZCO9930,2017,AMARELO,off road,ford,131994.65
MZI7305,2014,AMARELO,luxo,cherry,139519.36
LLS8218,1991,BRANCO,standart,gwm,129582.54
NZH0162,2004,PRETO,luxo,ford,195053.05
HSM4591,2007,AMARELO,off road,gwm,148141.97
NMU5903,2023,VERDE,off road,gwm,180141.32
NSV1623,2016,AMARELO,luxo,fiat,232384.66
XAC7822,2011,VERMELHO,off road,fiat,161306.43
HRZ9305,1998,PRETO,standart,cherry,71417.34
XMH1671,2025,BRANCO,off road,gm,192080.35
SRQ9317,2003,AZUL,standart,vw,122260.67
VOT9848,1990,LARANJA,luxo,fiat,240087.76
CTM1242,2020,VERMELHO,luxo,gwm,225700.00
SDX9253,2014,PRETO,off road,fiat,189858.79
UNN5745,1995,AZUL,luxo,cherry,156196.43
DBO7303,2006,VERDE,off road,gwm,208063.57
UWH5608,2000,BRANCO,luxo,fiat,183830.97
TWL9138,2019,VERDE,off road,vw,137937.20
EBD6858,1992,AZUL,luxo,fiat,222950.70
BNH7172,2006,LARANJA,luxo,gm,127274.27
TXU1802,2002,VERDE,off road,gm,131322.64
PVE9255,1992,VERDE,luxo,gm,186883.53
VRG3038,2008,BRANCO,luxo,vw,180600.08
CPV4360,1993,VERMELHO,luxo,gm,227897.25
SWO1976,2002,LARANJA,off road,fiat,101797.42
YLO8561,2017,BRANCO,off road,cherry,112221.63
QRZ3201,2000,BRANCO,off road,fiat,120860.11
AZY3106,1995,BRANCO,standart,cherry,117727.09
YOY3040,2009,BRANCO,off road,gwm,107800.26
OAI6189,1992,VERDE,standart,gwm,119871.43
DSN2071,2000,AMARELO,luxo,vw,186338.48
QBG0351,2020,VERDE,off road,cherry,120679.75
VFA9309,2025,AMARELO,luxo,gm,249637.11
LCM2731,2000,VERDE,standart,gwm,108036.21
BAB5654,2009,AMARELO,standart,fiat,111794.20
DSE2001,1992,BRANCO,luxo,gwm,238508.44
SUP2896,2001,VERDE,standart,ford,126757.80
XHC5453,1995,AMARELO,standart,gm,107432.98
EYF8839,2014,PRETO,off road,gwm,134323.19
VYK3115,1997,VERDE,standart,fiat,71299.54
YDF4200,2015,VERDE,luxo,gwm,206293.34
DTI8294,1992,BRANCO,standart,gwm,80435.70
TOS3204,2014,PRETO,luxo,ford,245860.21
FVS1889,2024,AZUL,luxo,cherry,199468.48
BPM4971,1991,AZUL,standart,cherry,76182.89
SSI0317,2009,VERMELHO,off road,ford,111178.64
ODJ4393,2015,VERMELHO,off road,vw,196167.59
FWD9545,2019,LARANJA,luxo,gm,216539.17
KPB2909,2006,LARANJA,off road,gwm,133432.20
KFD9481,1998,LARANJA,luxo,vw,153428.48
XNR4101,2002,VERMELHO,luxo,ford,247921.82
IGV8126,2015,VERMELHO,luxo,vw,253802.55
XUI3749,2024,BRANCO,standart,vw,75596.52
RHZ6308,2019,VERMELHO,luxo,gm,126034.77
HRV7655,2024,VERMELHO,luxo,vw,121778.56
WXC7066,2007,VERMELHO,standart,vw,96399.93
VKU4125,1997,AMARELO,luxo,fiat,185316.56
IZR2474,2009,BRANCO,off road,cherry,170632.48
EOI0002,1990,PRETO,off road,fiat,193507.13
CDS6585,1999,LARANJA,luxo,gwm,182292.70
FRM1584,1992,LARANJA,standart,gwm,117466.14
QGP3977,2006,LARANJA,luxo,gm,147378.92
TTP2955,1997,AZUL,off road,gwm,126582.79
YBD4010,2021,VERDE,standart,fiat,96308.74
BLT5596,2018,AZUL,off road,cherry,141334.91
EPU5712,2000,AZUL,standart,vw,75502.72
UAR9656,1990,VERDE,standart,cherry,126445.26
PJE2095,2007,PRETO,off road,fiat,110437.87
BPP4207,2000,PRETO,off road,vw,109315.24
HXJ0802,2001,VERMELHO,off road,vw,105660.22
SJY5313,1991,LARANJA,luxo,fiat,187126.26
CMI9289,2003,AMARELO,standart,gm,140663.42
HQY4731,1996,VERDE,luxo,gwm,134764.05
XFM2770,2025,PRETO,luxo,fiat,223711.88
MYQ2608,1999,AZUL,luxo,ford,229147.36
MWM3007,2001,AZUL,off road,gwm,131392.52
JLX2211,1991,BRANCO,standart,cherry,136291.13
GUN1621,2005,VERMELHO,luxo,gwm,191831.36
JGI2674,2018,AZUL,standart,gwm,113913.53
RLW9270,1992,VERDE,off road,ford,103263.73
SDE7501,2006,AZUL,luxo,fiat,166362.13
KNE3045,2006,VERMELHO,luxo,ford,218393.84
OQY1141,2010,BRANCO,standart,vw,137781.22
TLQ8471,2000,AZUL,standart,gm,105601.25
TOS8160,1995,AMARELO,off road,gm,125432.60
ITI8410,1996,VERMELHO,off road,cherry,171866.23
VKO6697,1994,VERMELHO,off road,cherry,208628.48
OEG2174,2008,AZUL,luxo,gwm,219310.70
LHD2597,2008,AZUL,standart,ford,127517.55
MAN9920,2019,AZUL,standart,ford,85643.99
AAB8417,1998,LARANJA,off road,gwm,110649.80
OTU1110,2005,AZUL,luxo,gm,183874.64
UKJ8344,1992,VERMELHO,standart,fiat,107932.42
OYW4134,2025,LARANJA,luxo,ford,183830.62
AQC4753,2013,VERMELHO,luxo,gm,210342.87
FUK6368,1994,LARANJA,standart,fiat,118380.72
TJM6421,1992,PRETO,luxo,fiat,157160.92
QTI9546,2005,AZUL,luxo,ford,180047.65
NBG9071,2005,VERDE,standart,gwm,113687.40
YYW4331,1998,AZUL,off road,gwm,175419.18
TKT5501,2007,BRANCO,standart,gm,125455.24
HOL9808,2000,LARANJA,off road,ford,155038.95
SUY5475,1990,PRETO,off road,fiat,103316.64
OWD1706,2016,LARANJA,off road,gwm,113090.36
AAH2304,2017,BRANCO,standart,ford,122390.09
EZD1738,2019,VERMELHO,off road,vw,208346.67
FSH9353,1999,PRETO,luxo,cherry,186373.54
FXG7955,2005,VERMELHO,standart,gm,149993.18
IQM7570,1992,LARANJA,off road,ford,182848.08
NLT6718,1995,LARANJA,standart,gm,126531.91
QJA5452,2007,VERDE,standart,ford,142561.00
KXV1308,2016,VERMELHO,luxo,ford,199013.60
GDF3656,2013,AMARELO,luxo,fiat,222228.37
ERR7269,1996,VERDE,off road,ford,151878.72
SKZ8538,2025,AMARELO,off road,gwm,144124.72
LFI9598,2012,AMARELO,standart,vw,132017.15
ZYA5322,1991,VERMELHO,luxo,gm,195188.04
QAG6519,2002,VERDE,standart,gwm,139117.95
GXV5412,1995,BRANCO,luxo,gm,170760.23
CHS5699,2014,AMARELO,off road,gm,167510.77
HDC9360,2000,VERDE,standart,fiat,88834.75
FSA5570,2006,AZUL,luxo,ford,150402.56
SCN9580,2014,PRETO,luxo,ford,242745.97
POK9994,1992,VERDE,standart,fiat,131448.71
SCX4951,2017,PRETO,standart,ford,140138.58
JKS5826,1997,PRETO,off road,gwm,187970.75
SPI8167,2019,AMARELO,standart,ford,89095.87
HRZ7583,2022,PRETO,standart,gm,124373.76
HFL1050,1998,LARANJA,luxo,ford,250052.80
YAI1640,2023,PRETO,off road,vw,205226.07
CSU1738,1999,AZUL,luxo,vw,239866.84
XAR5989,2004,VERMELHO,off road,ford,190275.22
YFG0987,2011,PRETO,luxo,fiat,214393.63
ASN2405,2005,VERDE,standart,gm,138192.15
NLR9551,1996,AZUL,luxo,gm,230241.07
RVJ5325,2013,VERMELHO,luxo,fiat,191348.57
JZK4985,2004,VERMELHO,luxo,fiat,157565.41
BPM2717,1991,AZUL,luxo,vw,140092.19
IAY6607,2002,VERDE,luxo,cherry,208005.48
HCA2302,1993,VERMELHO,luxo,gm,168916.43
LVQ7433,2017,BRANCO,standart,fiat,96202.78
SZL8839,1995,VERDE,luxo,cherry,174256.58
AAT7943,1998,AMARELO,standart,gm,81019.66
DIU2925,2008,AMARELO,off road,vw,155395.10
KMQ9167,1994,PRETO,luxo,ford,229034.76
YWK6169,1991,LARANJA,off road,gwm,140417.62
IXT2228,1994,AMARELO,luxo,vw,150999.12
OWN4627,2013,LARANJA,off road,fiat,196349.40
JXP5507,2003,LARANJA,standart,gm,124079.80
XQD7869,2002,AZUL,off road,vw,165978.33
FQB3816,1990,PRETO,off road,ford,100699.53
ZIN3291,1994,BRANCO,off road,cherry,136800.89
UCL1182,2013,VERMELHO,off road,gm,205549.47
VIY4480,1995,LARANJA,off road,vw,113170.80
DUH7605,2008,BRANCO,standart,gwm,96455.61
NHU9971,2022,PRETO,standart,gm,136827.67
EQD1932,2015,AMARELO,off road,cherry,168154.43
EUB5487,2012,VERMELHO,off road,gm,145705.19
HOS0367,1992,AZUL,standart,cherry,94560.92
KNA7257,1990,AZUL,standart,gm,121310.84
TYZ4650,2025,PRETO,standart,fiat,117516.67
ILO5354,2000,AMARELO,off road,gwm,130677.24
CNG2347,2012,VERMELHO,standart,gm,116883.96
SQL5789,1998,AZUL,off road,cherry,192460.75
JJQ8919,2012,VERDE,standart,fiat,98320.13
DWI3075,2012,PRETO,luxo,gwm,212230.00
JHY5652,1993,PRETO,off road,fiat,143668.93
ZXH3442,1998,VERMELHO,off road,gm,142359.20
OAQ5093,1999,PRETO,luxo,fiat,168099.09
BEU0029,2009,LARANJA,luxo,ford,140075.61
VUJ7234,1999,BRANCO,luxo,ford,137252.97
VXY3614,2009,PRETO,luxo,ford,244431.83
BBQ6454,1995,LARANJA,standart,fiat,144170.91
HWE4735,1992,AZUL,off road,ford,187942.96
VQV8307,2001,VERDE,standart,ford,140608.44
VEA9335,2019,AMARELO,luxo,gm,135961.54
ZJK4256,2011,AZUL,luxo,gwm,210038.63
RDT3985,1996,BRANCO,off road,cherry,169620.63
OKE6020,2002,PRETO,luxo,vw,199977.30
OYZ1910,2016,AZUL,luxo,fiat,143320.36
HDK4891,2000,AZUL,off road,gm,172835.04
RHU7531,2004,PRETO,off road,gm,130949.36
RKH4374,1992,AMARELO,off road,fiat,180794.39
AGH0774,2023,AMARELO,standart,vw,105517.72
SWR3504,2002,BRANCO,standart,fiat,100550.05
OKY9818,2002,LARANJA,luxo,vw,143199.72
YUI4331,2020,AZUL,luxo,ford,251856.96
BAI0675,2008,VERDE,luxo,cherry,164333.88
PID6889,1997,PRETO,off road,gm,101657.70
KBM3404,2012,BRANCO,off road,gm,133792.69
GQF2087,2008,AMARELO,standart,vw,117389.56
YRO9180,2025,AMARELO,luxo,ford,148933.71
EII5365,2000,PRETO,off road,gwm,168268.09
HMD3568,2014,PRETO,luxo,cherry,158114.47
OQM1202,1999,VERMELHO,off road,cherry,116316.80
MUP0963,2004,PRETO,off road,cherry,190332.07
NGC8515,2013,LARANJA,standart,vw,70813.33
JGL6921,2013,VERMELHO,off road,ford,188802.03
JCR0210,2008,VERMELHO,off road,fiat,207195.76
JMY2745,2014,LARANJA,luxo,vw,203906.02
QUE1235,2010,VERDE,off road,gwm,137748.73
EOI5146,1997,BRANCO,standart,ford,146143.60
UEL6579,2011,VERMELHO,standart,gm,145302.45
RXO5445,2009,VERDE,standart,fiat,107126.43
FCY0250,1993,LARANJA,luxo,gwm,159910.09
XWM4840,2003,VERDE,off road,vw,205501.57
TDP9392,2014,AZUL,standart,vw,99710.79
DSA0140,2011,LARANJA,off road,vw,175693.23
GSS9517,2001,VERMELHO,off road,gm,154958.37
YUA2445,2015,VERMELHO,off road,vw,123407.65
JFA3928,2020,AMARELO,off road,ford,181347.74
NPL1207,2000,AMARELO,luxo,gwm,236850.37
YBZ6034,1994,AZUL,standart,gm,131711.03
BZQ5361,2003,BRANCO,luxo,gm,133797.76
XBL8700,2021,PRETO,luxo,fiat,226303.56
PYT9250,1991,VERMELHO,off road,ford,125498.08
GMN7924,1996,AMARELO,luxo,gm,248646.16
BKI7856,2014,BRANCO,luxo,gwm,218912.77
CAX3918,1996,VERMELHO,luxo,gwm,196115.12
CBM7593,2001,VERMELHO,standart,gwm,79796.70
NKP2765,2016,PRETO,off road,fiat,203844.31
FGG2041,1993,AMARELO,standart,vw,95821.20
EFA5777,2006,BRANCO,off road,fiat,202665.62
JVH6746,1996,VERMELHO,standart,gwm,89402.80
IGL6891,2008,VERDE,off road,ford,157301.50
ETD6810,2005,VERDE,luxo,ford,248307.32
MFK7549,2013,VERDE,standart,cherry,128770.34
YME9015,2025,BRANCO,standart,gwm,105361.73
DNZ3054,1995,LARANJA,luxo,fiat,190848.20
PGZ7607,2019,PRETO,off road,cherry,118498.68
AFB6489,2010,AMARELO,standart,gwm,94926.86
OOV0227,2022,AMARELO,luxo,cherry,249133.97
OGE5845,2022,PRETO,luxo,ford,236763.33
HGF0786,2009,AMARELO,standart,fiat,105893.64
CST7232,2010,BRANCO,standart,ford,107541.73
YWU9394,2000,VERMELHO,off road,cherry,180793.14
DJB3590,2020,AZUL,off road,ford,123701.14
POA6225,2019,VERDE,standart,fiat,116783.69
LKH1390,2005,VERDE,luxo,fiat,228612.26
VUS0315,2013,AZUL,standart,gm,112420.91
DOJ0293,1995,VERDE,standart,cherry,136365.01
ZGA3405,1991,VERMELHO,standart,gm,110769.76
EDN2610,2014,BRANCO,luxo,gwm,179888.51
ANZ6311,2015,VERDE,standart,vw,100397.15
IAP1033,2024,VERMELHO,off road,ford,139695.53
HYY7631,1992,VERMELHO,luxo,fiat,197165.54
BTG8828,1996,LARANJA,standart,ford,115980.00
LXK9232,1991,BRANCO,standart,ford,132261.10
HUG3436,2018,BRANCO,luxo,cherry,219842.44
DVE4691,2016,BRANCO,standart,cherry,130734.33
WCC6718,2021,PRETO,luxo,vw,226327.22
AYF1476,1998,AMARELO,luxo,fiat,196072.00
UGG9608,2023,VERDE,standart,ford,74684.65
ABN8102,1993,PRETO,standart,gm,111084.94
YJJ9116,2011,AMARELO,luxo,ford,160606.30
NAV4930,2019,VERDE,off road,fiat,135634.50
VRW9133,2017,VERDE,off road,ford,180591.81
QUJ6889,2022,AZUL,luxo,fiat,219601.94
LKJ6525,1990,PRETO,standart,cherry,83256.84
IJJ8378,2006,PRETO,standart,ford,76586.67
MHT4968,2017,VERDE,off road,cherry,197015.10
VJY6205,1990,AMARELO,off road,cherry,109052.80
TFF7657,1995,BRANCO,luxo,fiat,141426.92
JXK0062,2018,AMARELO,luxo,gm,186096.09
AXX2682,1991,BRANCO,luxo,cherry,241700.87
HOQ1334,2016,VERDE,off road,ford,162914.74
VKS0939,2007,AZUL,standart,vw,148108.34
BAZ0917,2015,VERMELHO,luxo,vw,168755.62
SXA7737,2024,BRANCO,luxo,cherry,181723.64
RQR0938,2001,BRANCO,luxo,gm,123403.88
LER7166,2008,LARANJA,off road,vw,209343.84
ACJ8468,2012,PRETO,off road,cherry,133474.71
VSE3736,1998,AZUL,standart,cherry,74545.01
NGX4289,2025,VERMELHO,luxo,fiat,141971.99
LKI1057,2013,VERMELHO,standart,gwm,132114.19
YLS9396,2010,AMARELO,luxo,gwm,138391.25
MTB9358,1991,BRANCO,off road,fiat,126292.48
PWH9445,2006,LARANJA,luxo,ford,169357.18
UMJ3973,2010,PRETO,luxo,gm,198220.51
QVD7569,2002,LARANJA,off road,fiat,199460.70
AFJ4790,2005,VERDE,luxo,cherry,163461.98
STN0353,2019,VERMELHO,luxo,ford,187288.16
FEI2043,2006,VERMELHO,standart,fiat,102278.32
IJW9606,2019,AMARELO,standart,gwm,76523.69
TII7371,2015,AMARELO,luxo,gwm,182850.48
QUI6323,2013,PRETO,standart,cherry,136842.10
PMP3096,1991,AZUL,standart,vw,75649.87
POF3060,2001,LARANJA,off road,fiat,196852.97
KAN0713,2014,VERDE,luxo,fiat,237597.47
WLC6843,2001,AZUL,off road,fiat,108927.95
CEY7010,2021,AZUL,standart,gwm,109296.52
ZVF1994,2022,BRANCO,luxo,cherry,146557.04
MPS6305,2024,AZUL,standart,gwm,73088.57
ADC9067,2020,VERDE,standart,fiat,120705.48
APZ6306,2006,AZUL,off road,gm,188577.79
JNG9644,2021,AZUL,standart,vw,106755.03
JSY6195,2017,LARANJA,standart,vw,102308.48
SIT6871,2016,LARANJA,off road,fiat,171270.69
HZP9650,2011,LARANJA,luxo,ford,161539.09
VMF0510,2009,AMARELO,off road,vw,98697.75
BWX5875,2016,VERMELHO,luxo,cherry,240296.15
SOQ3492,2005,PRETO,luxo,fiat,194380.00
DSY0382,1993,LARANJA,standart,gwm,88667.07
DYY3303,2010,AZUL,luxo,cherry,212288.71
BXL2182,2006,VERMELHO,standart,cherry,99839.16
BYI7146,1997,AMARELO,off road,cherry,137814.29
QGC0261,2020,VERMELHO,off road,fiat,114242.63
SRS1824,2020,LARANJA,off road,gm,159384.83
JWW1891,1994,LARANJA,standart,ford,76594.58
EQX6307,2018,BRANCO,standart,gm,101315.51
PAS1735,1991,AZUL,standart,ford,116335.95
YGR4339,2017,AMARELO,luxo,gm,216950.45
QFC0964,1997,AMARELO,luxo,cherry,248587.79
POM1004,2024,PRETO,luxo,fiat,184390.90
ZXA9269,2025,PRETO,standart,gm,117576.31
DHX7839,1995,LARANJA,luxo,ford,245720.73
YER1380,2003,AMARELO,luxo,fiat,184416.00
ZDG1472,2000,AZUL,luxo,gwm,251421.91
HIX1957,1993,VERDE,standart,ford,109434.26
FMP5792,2015,AZUL,luxo,gwm,149353.69
AXA6993,2024,VERDE,standart,cherry,85969.03
KLS5458,2018,PRETO,luxo,gm,150891.99
GXU1341,2015,AZUL,luxo,fiat,197688.88
FCW3449,2006,AMARELO,standart,fiat,145343.39
YJY0105,2012,PRETO,luxo,gwm,126709.84
LYO2146,2014,AMARELO,luxo,fiat,164261.31
YSI7461,1996,AMARELO,luxo,gwm,236600.10
KRK6396,2016,AMARELO,luxo,vw,149389.07
MFI7198,2015,AZUL,standart,gm,71373.26
AOV6355,2022,PRETO,off road,vw,204677.51
NTG0199,1993,PRETO,luxo,cherry,241190.51
RIM7693,1999,VERDE,luxo,vw,226390.42
TDV2276,2001,AZUL,luxo,fiat,254440.01
BDF8317,2018,LARANJA,off road,vw,187637.09
JSW5360,2000,PRETO,standart,gwm,105557.82
MEU5460,2024,BRANCO,luxo,vw,125845.12
UJY4863,2010,AMARELO,luxo,gwm,228613.21
KXQ2263,1990,PRETO,luxo,gwm,132185.56
FZV0142,2001,BRANCO,off road,ford,165482.08
XLO0313,2022,LARANJA,luxo,fiat,145608.95
ZAP2343,2018,LARANJA,luxo,fiat,141202.93
ZGF2954,2000,BRANCO,standart,ford,75246.69
WIY7634,2002,AZUL,off road,ford,104608.12
BES9720,1996,AMARELO,luxo,cherry,143853.54
HVM8997,2018,AZUL,standart,cherry,143981.23
LKR4866,2007,BRANCO,standart,vw,125926.52
SQG7965,2023,LARANJA,luxo,vw,197166.14
MSZ0989,2007,VERMELHO,off road,ford,129286.45
WPT4133,2009,AZUL,standart,ford,122705.84
DTU3150,2000,PRETO,off road,fiat,151820.22
ZKM2148,2022,AMARELO,luxo,vw,186494.03
AIZ9590,2000,AZUL,luxo,gm,134169.00
MCM0755,2007,AMARELO,luxo,gm,165763.68
DQK2685,2008,VERDE,off road,cherry,115906.39
MDU0397,1999,VERDE,standart,gm,73475.92
UEA5078,2018,PRETO,standart,cherry,148454.41
PLY9040,1992,LARANJA,standart,cherry,107989.26
BEM7984,2011,VERMELHO,off road,ford,114439.41
IKF6273,2012,VERDE,off road,gm,139842.26
HCQ0221,2006,VERMELHO,off road,fiat,161053.26
YJY7709,2005,VERDE,off road,gm,111347.12
MSZ9836,2022,AMARELO,off road,gm,161783.01
UMS7177,2022,VERMELHO,luxo,cherry,248258.21
TCZ6722,2017,BRANCO,standart,cherry,148815.13
HLD5900,1998,AZUL,off road,gwm,154751.68
ZFH4487,2005,BRANCO,luxo,gm,196473.16
PMV7027,2018,AMARELO,standart,cherry,114456.47
SBX4043,2005,VERMELHO,standart,vw,124485.12
WRG8515,1995,BRANCO,off road,cherry,161368.05
KON1752,2017,VERDE,standart,gm,146400.30
BBQ2924,2009,AZUL,off road,gm,139697.55
SKO2273,2007,BRANCO,off road,cherry,140043.20
DCS8650,2019,PRETO,luxo,gm,176286.02
TOM3096,2011,VERMELHO,standart,gm,143181.13
EGN4486,2016,VERDE,luxo,gm,246783.44
PFR7295,2006,LARANJA,standart,cherry,71302.90
MSO5225,2015,BRANCO,off road,gwm,127100.79
RCP8005,2007,LARANJA,standart,cherry,79354.05
VGL1633,2015,AZUL,off road,gm,146743.98
OWN3057,1994,AZUL,standart,ford,108500.61
TVG8124,2014,AZUL,luxo,gm,137620.44
NTR0428,2006,AZUL,luxo,ford,139668.99
QQA4083,1997,VERDE,off road,fiat,173265.19
VTV0935,1990,AZUL,standart,cherry,103478.26
NHA3809,2002,PRETO,off road,ford,125751.73
IQP2331,2023,PRETO,luxo,gm,250174.50
EXN1490,1990,VERDE,standart,ford,103158.31
OGI5921,2017,AMARELO,standart,gm,122194.87
BRN0503,2005,AZUL,standart,cherry,143571.40
JJJ4567,1997,LARANJA,luxo,fiat,203608.49
YZS3797,2023,PRETO,off road,cherry,111053.58
TBC8497,2024,VERMELHO,luxo,fiat,143679.54
DLE7502,2017,BRANCO,luxo,gwm,131514.12
MNR8865,2003,VERMELHO,standart,fiat,110809.73
RNK5784,2002,VERDE,off road,gwm,205571.26
EQQ1454,2002,PRETO,standart,gm,143977.21
XVQ4091,2009,BRANCO,standart,gwm,97815.17
RGR9584,2022,AMARELO,off road,ford,188885.54
GAH7191,1991,VERDE,luxo,gm,137528.57
APY9341,2022,AMARELO,standart,fiat,72970.93
KEX6322,2012,VERDE,luxo,vw,204876.48
WOS0396,2010,AZUL,standart,gwm,144610.38
LRA8240,1999,VERMELHO,luxo,ford,206333.51
FSO8391,2016,VERDE,luxo,ford,228286.71
UHI7036,2016,VERMELHO,off road,gwm,170827.49
FZO9135,2012,PRETO,standart,ford,99542.29
OCR2819,2024,AZUL,standart,cherry,110673.98
AZL5448,2008,AZUL,luxo,fiat,234134.03
SRT0000,2012,AMARELO,off road,ford,163662.63
DQX9380,2021,AMARELO,standart,fiat,99622.29
MTO0611,1994,PRETO,off road,cherry,125990.40
ZFG9436,2025,VERDE,luxo,ford,205684.08
NAQ1227,2005,AMARELO,off road,gm,117389.78
ZJN9417,2017,LARANJA,off road,vw,171172.43
HQA3875,2015,VERMELHO,luxo,gwm,192186.97
IAT5569,2018,BRANCO,standart,fiat,76876.56
KEV3146,2010,VERMELHO,standart,gwm,100854.38
DJR8366,2005,AMARELO,standart,vw,98231.82
LLZ7163,1996,AZUL,off road,vw,159439.66
PYI8010,2012,AMARELO,luxo,gwm,160188.94
FXZ1532,2015,VERMELHO,luxo,ford,251687.91
BFP6837,2005,LARANJA,luxo,ford,165091.69
IFQ1923,2025,AMARELO,standart,gm,84915.28
EGX5751,1990,BRANCO,standart,vw,107986.95
KYV7123,2017,LARANJA,standart,vw,137789.98
WBW5122,2013,LARANJA,off road,ford,101783.80
HEW5589,2020,LARANJA,standart,ford,103804.84
TKD1119,2011,VERMELHO,luxo,gwm,142880.51
AQD2593,1999,LARANJA,luxo,fiat,229514.70
LMD5306,2016,VERMELHO,off road,fiat,196132.23
WOS3484,2022,AZUL,standart,gm,92408.45
DUK0232,2023,BRANCO,standart,gm,97557.51
BMI8589,2022,LARANJA,off road,fiat,163848.81
PZI6597,2016,LARANJA,standart,gm,120508.15
LJY5496,2008,AZUL,luxo,vw,201188.94
GFE4251,2001,AMARELO,luxo,ford,201703.93
JIU6173,2014,PRETO,standart,fiat,70416.27
CZK7374,2019,BRANCO,off road,gm,191085.38
DKK0313,1991,VERMELHO,standart,fiat,119527.09
RTS1555,1997,LARANJA,luxo,gwm,199764.17
VPU3450,1990,VERMELHO,luxo,vw,158823.48
KYC0335,2000,VERMELHO,luxo,ford,219737.98
BGS3986,2024,AMARELO,luxo,vw,177131.70
ACE2604,1996,AZUL,off road,cherry,141491.70
NNA4993,1992,VERMELHO,standart,fiat,146387.86
XLU3383,2018,PRETO,luxo,gwm,172757.31
VFH1381,2004,LARANJA,standart,vw,73852.70
KGE0294,1995,VERMELHO,standart,gm,96491.49
ZHO8014,2022,BRANCO,standart,fiat,87996.91
LIZ0374,2008,AZUL,luxo,fiat,176852.76
QBL2075,2004,VERDE,off road,fiat,131131.29
QOG3441,2007,VERDE,off road,vw,198884.86
CMZ2081,1997,VERMELHO,off road,fiat,132024.11
OHS4668,2022,VERMELHO,luxo,cherry,200520.50
GTY9210,2021,AZUL,luxo,fiat,229038.85
IUT5072,1999,AMARELO,luxo,gm,193536.40
QUO0859,1997,PRETO,standart,vw,118069.27
RYL2655,2018,VERDE,luxo,vw,152885.03
LLX9790,2021,BRANCO,standart,fiat,134842.75
CBK6071,2011,BRANCO,luxo,gwm,250049.99
HYW5535,2003,BRANCO,luxo,ford,254509.56
QVF9508,2012,LARANJA,luxo,ford,121211.96
XWR5698,1996,AZUL,standart,vw,129196.39
XDR3326,1999,BRANCO,off road,gm,145600.86
PIL2562,2017,PRETO,standart,gwm,127048.00
NYW6803,1996,LARANJA,off road,ford,171746.17
GHK3638,2023,VERMELHO,luxo,ford,220392.82
ARU2990,1990,PRETO,luxo,cherry,195678.93
ZWQ7661,2013,VERDE,off road,cherry,181449.08
MOH3205,1995,PRETO,standart,cherry,148996.33
KHS8505,2005,BRANCO,off road,gwm,113402.27
RVX9792,2023,LARANJA,luxo,gm,134570.30
QUP9320,2013,AMARELO,luxo,vw,245219.85
ZNO7702,1990,PRETO,standart,ford,100016.51
LKE0669,1992,VERMELHO,luxo,ford,161660.63
AHQ4275,1994,AZUL,off road,vw,205883.48
AQP9150,2004,AZUL,luxo,gwm,208040.52
OEX0245,2009,AMARELO,off road,gm,171906.17
WRJ4696,1999,AMARELO,luxo,vw,166576.16
UTK4037,2015,PRETO,off road,gm,109260.08
JTZ7901,2007,VERDE,standart,fiat,145049.28
LHK5329,2008,VERDE,standart,gwm,126838.38
RBQ4559,1991,AMARELO,off road,cherry,144431.78
RTB5190,2017,LARANJA,off road,cherry,198608.63
LES7301,1992,BRANCO,luxo,ford,120280.95
QUN8907,2013,LARANJA,off road,vw,139056.18
TJF2106,2024,VERMELHO,luxo,gm,175395.32
XWS8666,2004,VERDE,off road,gwm,151959.95
KKX4278,1990,PRETO,off road,cherry,198404.06
NDH2792,2016,VERDE,luxo,gwm,249410.34
NAS9860,2000,VERMELHO,standart,ford,134440.16
INF9029,1996,AMARELO,standart,cherry,137663.07
AGS9155,1991,VERMELHO,standart,gwm,108061.92
NQV3630,2021,BRANCO,standart,fiat,80986.03
SRW7498,2017,BRANCO,standart,vw,94867.68
REM7598,1995,LARANJA,standart,ford,132066.30
ZPE7635,2008,LARANJA,luxo,cherry,161778.96
SOD0980,2005,LARANJA,off road,fiat,129828.01
ZDP1689,2014,AMARELO,off road,cherry,141345.64
XVB1438,2014,VERDE,luxo,vw,197576.90
SZN2828,2000,PRETO,luxo,gm,149755.57
IWK0852,2013,AZUL,off road,gwm,139899.43
DTB1346,2013,BRANCO,off road,gm,169493.14
ELO6208,2011,VERMELHO,off road,gwm,108365.67
MYI7960,1997,PRETO,off road,vw,193201.17
CSG9706,1996,VERMELHO,luxo,ford,221787.99
FVA6791,2003,BRANCO,luxo,ford,125035.42
HGV1152,2012,VERDE,off road,fiat,151510.91
XNN2546,1996,PRETO,off road,gm,180455.36
ZWS6403,2017,VERMELHO,off road,gwm,207369.89
RSM7324,2009,BRANCO,luxo,ford,226976.64
YLJ3358,1998,BRANCO,standart,gwm,131925.10
VRF1432,2013,BRANCO,off road,fiat,138836.59
IID6640,1998,BRANCO,off road,cherry,148065.15
LHE6280,1996,AZUL,luxo,fiat,219160.40
OZI5066,2019,VERMELHO,luxo,cherry,165420.97
BXB0744,2024,VERMELHO,luxo,fiat,154429.18
MPP7522,1998,PRETO,luxo,gwm,180534.07
CWY8963,2010,PRETO,standart,ford,146704.58
HIV1094,2001,AMARELO,off road,cherry,193078.84
NWF0788,2008,VERDE,off road,vw,196662.91
KGP0094,1999,LARANJA,off road,vw,182492.74
LFN2984,1995,AMARELO,standart,fiat,131876.02
UWV0761,2019,PRETO,off road,cherry,168929.27
SWM6319,2007,LARANJA,off road,fiat,124873.28
TVH6568,2004,VERDE,luxo,gwm,227668.31
TLZ1746,2016,AZUL,off road,fiat,149971.92
QBD9944,1998,PRETO,off road,vw,198602.67
IGM7935,2000,AZUL,luxo,cherry,162056.42
QWV7113,2012,AMARELO,luxo,cherry,166465.94
ROG3857,2002,AZUL,standart,cherry,107965.66
FTB0013,1997,AZUL,standart,vw,103977.20
TRG8683,2000,AZUL,luxo,gwm,138733.59
NLC3083,1996,AZUL,luxo,ford,144705.51
JCA4675,2004,AMARELO,off road,fiat,137322.28
TGH1057,2008,LARANJA,luxo,gm,143675.70
ORE3884,2025,VERDE,standart,vw,80020.26
OJT2777,2017,VERMELHO,standart,ford,103549.56
BYJ1293,1996,PRETO,standart,gm,121812.08
CDK5251,2006,AMARELO,off road,gm,151962.49
FSL5006,1993,VERDE,off road,cherry,155051.95
RDG7825,2023,BRANCO,standart,vw,129831.23
JEY6257,2018,AZUL,luxo,fiat,145271.47
VQO6161,1990,LARANJA,luxo,gm,135209.16
TYP0637,2023,LARANJA,standart,vw,87825.14
FCP7748,2002,PRETO,off road,vw,111035.63
DUG3735,2012,AMARELO,off road,ford,163128.05
MER6347,2001,PRETO,off road,cherry,123738.19
ATO4826,2016,BRANCO,off road,gwm,115449.31
IKX0770,2024,PRETO,off road,fiat,205156.71
JHP9558,2006,VERMELHO,standart,ford,109523.78
STL5301,2001,VERDE,standart,gwm,108499.25
RDT4645,2019,PRETO,standart,gwm,136252.90
MZN5439,2025,AMARELO,standart,ford,98838.20
LRB2169,1995,VERMELHO,off road,gwm,153190.13
STO1395,1999,PRETO,off road,fiat,161194.63
MDX6530,2001,VERMELHO,luxo,cherry,237484.74
UQT0275,2025,LARANJA,off road,fiat,150203.15
ASX4988,2002,AMARELO,luxo,vw,150383.84
OGM6108,1997,BRANCO,standart,gwm,140149.93
DGI8406,1997,VERDE,off road,fiat,108877.91
QFM6611,2005,VERDE,luxo,cherry,176237.10